county,precinct,office,district,party,candidate,votes
Yamhill,1,President,,REP,Donald J. Trump,1321
Yamhill,2,President,,REP,Donald J. Trump,1993
Yamhill,3,President,,REP,Donald J. Trump,2352
Yamhill,4,President,,REP,Donald J. Trump,1695
Yamhill,7,President,,REP,Donald J. Trump,938
Yamhill,9,President,,REP,Donald J. Trump,1721
Yamhill,10,President,,REP,Donald J. Trump,1556
Yamhill,11,President,,REP,Donald J. Trump,1
Yamhill,12,President,,REP,Donald J. Trump,1946
Yamhill,13,President,,REP,Donald J. Trump,2040
Yamhill,14,President,,REP,Donald J. Trump,1263
Yamhill,15,President,,REP,Donald J. Trump,1049
Yamhill,16,President,,REP,Donald J. Trump,1013
Yamhill,17,President,,REP,Donald J. Trump,1117
Yamhill,18,President,,REP,Donald J. Trump,1809
Yamhill,19,President,,REP,Donald J. Trump,1258
Yamhill,20,President,,REP,Donald J. Trump,1159
Yamhill,21,President,,REP,Donald J. Trump,1325
Yamhill,22,President,,REP,Donald J. Trump,1465
Yamhill,26,President,,REP,Donald J. Trump,1323
Yamhill,27,President,,REP,Donald J. Trump,437
Yamhill,28,President,,REP,Donald J. Trump,770
Yamhill,1,President,,DEM,Joseph R. Biden,1112
Yamhill,2,President,,DEM,Joseph R. Biden,2358
Yamhill,3,President,,DEM,Joseph R. Biden,2336
Yamhill,4,President,,DEM,Joseph R. Biden,1797
Yamhill,7,President,,DEM,Joseph R. Biden,982
Yamhill,9,President,,DEM,Joseph R. Biden,1555
Yamhill,10,President,,DEM,Joseph R. Biden,1112
Yamhill,11,President,,DEM,Joseph R. Biden,0
Yamhill,12,President,,DEM,Joseph R. Biden,1111
Yamhill,13,President,,DEM,Joseph R. Biden,1091
Yamhill,14,President,,DEM,Joseph R. Biden,1292
Yamhill,15,President,,DEM,Joseph R. Biden,1275
Yamhill,16,President,,DEM,Joseph R. Biden,1157
Yamhill,17,President,,DEM,Joseph R. Biden,1300
Yamhill,18,President,,DEM,Joseph R. Biden,2509
Yamhill,19,President,,DEM,Joseph R. Biden,1860
Yamhill,20,President,,DEM,Joseph R. Biden,897
Yamhill,21,President,,DEM,Joseph R. Biden,984
Yamhill,22,President,,DEM,Joseph R. Biden,1093
Yamhill,26,President,,DEM,Joseph R. Biden,790
Yamhill,27,President,,DEM,Joseph R. Biden,239
Yamhill,28,President,,DEM,Joseph R. Biden,324
Yamhill,1,President,,LBT,Jo Jorgensen,42
Yamhill,2,President,,LBT,Jo Jorgensen,148
Yamhill,3,President,,LBT,Jo Jorgensen,150
Yamhill,4,President,,LBT,Jo Jorgensen,93
Yamhill,7,President,,LBT,Jo Jorgensen,53
Yamhill,9,President,,LBT,Jo Jorgensen,62
Yamhill,10,President,,LBT,Jo Jorgensen,60
Yamhill,11,President,,LBT,Jo Jorgensen,0
Yamhill,12,President,,LBT,Jo Jorgensen,74
Yamhill,13,President,,LBT,Jo Jorgensen,58
Yamhill,14,President,,LBT,Jo Jorgensen,75
Yamhill,15,President,,LBT,Jo Jorgensen,51
Yamhill,16,President,,LBT,Jo Jorgensen,57
Yamhill,17,President,,LBT,Jo Jorgensen,47
Yamhill,18,President,,LBT,Jo Jorgensen,105
Yamhill,19,President,,LBT,Jo Jorgensen,78
Yamhill,20,President,,LBT,Jo Jorgensen,40
Yamhill,21,President,,LBT,Jo Jorgensen,68
Yamhill,22,President,,LBT,Jo Jorgensen,73
Yamhill,26,President,,LBT,Jo Jorgensen,63
Yamhill,27,President,,LBT,Jo Jorgensen,24
Yamhill,28,President,,LBT,Jo Jorgensen,27
Yamhill,1,President,,PGP,Howie Hawkins,6
Yamhill,2,President,,PGP,Howie Hawkins,28
Yamhill,3,President,,PGP,Howie Hawkins,10
Yamhill,4,President,,PGP,Howie Hawkins,17
Yamhill,7,President,,PGP,Howie Hawkins,9
Yamhill,9,President,,PGP,Howie Hawkins,8
Yamhill,10,President,,PGP,Howie Hawkins,14
Yamhill,11,President,,PGP,Howie Hawkins,0
Yamhill,12,President,,PGP,Howie Hawkins,12
Yamhill,13,President,,PGP,Howie Hawkins,17
Yamhill,14,President,,PGP,Howie Hawkins,7
Yamhill,15,President,,PGP,Howie Hawkins,17
Yamhill,16,President,,PGP,Howie Hawkins,11
Yamhill,17,President,,PGP,Howie Hawkins,17
Yamhill,18,President,,PGP,Howie Hawkins,16
Yamhill,19,President,,PGP,Howie Hawkins,14
Yamhill,20,President,,PGP,Howie Hawkins,10
Yamhill,21,President,,PGP,Howie Hawkins,10
Yamhill,22,President,,PGP,Howie Hawkins,15
Yamhill,26,President,,PGP,Howie Hawkins,10
Yamhill,27,President,,PGP,Howie Hawkins,4
Yamhill,28,President,,PGP,Howie Hawkins,2
Yamhill,1,President,,PRO,Dario Hunter,2
Yamhill,2,President,,PRO,Dario Hunter,8
Yamhill,3,President,,PRO,Dario Hunter,8
Yamhill,4,President,,PRO,Dario Hunter,11
Yamhill,7,President,,PRO,Dario Hunter,2
Yamhill,9,President,,PRO,Dario Hunter,5
Yamhill,10,President,,PRO,Dario Hunter,5
Yamhill,11,President,,PRO,Dario Hunter,0
Yamhill,12,President,,PRO,Dario Hunter,3
Yamhill,13,President,,PRO,Dario Hunter,5
Yamhill,14,President,,PRO,Dario Hunter,4
Yamhill,15,President,,PRO,Dario Hunter,6
Yamhill,16,President,,PRO,Dario Hunter,2
Yamhill,17,President,,PRO,Dario Hunter,7
Yamhill,18,President,,PRO,Dario Hunter,11
Yamhill,19,President,,PRO,Dario Hunter,10
Yamhill,20,President,,PRO,Dario Hunter,3
Yamhill,21,President,,PRO,Dario Hunter,7
Yamhill,22,President,,PRO,Dario Hunter,7
Yamhill,26,President,,PRO,Dario Hunter,7
Yamhill,27,President,,PRO,Dario Hunter,4
Yamhill,28,President,,PRO,Dario Hunter,2
Yamhill,1,President,,,Write-ins,16
Yamhill,2,President,,,Write-ins,42
Yamhill,3,President,,,Write-ins,58
Yamhill,4,President,,,Write-ins,42
Yamhill,7,President,,,Write-ins,15
Yamhill,9,President,,,Write-ins,17
Yamhill,10,President,,,Write-ins,12
Yamhill,11,President,,,Write-ins,0
Yamhill,12,President,,,Write-ins,10
Yamhill,13,President,,,Write-ins,18
Yamhill,14,President,,,Write-ins,12
Yamhill,15,President,,,Write-ins,13
Yamhill,16,President,,,Write-ins,11
Yamhill,17,President,,,Write-ins,10
Yamhill,18,President,,,Write-ins,21
Yamhill,19,President,,,Write-ins,19
Yamhill,20,President,,,Write-ins,10
Yamhill,21,President,,,Write-ins,16
Yamhill,22,President,,,Write-ins,13
Yamhill,26,President,,,Write-ins,9
Yamhill,27,President,,,Write-ins,10
Yamhill,28,President,,,Write-ins,3
Yamhill,1,President,,,Under Votes,32
Yamhill,2,President,,,Under Votes,53
Yamhill,3,President,,,Under Votes,51
Yamhill,4,President,,,Under Votes,40
Yamhill,7,President,,,Under Votes,19
Yamhill,9,President,,,Under Votes,39
Yamhill,10,President,,,Under Votes,22
Yamhill,11,President,,,Under Votes,0
Yamhill,12,President,,,Under Votes,23
Yamhill,13,President,,,Under Votes,28
Yamhill,14,President,,,Under Votes,19
Yamhill,15,President,,,Under Votes,17
Yamhill,16,President,,,Under Votes,25
Yamhill,17,President,,,Under Votes,21
Yamhill,18,President,,,Under Votes,39
Yamhill,19,President,,,Under Votes,31
Yamhill,20,President,,,Under Votes,16
Yamhill,21,President,,,Under Votes,21
Yamhill,22,President,,,Under Votes,30
Yamhill,26,President,,,Under Votes,20
Yamhill,27,President,,,Under Votes,5
Yamhill,28,President,,,Under Votes,9
Yamhill,1,President,,,Over Votes,1
Yamhill,2,President,,,Over Votes,4
Yamhill,3,President,,,Over Votes,2
Yamhill,4,President,,,Over Votes,0
Yamhill,7,President,,,Over Votes,0
Yamhill,9,President,,,Over Votes,1
Yamhill,10,President,,,Over Votes,0
Yamhill,11,President,,,Over Votes,0
Yamhill,12,President,,,Over Votes,1
Yamhill,13,President,,,Over Votes,1
Yamhill,14,President,,,Over Votes,0
Yamhill,15,President,,,Over Votes,0
Yamhill,16,President,,,Over Votes,1
Yamhill,17,President,,,Over Votes,0
Yamhill,18,President,,,Over Votes,2
Yamhill,19,President,,,Over Votes,2
Yamhill,20,President,,,Over Votes,1
Yamhill,21,President,,,Over Votes,1
Yamhill,22,President,,,Over Votes,2
Yamhill,26,President,,,Over Votes,0
Yamhill,27,President,,,Over Votes,1
Yamhill,28,President,,,Over Votes,0
Yamhill,1,U.S. Senate,,REP,Jo Rae Perkins,1335
Yamhill,2,U.S. Senate,,REP,Jo Rae Perkins,1924
Yamhill,3,U.S. Senate,,REP,Jo Rae Perkins,2324
Yamhill,4,U.S. Senate,,REP,Jo Rae Perkins,1630
Yamhill,7,U.S. Senate,,REP,Jo Rae Perkins,890
Yamhill,9,U.S. Senate,,REP,Jo Rae Perkins,1679
Yamhill,10,U.S. Senate,,REP,Jo Rae Perkins,1479
Yamhill,11,U.S. Senate,,REP,Jo Rae Perkins,1
Yamhill,12,U.S. Senate,,REP,Jo Rae Perkins,1821
Yamhill,13,U.S. Senate,,REP,Jo Rae Perkins,1960
Yamhill,14,U.S. Senate,,REP,Jo Rae Perkins,1197
Yamhill,15,U.S. Senate,,REP,Jo Rae Perkins,961
Yamhill,16,U.S. Senate,,REP,Jo Rae Perkins,970
Yamhill,17,U.S. Senate,,REP,Jo Rae Perkins,1023
Yamhill,18,U.S. Senate,,REP,Jo Rae Perkins,1745
Yamhill,19,U.S. Senate,,REP,Jo Rae Perkins,1137
Yamhill,20,U.S. Senate,,REP,Jo Rae Perkins,1136
Yamhill,21,U.S. Senate,,REP,Jo Rae Perkins,1273
Yamhill,22,U.S. Senate,,REP,Jo Rae Perkins,1366
Yamhill,26,U.S. Senate,,REP,Jo Rae Perkins,1191
Yamhill,27,U.S. Senate,,REP,Jo Rae Perkins,398
Yamhill,28,U.S. Senate,,REP,Jo Rae Perkins,737
Yamhill,1,U.S. Senate,,DEM,Jeff Merkley,1042
Yamhill,2,U.S. Senate,,DEM,Jeff Merkley,2315
Yamhill,3,U.S. Senate,,DEM,Jeff Merkley,2258
Yamhill,4,U.S. Senate,,DEM,Jeff Merkley,1767
Yamhill,7,U.S. Senate,,DEM,Jeff Merkley,954
Yamhill,9,U.S. Senate,,DEM,Jeff Merkley,1530
Yamhill,10,U.S. Senate,,DEM,Jeff Merkley,1137
Yamhill,11,U.S. Senate,,DEM,Jeff Merkley,0
Yamhill,12,U.S. Senate,,DEM,Jeff Merkley,1134
Yamhill,13,U.S. Senate,,DEM,Jeff Merkley,1104
Yamhill,14,U.S. Senate,,DEM,Jeff Merkley,1279
Yamhill,15,U.S. Senate,,DEM,Jeff Merkley,1273
Yamhill,16,U.S. Senate,,DEM,Jeff Merkley,1128
Yamhill,17,U.S. Senate,,DEM,Jeff Merkley,1303
Yamhill,18,U.S. Senate,,DEM,Jeff Merkley,2477
Yamhill,19,U.S. Senate,,DEM,Jeff Merkley,1832
Yamhill,20,U.S. Senate,,DEM,Jeff Merkley,874
Yamhill,21,U.S. Senate,,DEM,Jeff Merkley,972
Yamhill,22,U.S. Senate,,DEM,Jeff Merkley,1097
Yamhill,26,U.S. Senate,,DEM,Jeff Merkley,836
Yamhill,27,U.S. Senate,,DEM,Jeff Merkley,262
Yamhill,28,U.S. Senate,,DEM,Jeff Merkley,319
Yamhill,1,U.S. Senate,,PGP,Ibrahim A. Taher,29
Yamhill,2,U.S. Senate,,PGP,Ibrahim A. Taher,94
Yamhill,3,U.S. Senate,,PGP,Ibrahim A. Taher,66
Yamhill,4,U.S. Senate,,PGP,Ibrahim A. Taher,61
Yamhill,7,U.S. Senate,,PGP,Ibrahim A. Taher,43
Yamhill,9,U.S. Senate,,PGP,Ibrahim A. Taher,44
Yamhill,10,U.S. Senate,,PGP,Ibrahim A. Taher,38
Yamhill,11,U.S. Senate,,PGP,Ibrahim A. Taher,0
Yamhill,12,U.S. Senate,,PGP,Ibrahim A. Taher,36
Yamhill,13,U.S. Senate,,PGP,Ibrahim A. Taher,32
Yamhill,14,U.S. Senate,,PGP,Ibrahim A. Taher,43
Yamhill,15,U.S. Senate,,PGP,Ibrahim A. Taher,34
Yamhill,16,U.S. Senate,,PGP,Ibrahim A. Taher,36
Yamhill,17,U.S. Senate,,PGP,Ibrahim A. Taher,30
Yamhill,18,U.S. Senate,,PGP,Ibrahim A. Taher,62
Yamhill,19,U.S. Senate,,PGP,Ibrahim A. Taher,84
Yamhill,20,U.S. Senate,,PGP,Ibrahim A. Taher,24
Yamhill,21,U.S. Senate,,PGP,Ibrahim A. Taher,29
Yamhill,22,U.S. Senate,,PGP,Ibrahim A. Taher,47
Yamhill,26,U.S. Senate,,PGP,Ibrahim A. Taher,36
Yamhill,27,U.S. Senate,,PGP,Ibrahim A. Taher,21
Yamhill,28,U.S. Senate,,PGP,Ibrahim A. Taher,11
Yamhill,1,U.S. Senate,,LBT,Gary Dye,40
Yamhill,2,U.S. Senate,,LBT,Gary Dye,131
Yamhill,3,U.S. Senate,,LBT,Gary Dye,126
Yamhill,4,U.S. Senate,,LBT,Gary Dye,72
Yamhill,7,U.S. Senate,,LBT,Gary Dye,42
Yamhill,9,U.S. Senate,,LBT,Gary Dye,72
Yamhill,10,U.S. Senate,,LBT,Gary Dye,55
Yamhill,11,U.S. Senate,,LBT,Gary Dye,0
Yamhill,12,U.S. Senate,,LBT,Gary Dye,73
Yamhill,13,U.S. Senate,,LBT,Gary Dye,58
Yamhill,14,U.S. Senate,,LBT,Gary Dye,56
Yamhill,15,U.S. Senate,,LBT,Gary Dye,49
Yamhill,16,U.S. Senate,,LBT,Gary Dye,41
Yamhill,17,U.S. Senate,,LBT,Gary Dye,53
Yamhill,18,U.S. Senate,,LBT,Gary Dye,95
Yamhill,19,U.S. Senate,,LBT,Gary Dye,75
Yamhill,20,U.S. Senate,,LBT,Gary Dye,38
Yamhill,21,U.S. Senate,,LBT,Gary Dye,68
Yamhill,22,U.S. Senate,,LBT,Gary Dye,74
Yamhill,26,U.S. Senate,,LBT,Gary Dye,64
Yamhill,27,U.S. Senate,,LBT,Gary Dye,20
Yamhill,28,U.S. Senate,,LBT,Gary Dye,33
Yamhill,1,U.S. Senate,,,Write-ins,1
Yamhill,2,U.S. Senate,,,Write-ins,9
Yamhill,3,U.S. Senate,,,Write-ins,10
Yamhill,4,U.S. Senate,,,Write-ins,3
Yamhill,7,U.S. Senate,,,Write-ins,0
Yamhill,9,U.S. Senate,,,Write-ins,1
Yamhill,10,U.S. Senate,,,Write-ins,0
Yamhill,11,U.S. Senate,,,Write-ins,0
Yamhill,12,U.S. Senate,,,Write-ins,2
Yamhill,13,U.S. Senate,,,Write-ins,4
Yamhill,14,U.S. Senate,,,Write-ins,0
Yamhill,15,U.S. Senate,,,Write-ins,1
Yamhill,16,U.S. Senate,,,Write-ins,2
Yamhill,17,U.S. Senate,,,Write-ins,0
Yamhill,18,U.S. Senate,,,Write-ins,4
Yamhill,19,U.S. Senate,,,Write-ins,7
Yamhill,20,U.S. Senate,,,Write-ins,1
Yamhill,21,U.S. Senate,,,Write-ins,1
Yamhill,22,U.S. Senate,,,Write-ins,2
Yamhill,26,U.S. Senate,,,Write-ins,5
Yamhill,27,U.S. Senate,,,Write-ins,1
Yamhill,28,U.S. Senate,,,Write-ins,1
Yamhill,1,U.S. Senate,,,Under Votes,85
Yamhill,2,U.S. Senate,,,Under Votes,161
Yamhill,3,U.S. Senate,,,Under Votes,183
Yamhill,4,U.S. Senate,,,Under Votes,162
Yamhill,7,U.S. Senate,,,Under Votes,89
Yamhill,9,U.S. Senate,,,Under Votes,82
Yamhill,10,U.S. Senate,,,Under Votes,71
Yamhill,11,U.S. Senate,,,Under Votes,0
Yamhill,12,U.S. Senate,,,Under Votes,114
Yamhill,13,U.S. Senate,,,Under Votes,100
Yamhill,14,U.S. Senate,,,Under Votes,96
Yamhill,15,U.S. Senate,,,Under Votes,109
Yamhill,16,U.S. Senate,,,Under Votes,99
Yamhill,17,U.S. Senate,,,Under Votes,110
Yamhill,18,U.S. Senate,,,Under Votes,129
Yamhill,19,U.S. Senate,,,Under Votes,135
Yamhill,20,U.S. Senate,,,Under Votes,63
Yamhill,21,U.S. Senate,,,Under Votes,89
Yamhill,22,U.S. Senate,,,Under Votes,112
Yamhill,26,U.S. Senate,,,Under Votes,90
Yamhill,27,U.S. Senate,,,Under Votes,22
Yamhill,28,U.S. Senate,,,Under Votes,35
Yamhill,1,U.S. Senate,,,Over Votes,0
Yamhill,2,U.S. Senate,,,Over Votes,0
Yamhill,3,U.S. Senate,,,Over Votes,0
Yamhill,4,U.S. Senate,,,Over Votes,0
Yamhill,7,U.S. Senate,,,Over Votes,0
Yamhill,9,U.S. Senate,,,Over Votes,0
Yamhill,10,U.S. Senate,,,Over Votes,1
Yamhill,11,U.S. Senate,,,Over Votes,0
Yamhill,12,U.S. Senate,,,Over Votes,0
Yamhill,13,U.S. Senate,,,Over Votes,0
Yamhill,14,U.S. Senate,,,Over Votes,1
Yamhill,15,U.S. Senate,,,Over Votes,1
Yamhill,16,U.S. Senate,,,Over Votes,1
Yamhill,17,U.S. Senate,,,Over Votes,0
Yamhill,18,U.S. Senate,,,Over Votes,0
Yamhill,19,U.S. Senate,,,Over Votes,2
Yamhill,20,U.S. Senate,,,Over Votes,0
Yamhill,21,U.S. Senate,,,Over Votes,0
Yamhill,22,U.S. Senate,,,Over Votes,0
Yamhill,26,U.S. Senate,,,Over Votes,0
Yamhill,27,U.S. Senate,,,Over Votes,0
Yamhill,28,U.S. Senate,,,Over Votes,1
Yamhill,1,U.S. House,1,DEM,Suzanne Bonamici,1074
Yamhill,2,U.S. House,1,DEM,Suzanne Bonamici,2402
Yamhill,3,U.S. House,1,DEM,Suzanne Bonamici,2353
Yamhill,4,U.S. House,1,DEM,Suzanne Bonamici,1837
Yamhill,7,U.S. House,1,DEM,Suzanne Bonamici,1004
Yamhill,9,U.S. House,1,DEM,Suzanne Bonamici,1549
Yamhill,10,U.S. House,1,DEM,Suzanne Bonamici,1167
Yamhill,11,U.S. House,1,DEM,Suzanne Bonamici,0
Yamhill,12,U.S. House,1,DEM,Suzanne Bonamici,1135
Yamhill,13,U.S. House,1,DEM,Suzanne Bonamici,1119
Yamhill,14,U.S. House,1,DEM,Suzanne Bonamici,1313
Yamhill,15,U.S. House,1,DEM,Suzanne Bonamici,1290
Yamhill,16,U.S. House,1,DEM,Suzanne Bonamici,1182
Yamhill,17,U.S. House,1,DEM,Suzanne Bonamici,1338
Yamhill,18,U.S. House,1,DEM,Suzanne Bonamici,2551
Yamhill,19,U.S. House,1,DEM,Suzanne Bonamici,1876
Yamhill,20,U.S. House,1,DEM,Suzanne Bonamici,894
Yamhill,21,U.S. House,1,DEM,Suzanne Bonamici,993
Yamhill,22,U.S. House,1,DEM,Suzanne Bonamici,1132
Yamhill,26,U.S. House,1,DEM,Suzanne Bonamici,857
Yamhill,27,U.S. House,1,DEM,Suzanne Bonamici,273
Yamhill,28,U.S. House,1,DEM,Suzanne Bonamici,336
Yamhill,1,U.S. House,1,REP,Christopher C. Christensen,1346
Yamhill,2,U.S. House,1,REP,Christopher C. Christensen,1984
Yamhill,3,U.S. House,1,REP,Christopher C. Christensen,2341
Yamhill,4,U.S. House,1,REP,Christopher C. Christensen,1638
Yamhill,7,U.S. House,1,REP,Christopher C. Christensen,894
Yamhill,9,U.S. House,1,REP,Christopher C. Christensen,1718
Yamhill,10,U.S. House,1,REP,Christopher C. Christensen,1484
Yamhill,11,U.S. House,1,REP,Christopher C. Christensen,1
Yamhill,12,U.S. House,1,REP,Christopher C. Christensen,1871
Yamhill,13,U.S. House,1,REP,Christopher C. Christensen,1999
Yamhill,14,U.S. House,1,REP,Christopher C. Christensen,1203
Yamhill,15,U.S. House,1,REP,Christopher C. Christensen,992
Yamhill,16,U.S. House,1,REP,Christopher C. Christensen,964
Yamhill,17,U.S. House,1,REP,Christopher C. Christensen,1023
Yamhill,18,U.S. House,1,REP,Christopher C. Christensen,1764
Yamhill,19,U.S. House,1,REP,Christopher C. Christensen,1195
Yamhill,20,U.S. House,1,REP,Christopher C. Christensen,1154
Yamhill,21,U.S. House,1,REP,Christopher C. Christensen,1305
Yamhill,22,U.S. House,1,REP,Christopher C. Christensen,1407
Yamhill,26,U.S. House,1,REP,Christopher C. Christensen,1218
Yamhill,27,U.S. House,1,REP,Christopher C. Christensen,422
Yamhill,28,U.S. House,1,REP,Christopher C. Christensen,750
Yamhill,1,U.S. House,1,,Write-ins,3
Yamhill,2,U.S. House,1,,Write-ins,7
Yamhill,3,U.S. House,1,,Write-ins,10
Yamhill,4,U.S. House,1,,Write-ins,7
Yamhill,7,U.S. House,1,,Write-ins,4
Yamhill,9,U.S. House,1,,Write-ins,1
Yamhill,10,U.S. House,1,,Write-ins,8
Yamhill,11,U.S. House,1,,Write-ins,0
Yamhill,12,U.S. House,1,,Write-ins,5
Yamhill,13,U.S. House,1,,Write-ins,4
Yamhill,14,U.S. House,1,,Write-ins,2
Yamhill,15,U.S. House,1,,Write-ins,5
Yamhill,16,U.S. House,1,,Write-ins,3
Yamhill,17,U.S. House,1,,Write-ins,2
Yamhill,18,U.S. House,1,,Write-ins,7
Yamhill,19,U.S. House,1,,Write-ins,6
Yamhill,20,U.S. House,1,,Write-ins,2
Yamhill,21,U.S. House,1,,Write-ins,5
Yamhill,22,U.S. House,1,,Write-ins,7
Yamhill,26,U.S. House,1,,Write-ins,7
Yamhill,27,U.S. House,1,,Write-ins,0
Yamhill,28,U.S. House,1,,Write-ins,1
Yamhill,1,U.S. House,1,,Under Votes,109
Yamhill,2,U.S. House,1,,Under Votes,241
Yamhill,3,U.S. House,1,,Under Votes,263
Yamhill,4,U.S. House,1,,Under Votes,213
Yamhill,7,U.S. House,1,,Under Votes,116
Yamhill,9,U.S. House,1,,Under Votes,140
Yamhill,10,U.S. House,1,,Under Votes,122
Yamhill,11,U.S. House,1,,Under Votes,0
Yamhill,12,U.S. House,1,,Under Votes,169
Yamhill,13,U.S. House,1,,Under Votes,136
Yamhill,14,U.S. House,1,,Under Votes,154
Yamhill,15,U.S. House,1,,Under Votes,141
Yamhill,16,U.S. House,1,,Under Votes,128
Yamhill,17,U.S. House,1,,Under Votes,156
Yamhill,18,U.S. House,1,,Under Votes,190
Yamhill,19,U.S. House,1,,Under Votes,194
Yamhill,20,U.S. House,1,,Under Votes,86
Yamhill,21,U.S. House,1,,Under Votes,129
Yamhill,22,U.S. House,1,,Under Votes,152
Yamhill,26,U.S. House,1,,Under Votes,140
Yamhill,27,U.S. House,1,,Under Votes,29
Yamhill,28,U.S. House,1,,Under Votes,50
Yamhill,1,U.S. House,1,,Over Votes,0
Yamhill,2,U.S. House,1,,Over Votes,0
Yamhill,3,U.S. House,1,,Over Votes,0
Yamhill,4,U.S. House,1,,Over Votes,0
Yamhill,7,U.S. House,1,,Over Votes,0
Yamhill,9,U.S. House,1,,Over Votes,0
Yamhill,10,U.S. House,1,,Over Votes,0
Yamhill,11,U.S. House,1,,Over Votes,0
Yamhill,12,U.S. House,1,,Over Votes,0
Yamhill,13,U.S. House,1,,Over Votes,0
Yamhill,14,U.S. House,1,,Over Votes,0
Yamhill,15,U.S. House,1,,Over Votes,0
Yamhill,16,U.S. House,1,,Over Votes,0
Yamhill,17,U.S. House,1,,Over Votes,0
Yamhill,18,U.S. House,1,,Over Votes,0
Yamhill,19,U.S. House,1,,Over Votes,1
Yamhill,20,U.S. House,1,,Over Votes,0
Yamhill,21,U.S. House,1,,Over Votes,0
Yamhill,22,U.S. House,1,,Over Votes,0
Yamhill,26,U.S. House,1,,Over Votes,0
Yamhill,27,U.S. House,1,,Over Votes,0
Yamhill,28,U.S. House,1,,Over Votes,0
Yamhill,1,Secretary of State,,PGP,Nathalie Paravicini,64
Yamhill,2,Secretary of State,,PGP,Nathalie Paravicini,183
Yamhill,3,Secretary of State,,PGP,Nathalie Paravicini,155
Yamhill,4,Secretary of State,,PGP,Nathalie Paravicini,157
Yamhill,7,Secretary of State,,PGP,Nathalie Paravicini,77
Yamhill,9,Secretary of State,,PGP,Nathalie Paravicini,87
Yamhill,10,Secretary of State,,PGP,Nathalie Paravicini,80
Yamhill,11,Secretary of State,,PGP,Nathalie Paravicini,0
Yamhill,12,Secretary of State,,PGP,Nathalie Paravicini,106
Yamhill,13,Secretary of State,,PGP,Nathalie Paravicini,77
Yamhill,14,Secretary of State,,PGP,Nathalie Paravicini,96
Yamhill,15,Secretary of State,,PGP,Nathalie Paravicini,91
Yamhill,16,Secretary of State,,PGP,Nathalie Paravicini,82
Yamhill,17,Secretary of State,,PGP,Nathalie Paravicini,55
Yamhill,18,Secretary of State,,PGP,Nathalie Paravicini,132
Yamhill,19,Secretary of State,,PGP,Nathalie Paravicini,146
Yamhill,20,Secretary of State,,PGP,Nathalie Paravicini,56
Yamhill,21,Secretary of State,,PGP,Nathalie Paravicini,73
Yamhill,22,Secretary of State,,PGP,Nathalie Paravicini,114
Yamhill,26,Secretary of State,,PGP,Nathalie Paravicini,62
Yamhill,27,Secretary of State,,PGP,Nathalie Paravicini,33
Yamhill,28,Secretary of State,,PGP,Nathalie Paravicini,28
Yamhill,1,Secretary of State,,LBT,Kyle Markley,51
Yamhill,2,Secretary of State,,LBT,Kyle Markley,187
Yamhill,3,Secretary of State,,LBT,Kyle Markley,147
Yamhill,4,Secretary of State,,LBT,Kyle Markley,102
Yamhill,7,Secretary of State,,LBT,Kyle Markley,63
Yamhill,9,Secretary of State,,LBT,Kyle Markley,75
Yamhill,10,Secretary of State,,LBT,Kyle Markley,64
Yamhill,11,Secretary of State,,LBT,Kyle Markley,0
Yamhill,12,Secretary of State,,LBT,Kyle Markley,91
Yamhill,13,Secretary of State,,LBT,Kyle Markley,97
Yamhill,14,Secretary of State,,LBT,Kyle Markley,84
Yamhill,15,Secretary of State,,LBT,Kyle Markley,68
Yamhill,16,Secretary of State,,LBT,Kyle Markley,74
Yamhill,17,Secretary of State,,LBT,Kyle Markley,82
Yamhill,18,Secretary of State,,LBT,Kyle Markley,119
Yamhill,19,Secretary of State,,LBT,Kyle Markley,101
Yamhill,20,Secretary of State,,LBT,Kyle Markley,50
Yamhill,21,Secretary of State,,LBT,Kyle Markley,89
Yamhill,22,Secretary of State,,LBT,Kyle Markley,90
Yamhill,26,Secretary of State,,LBT,Kyle Markley,84
Yamhill,27,Secretary of State,,LBT,Kyle Markley,37
Yamhill,28,Secretary of State,,LBT,Kyle Markley,39
Yamhill,1,Secretary of State,,REP,Kim Thatcher,1441
Yamhill,2,Secretary of State,,REP,Kim Thatcher,2134
Yamhill,3,Secretary of State,,REP,Kim Thatcher,2544
Yamhill,4,Secretary of State,,REP,Kim Thatcher,1805
Yamhill,7,Secretary of State,,REP,Kim Thatcher,980
Yamhill,9,Secretary of State,,REP,Kim Thatcher,1842
Yamhill,10,Secretary of State,,REP,Kim Thatcher,1562
Yamhill,11,Secretary of State,,REP,Kim Thatcher,1
Yamhill,12,Secretary of State,,REP,Kim Thatcher,1909
Yamhill,13,Secretary of State,,REP,Kim Thatcher,2035
Yamhill,14,Secretary of State,,REP,Kim Thatcher,1258
Yamhill,15,Secretary of State,,REP,Kim Thatcher,1037
Yamhill,16,Secretary of State,,REP,Kim Thatcher,992
Yamhill,17,Secretary of State,,REP,Kim Thatcher,1108
Yamhill,18,Secretary of State,,REP,Kim Thatcher,1944
Yamhill,19,Secretary of State,,REP,Kim Thatcher,1243
Yamhill,20,Secretary of State,,REP,Kim Thatcher,1177
Yamhill,21,Secretary of State,,REP,Kim Thatcher,1327
Yamhill,22,Secretary of State,,REP,Kim Thatcher,1423
Yamhill,26,Secretary of State,,REP,Kim Thatcher,1240
Yamhill,27,Secretary of State,,REP,Kim Thatcher,410
Yamhill,28,Secretary of State,,REP,Kim Thatcher,753
Yamhill,1,Secretary of State,,DEM,Shemia Fagan,865
Yamhill,2,Secretary of State,,DEM,Shemia Fagan,1864
Yamhill,3,Secretary of State,,DEM,Shemia Fagan,1856
Yamhill,4,Secretary of State,,DEM,Shemia Fagan,1420
Yamhill,7,Secretary of State,,DEM,Shemia Fagan,796
Yamhill,9,Secretary of State,,DEM,Shemia Fagan,1253
Yamhill,10,Secretary of State,,DEM,Shemia Fagan,960
Yamhill,11,Secretary of State,,DEM,Shemia Fagan,0
Yamhill,12,Secretary of State,,DEM,Shemia Fagan,900
Yamhill,13,Secretary of State,,DEM,Shemia Fagan,912
Yamhill,14,Secretary of State,,DEM,Shemia Fagan,1077
Yamhill,15,Secretary of State,,DEM,Shemia Fagan,1084
Yamhill,16,Secretary of State,,DEM,Shemia Fagan,997
Yamhill,17,Secretary of State,,DEM,Shemia Fagan,1114
Yamhill,18,Secretary of State,,DEM,Shemia Fagan,2076
Yamhill,19,Secretary of State,,DEM,Shemia Fagan,1573
Yamhill,20,Secretary of State,,DEM,Shemia Fagan,751
Yamhill,21,Secretary of State,,DEM,Shemia Fagan,810
Yamhill,22,Secretary of State,,DEM,Shemia Fagan,916
Yamhill,26,Secretary of State,,DEM,Shemia Fagan,708
Yamhill,27,Secretary of State,,DEM,Shemia Fagan,208
Yamhill,28,Secretary of State,,DEM,Shemia Fagan,263
Yamhill,1,Secretary of State,,,Write-ins,1
Yamhill,2,Secretary of State,,,Write-ins,7
Yamhill,3,Secretary of State,,,Write-ins,3
Yamhill,4,Secretary of State,,,Write-ins,4
Yamhill,7,Secretary of State,,,Write-ins,2
Yamhill,9,Secretary of State,,,Write-ins,2
Yamhill,10,Secretary of State,,,Write-ins,1
Yamhill,11,Secretary of State,,,Write-ins,0
Yamhill,12,Secretary of State,,,Write-ins,3
Yamhill,13,Secretary of State,,,Write-ins,0
Yamhill,14,Secretary of State,,,Write-ins,0
Yamhill,15,Secretary of State,,,Write-ins,1
Yamhill,16,Secretary of State,,,Write-ins,0
Yamhill,17,Secretary of State,,,Write-ins,1
Yamhill,18,Secretary of State,,,Write-ins,4
Yamhill,19,Secretary of State,,,Write-ins,6
Yamhill,20,Secretary of State,,,Write-ins,1
Yamhill,21,Secretary of State,,,Write-ins,1
Yamhill,22,Secretary of State,,,Write-ins,3
Yamhill,26,Secretary of State,,,Write-ins,0
Yamhill,27,Secretary of State,,,Write-ins,1
Yamhill,28,Secretary of State,,,Write-ins,1
Yamhill,1,Secretary of State,,,Under Votes,103
Yamhill,2,Secretary of State,,,Under Votes,250
Yamhill,3,Secretary of State,,,Under Votes,255
Yamhill,4,Secretary of State,,,Under Votes,200
Yamhill,7,Secretary of State,,,Under Votes,98
Yamhill,9,Secretary of State,,,Under Votes,139
Yamhill,10,Secretary of State,,,Under Votes,111
Yamhill,11,Secretary of State,,,Under Votes,0
Yamhill,12,Secretary of State,,,Under Votes,164
Yamhill,13,Secretary of State,,,Under Votes,132
Yamhill,14,Secretary of State,,,Under Votes,156
Yamhill,15,Secretary of State,,,Under Votes,144
Yamhill,16,Secretary of State,,,Under Votes,129
Yamhill,17,Secretary of State,,,Under Votes,148
Yamhill,18,Secretary of State,,,Under Votes,225
Yamhill,19,Secretary of State,,,Under Votes,190
Yamhill,20,Secretary of State,,,Under Votes,97
Yamhill,21,Secretary of State,,,Under Votes,128
Yamhill,22,Secretary of State,,,Under Votes,144
Yamhill,26,Secretary of State,,,Under Votes,123
Yamhill,27,Secretary of State,,,Under Votes,35
Yamhill,28,Secretary of State,,,Under Votes,52
Yamhill,1,Secretary of State,,,Over Votes,0
Yamhill,2,Secretary of State,,,Over Votes,1
Yamhill,3,Secretary of State,,,Over Votes,0
Yamhill,4,Secretary of State,,,Over Votes,0
Yamhill,7,Secretary of State,,,Over Votes,0
Yamhill,9,Secretary of State,,,Over Votes,0
Yamhill,10,Secretary of State,,,Over Votes,1
Yamhill,11,Secretary of State,,,Over Votes,0
Yamhill,12,Secretary of State,,,Over Votes,0
Yamhill,13,Secretary of State,,,Over Votes,1
Yamhill,14,Secretary of State,,,Over Votes,0
Yamhill,15,Secretary of State,,,Over Votes,0
Yamhill,16,Secretary of State,,,Over Votes,1
Yamhill,17,Secretary of State,,,Over Votes,1
Yamhill,18,Secretary of State,,,Over Votes,0
Yamhill,19,Secretary of State,,,Over Votes,1
Yamhill,20,Secretary of State,,,Over Votes,0
Yamhill,21,Secretary of State,,,Over Votes,0
Yamhill,22,Secretary of State,,,Over Votes,0
Yamhill,26,Secretary of State,,,Over Votes,0
Yamhill,27,Secretary of State,,,Over Votes,0
Yamhill,28,Secretary of State,,,Over Votes,0
Yamhill,1,State Treasurer,,CON,Michael P. Marsh,58
Yamhill,2,State Treasurer,,CON,Michael P. Marsh,144
Yamhill,3,State Treasurer,,CON,Michael P. Marsh,152
Yamhill,4,State Treasurer,,CON,Michael P. Marsh,110
Yamhill,7,State Treasurer,,CON,Michael P. Marsh,70
Yamhill,9,State Treasurer,,CON,Michael P. Marsh,64
Yamhill,10,State Treasurer,,CON,Michael P. Marsh,89
Yamhill,11,State Treasurer,,CON,Michael P. Marsh,0
Yamhill,12,State Treasurer,,CON,Michael P. Marsh,98
Yamhill,13,State Treasurer,,CON,Michael P. Marsh,78
Yamhill,14,State Treasurer,,CON,Michael P. Marsh,90
Yamhill,15,State Treasurer,,CON,Michael P. Marsh,84
Yamhill,16,State Treasurer,,CON,Michael P. Marsh,75
Yamhill,17,State Treasurer,,CON,Michael P. Marsh,65
Yamhill,18,State Treasurer,,CON,Michael P. Marsh,97
Yamhill,19,State Treasurer,,CON,Michael P. Marsh,84
Yamhill,20,State Treasurer,,CON,Michael P. Marsh,40
Yamhill,21,State Treasurer,,CON,Michael P. Marsh,69
Yamhill,22,State Treasurer,,CON,Michael P. Marsh,84
Yamhill,26,State Treasurer,,CON,Michael P. Marsh,93
Yamhill,27,State Treasurer,,CON,Michael P. Marsh,31
Yamhill,28,State Treasurer,,CON,Michael P. Marsh,36
Yamhill,1,State Treasurer,,DEM,Tobias Read,894
Yamhill,2,State Treasurer,,DEM,Tobias Read,1975
Yamhill,3,State Treasurer,,DEM,Tobias Read,1931
Yamhill,4,State Treasurer,,DEM,Tobias Read,1517
Yamhill,7,State Treasurer,,DEM,Tobias Read,849
Yamhill,9,State Treasurer,,DEM,Tobias Read,1328
Yamhill,10,State Treasurer,,DEM,Tobias Read,1021
Yamhill,11,State Treasurer,,DEM,Tobias Read,0
Yamhill,12,State Treasurer,,DEM,Tobias Read,963
Yamhill,13,State Treasurer,,DEM,Tobias Read,987
Yamhill,14,State Treasurer,,DEM,Tobias Read,1131
Yamhill,15,State Treasurer,,DEM,Tobias Read,1122
Yamhill,16,State Treasurer,,DEM,Tobias Read,1036
Yamhill,17,State Treasurer,,DEM,Tobias Read,1148
Yamhill,18,State Treasurer,,DEM,Tobias Read,2204
Yamhill,19,State Treasurer,,DEM,Tobias Read,1624
Yamhill,20,State Treasurer,,DEM,Tobias Read,774
Yamhill,21,State Treasurer,,DEM,Tobias Read,859
Yamhill,22,State Treasurer,,DEM,Tobias Read,966
Yamhill,26,State Treasurer,,DEM,Tobias Read,701
Yamhill,27,State Treasurer,,DEM,Tobias Read,222
Yamhill,28,State Treasurer,,DEM,Tobias Read,282
Yamhill,1,State Treasurer,,IND,Chris Henry,71
Yamhill,2,State Treasurer,,IND,Chris Henry,199
Yamhill,3,State Treasurer,,IND,Chris Henry,193
Yamhill,4,State Treasurer,,IND,Chris Henry,150
Yamhill,7,State Treasurer,,IND,Chris Henry,85
Yamhill,9,State Treasurer,,IND,Chris Henry,98
Yamhill,10,State Treasurer,,IND,Chris Henry,116
Yamhill,11,State Treasurer,,IND,Chris Henry,0
Yamhill,12,State Treasurer,,IND,Chris Henry,114
Yamhill,13,State Treasurer,,IND,Chris Henry,109
Yamhill,14,State Treasurer,,IND,Chris Henry,110
Yamhill,15,State Treasurer,,IND,Chris Henry,102
Yamhill,16,State Treasurer,,IND,Chris Henry,91
Yamhill,17,State Treasurer,,IND,Chris Henry,95
Yamhill,18,State Treasurer,,IND,Chris Henry,152
Yamhill,19,State Treasurer,,IND,Chris Henry,174
Yamhill,20,State Treasurer,,IND,Chris Henry,67
Yamhill,21,State Treasurer,,IND,Chris Henry,98
Yamhill,22,State Treasurer,,IND,Chris Henry,142
Yamhill,26,State Treasurer,,IND,Chris Henry,126
Yamhill,27,State Treasurer,,IND,Chris Henry,47
Yamhill,28,State Treasurer,,IND,Chris Henry,25
Yamhill,1,State Treasurer,,REP,Jeff Gudman,1373
Yamhill,2,State Treasurer,,REP,Jeff Gudman,1999
Yamhill,3,State Treasurer,,REP,Jeff Gudman,2349
Yamhill,4,State Treasurer,,REP,Jeff Gudman,1634
Yamhill,7,State Treasurer,,REP,Jeff Gudman,895
Yamhill,9,State Treasurer,,REP,Jeff Gudman,1725
Yamhill,10,State Treasurer,,REP,Jeff Gudman,1408
Yamhill,11,State Treasurer,,REP,Jeff Gudman,1
Yamhill,12,State Treasurer,,REP,Jeff Gudman,1803
Yamhill,13,State Treasurer,,REP,Jeff Gudman,1911
Yamhill,14,State Treasurer,,REP,Jeff Gudman,1149
Yamhill,15,State Treasurer,,REP,Jeff Gudman,950
Yamhill,16,State Treasurer,,REP,Jeff Gudman,918
Yamhill,17,State Treasurer,,REP,Jeff Gudman,1016
Yamhill,18,State Treasurer,,REP,Jeff Gudman,1776
Yamhill,19,State Treasurer,,REP,Jeff Gudman,1144
Yamhill,20,State Treasurer,,REP,Jeff Gudman,1143
Yamhill,21,State Treasurer,,REP,Jeff Gudman,1252
Yamhill,22,State Treasurer,,REP,Jeff Gudman,1323
Yamhill,26,State Treasurer,,REP,Jeff Gudman,1153
Yamhill,27,State Treasurer,,REP,Jeff Gudman,380
Yamhill,28,State Treasurer,,REP,Jeff Gudman,726
Yamhill,1,State Treasurer,,,Write-ins,1
Yamhill,2,State Treasurer,,,Write-ins,6
Yamhill,3,State Treasurer,,,Write-ins,4
Yamhill,4,State Treasurer,,,Write-ins,3
Yamhill,7,State Treasurer,,,Write-ins,1
Yamhill,9,State Treasurer,,,Write-ins,3
Yamhill,10,State Treasurer,,,Write-ins,1
Yamhill,11,State Treasurer,,,Write-ins,0
Yamhill,12,State Treasurer,,,Write-ins,4
Yamhill,13,State Treasurer,,,Write-ins,0
Yamhill,14,State Treasurer,,,Write-ins,0
Yamhill,15,State Treasurer,,,Write-ins,3
Yamhill,16,State Treasurer,,,Write-ins,2
Yamhill,17,State Treasurer,,,Write-ins,3
Yamhill,18,State Treasurer,,,Write-ins,2
Yamhill,19,State Treasurer,,,Write-ins,6
Yamhill,20,State Treasurer,,,Write-ins,1
Yamhill,21,State Treasurer,,,Write-ins,1
Yamhill,22,State Treasurer,,,Write-ins,3
Yamhill,26,State Treasurer,,,Write-ins,1
Yamhill,27,State Treasurer,,,Write-ins,1
Yamhill,28,State Treasurer,,,Write-ins,0
Yamhill,1,State Treasurer,,,Under Votes,128
Yamhill,2,State Treasurer,,,Under Votes,303
Yamhill,3,State Treasurer,,,Under Votes,331
Yamhill,4,State Treasurer,,,Under Votes,274
Yamhill,7,State Treasurer,,,Under Votes,116
Yamhill,9,State Treasurer,,,Under Votes,180
Yamhill,10,State Treasurer,,,Under Votes,143
Yamhill,11,State Treasurer,,,Under Votes,0
Yamhill,12,State Treasurer,,,Under Votes,191
Yamhill,13,State Treasurer,,,Under Votes,169
Yamhill,14,State Treasurer,,,Under Votes,191
Yamhill,15,State Treasurer,,,Under Votes,164
Yamhill,16,State Treasurer,,,Under Votes,153
Yamhill,17,State Treasurer,,,Under Votes,182
Yamhill,18,State Treasurer,,,Under Votes,269
Yamhill,19,State Treasurer,,,Under Votes,227
Yamhill,20,State Treasurer,,,Under Votes,107
Yamhill,21,State Treasurer,,,Under Votes,149
Yamhill,22,State Treasurer,,,Under Votes,171
Yamhill,26,State Treasurer,,,Under Votes,143
Yamhill,27,State Treasurer,,,Under Votes,43
Yamhill,28,State Treasurer,,,Under Votes,67
Yamhill,1,State Treasurer,,,Over Votes,0
Yamhill,2,State Treasurer,,,Over Votes,0
Yamhill,3,State Treasurer,,,Over Votes,0
Yamhill,4,State Treasurer,,,Over Votes,0
Yamhill,7,State Treasurer,,,Over Votes,0
Yamhill,9,State Treasurer,,,Over Votes,0
Yamhill,10,State Treasurer,,,Over Votes,1
Yamhill,11,State Treasurer,,,Over Votes,0
Yamhill,12,State Treasurer,,,Over Votes,0
Yamhill,13,State Treasurer,,,Over Votes,0
Yamhill,14,State Treasurer,,,Over Votes,0
Yamhill,15,State Treasurer,,,Over Votes,0
Yamhill,16,State Treasurer,,,Over Votes,0
Yamhill,17,State Treasurer,,,Over Votes,0
Yamhill,18,State Treasurer,,,Over Votes,0
Yamhill,19,State Treasurer,,,Over Votes,1
Yamhill,20,State Treasurer,,,Over Votes,0
Yamhill,21,State Treasurer,,,Over Votes,0
Yamhill,22,State Treasurer,,,Over Votes,1
Yamhill,26,State Treasurer,,,Over Votes,0
Yamhill,27,State Treasurer,,,Over Votes,0
Yamhill,28,State Treasurer,,,Over Votes,0
Yamhill,1,Attorney General,,DEM,Ellen Rosenblum,984
Yamhill,2,Attorney General,,DEM,Ellen Rosenblum,2170
Yamhill,3,Attorney General,,DEM,Ellen Rosenblum,2126
Yamhill,4,Attorney General,,DEM,Ellen Rosenblum,1686
Yamhill,7,Attorney General,,DEM,Ellen Rosenblum,906
Yamhill,9,Attorney General,,DEM,Ellen Rosenblum,1425
Yamhill,10,Attorney General,,DEM,Ellen Rosenblum,1090
Yamhill,11,Attorney General,,DEM,Ellen Rosenblum,0
Yamhill,12,Attorney General,,DEM,Ellen Rosenblum,1048
Yamhill,13,Attorney General,,DEM,Ellen Rosenblum,1033
Yamhill,14,Attorney General,,DEM,Ellen Rosenblum,1204
Yamhill,15,Attorney General,,DEM,Ellen Rosenblum,1213
Yamhill,16,Attorney General,,DEM,Ellen Rosenblum,1106
Yamhill,17,Attorney General,,DEM,Ellen Rosenblum,1251
Yamhill,18,Attorney General,,DEM,Ellen Rosenblum,2364
Yamhill,19,Attorney General,,DEM,Ellen Rosenblum,1752
Yamhill,20,Attorney General,,DEM,Ellen Rosenblum,835
Yamhill,21,Attorney General,,DEM,Ellen Rosenblum,930
Yamhill,22,Attorney General,,DEM,Ellen Rosenblum,1063
Yamhill,26,Attorney General,,DEM,Ellen Rosenblum,778
Yamhill,27,Attorney General,,DEM,Ellen Rosenblum,263
Yamhill,28,Attorney General,,DEM,Ellen Rosenblum,305
Yamhill,1,Attorney General,,LBT,Lars D.H. Hedbor,39
Yamhill,2,Attorney General,,LBT,Lars D.H. Hedbor,150
Yamhill,3,Attorney General,,LBT,Lars D.H. Hedbor,140
Yamhill,4,Attorney General,,LBT,Lars D.H. Hedbor,86
Yamhill,7,Attorney General,,LBT,Lars D.H. Hedbor,63
Yamhill,9,Attorney General,,LBT,Lars D.H. Hedbor,73
Yamhill,10,Attorney General,,LBT,Lars D.H. Hedbor,81
Yamhill,11,Attorney General,,LBT,Lars D.H. Hedbor,0
Yamhill,12,Attorney General,,LBT,Lars D.H. Hedbor,86
Yamhill,13,Attorney General,,LBT,Lars D.H. Hedbor,64
Yamhill,14,Attorney General,,LBT,Lars D.H. Hedbor,73
Yamhill,15,Attorney General,,LBT,Lars D.H. Hedbor,63
Yamhill,16,Attorney General,,LBT,Lars D.H. Hedbor,63
Yamhill,17,Attorney General,,LBT,Lars D.H. Hedbor,58
Yamhill,18,Attorney General,,LBT,Lars D.H. Hedbor,91
Yamhill,19,Attorney General,,LBT,Lars D.H. Hedbor,79
Yamhill,20,Attorney General,,LBT,Lars D.H. Hedbor,46
Yamhill,21,Attorney General,,LBT,Lars D.H. Hedbor,80
Yamhill,22,Attorney General,,LBT,Lars D.H. Hedbor,89
Yamhill,26,Attorney General,,LBT,Lars D.H. Hedbor,84
Yamhill,27,Attorney General,,LBT,Lars D.H. Hedbor,23
Yamhill,28,Attorney General,,LBT,Lars D.H. Hedbor,41
Yamhill,1,Attorney General,,REP,Michael Cross,1354
Yamhill,2,Attorney General,,REP,Michael Cross,1983
Yamhill,3,Attorney General,,REP,Michael Cross,2334
Yamhill,4,Attorney General,,REP,Michael Cross,1642
Yamhill,7,Attorney General,,REP,Michael Cross,914
Yamhill,9,Attorney General,,REP,Michael Cross,1715
Yamhill,10,Attorney General,,REP,Michael Cross,1456
Yamhill,11,Attorney General,,REP,Michael Cross,1
Yamhill,12,Attorney General,,REP,Michael Cross,1830
Yamhill,13,Attorney General,,REP,Michael Cross,1985
Yamhill,14,Attorney General,,REP,Michael Cross,1206
Yamhill,15,Attorney General,,REP,Michael Cross,971
Yamhill,16,Attorney General,,REP,Michael Cross,956
Yamhill,17,Attorney General,,REP,Michael Cross,1010
Yamhill,18,Attorney General,,REP,Michael Cross,1790
Yamhill,19,Attorney General,,REP,Michael Cross,1195
Yamhill,20,Attorney General,,REP,Michael Cross,1138
Yamhill,21,Attorney General,,REP,Michael Cross,1262
Yamhill,22,Attorney General,,REP,Michael Cross,1369
Yamhill,26,Attorney General,,REP,Michael Cross,1213
Yamhill,27,Attorney General,,REP,Michael Cross,399
Yamhill,28,Attorney General,,REP,Michael Cross,709
Yamhill,1,Attorney General,,,Write-ins,12
Yamhill,2,Attorney General,,,Write-ins,20
Yamhill,3,Attorney General,,,Write-ins,21
Yamhill,4,Attorney General,,,Write-ins,11
Yamhill,7,Attorney General,,,Write-ins,8
Yamhill,9,Attorney General,,,Write-ins,17
Yamhill,10,Attorney General,,,Write-ins,14
Yamhill,11,Attorney General,,,Write-ins,0
Yamhill,12,Attorney General,,,Write-ins,12
Yamhill,13,Attorney General,,,Write-ins,18
Yamhill,14,Attorney General,,,Write-ins,7
Yamhill,15,Attorney General,,,Write-ins,7
Yamhill,16,Attorney General,,,Write-ins,5
Yamhill,17,Attorney General,,,Write-ins,13
Yamhill,18,Attorney General,,,Write-ins,13
Yamhill,19,Attorney General,,,Write-ins,9
Yamhill,20,Attorney General,,,Write-ins,6
Yamhill,21,Attorney General,,,Write-ins,11
Yamhill,22,Attorney General,,,Write-ins,8
Yamhill,26,Attorney General,,,Write-ins,9
Yamhill,27,Attorney General,,,Write-ins,2
Yamhill,28,Attorney General,,,Write-ins,17
Yamhill,1,Attorney General,,,Under Votes,136
Yamhill,2,Attorney General,,,Under Votes,303
Yamhill,3,Attorney General,,,Under Votes,339
Yamhill,4,Attorney General,,,Under Votes,263
Yamhill,7,Attorney General,,,Under Votes,125
Yamhill,9,Attorney General,,,Under Votes,168
Yamhill,10,Attorney General,,,Under Votes,138
Yamhill,11,Attorney General,,,Under Votes,0
Yamhill,12,Attorney General,,,Under Votes,197
Yamhill,13,Attorney General,,,Under Votes,154
Yamhill,14,Attorney General,,,Under Votes,181
Yamhill,15,Attorney General,,,Under Votes,171
Yamhill,16,Attorney General,,,Under Votes,145
Yamhill,17,Attorney General,,,Under Votes,177
Yamhill,18,Attorney General,,,Under Votes,242
Yamhill,19,Attorney General,,,Under Votes,224
Yamhill,20,Attorney General,,,Under Votes,107
Yamhill,21,Attorney General,,,Under Votes,145
Yamhill,22,Attorney General,,,Under Votes,161
Yamhill,26,Attorney General,,,Under Votes,133
Yamhill,27,Attorney General,,,Under Votes,37
Yamhill,28,Attorney General,,,Under Votes,64
Yamhill,1,Attorney General,,,Over Votes,0
Yamhill,2,Attorney General,,,Over Votes,0
Yamhill,3,Attorney General,,,Over Votes,0
Yamhill,4,Attorney General,,,Over Votes,0
Yamhill,7,Attorney General,,,Over Votes,0
Yamhill,9,Attorney General,,,Over Votes,0
Yamhill,10,Attorney General,,,Over Votes,0
Yamhill,11,Attorney General,,,Over Votes,0
Yamhill,12,Attorney General,,,Over Votes,0
Yamhill,13,Attorney General,,,Over Votes,0
Yamhill,14,Attorney General,,,Over Votes,0
Yamhill,15,Attorney General,,,Over Votes,0
Yamhill,16,Attorney General,,,Over Votes,0
Yamhill,17,Attorney General,,,Over Votes,0
Yamhill,18,Attorney General,,,Over Votes,0
Yamhill,19,Attorney General,,,Over Votes,1
Yamhill,20,Attorney General,,,Over Votes,0
Yamhill,21,Attorney General,,,Over Votes,0
Yamhill,22,Attorney General,,,Over Votes,0
Yamhill,26,Attorney General,,,Over Votes,0
Yamhill,27,Attorney General,,,Over Votes,0
Yamhill,28,Attorney General,,,Over Votes,0
Yamhill,26,State Senate,5,REP,Dick Anderson,1221
Yamhill,28,State Senate,5,REP,Dick Anderson,769
Yamhill,26,State Senate,5,PGP,Shauleen Higgins,91
Yamhill,28,State Senate,5,PGP,Shauleen Higgins,27
Yamhill,26,State Senate,5,DEM,Melissa T. Cribbins,754
Yamhill,28,State Senate,5,DEM,Melissa T. Cribbins,279
Yamhill,26,State Senate,5,,Write-ins,0
Yamhill,28,State Senate,5,,Write-ins,1
Yamhill,26,State Senate,5,,Under Votes,151
Yamhill,28,State Senate,5,,Under Votes,60
Yamhill,26,State Senate,5,,Over Votes,0
Yamhill,28,State Senate,5,,Over Votes,0
Yamhill,7,State Senate,12,REP,Brian J. Boquist,1002
Yamhill,9,State Senate,12,REP,Brian J. Boquist,1872
Yamhill,10,State Senate,12,REP,Brian J. Boquist,1620
Yamhill,12,State Senate,12,REP,Brian J. Boquist,2004
Yamhill,13,State Senate,12,REP,Brian J. Boquist,2131
Yamhill,14,State Senate,12,REP,Brian J. Boquist,1330
Yamhill,15,State Senate,12,REP,Brian J. Boquist,1096
Yamhill,16,State Senate,12,REP,Brian J. Boquist,1062
Yamhill,17,State Senate,12,REP,Brian J. Boquist,1188
Yamhill,18,State Senate,12,REP,Brian J. Boquist,2016
Yamhill,19,State Senate,12,REP,Brian J. Boquist,1337
Yamhill,20,State Senate,12,REP,Brian J. Boquist,1244
Yamhill,21,State Senate,12,REP,Brian J. Boquist,1388
Yamhill,22,State Senate,12,REP,Brian J. Boquist,1503
Yamhill,27,State Senate,12,REP,Brian J. Boquist,456
Yamhill,7,State Senate,12,DEM,Bernadette Hansen,859
Yamhill,9,State Senate,12,DEM,Bernadette Hansen,1327
Yamhill,10,State Senate,12,DEM,Bernadette Hansen,1007
Yamhill,12,State Senate,12,DEM,Bernadette Hansen,959
Yamhill,13,State Senate,12,DEM,Bernadette Hansen,926
Yamhill,14,State Senate,12,DEM,Bernadette Hansen,1129
Yamhill,15,State Senate,12,DEM,Bernadette Hansen,1134
Yamhill,16,State Senate,12,DEM,Bernadette Hansen,1048
Yamhill,17,State Senate,12,DEM,Bernadette Hansen,1129
Yamhill,18,State Senate,12,DEM,Bernadette Hansen,2192
Yamhill,19,State Senate,12,DEM,Bernadette Hansen,1660
Yamhill,20,State Senate,12,DEM,Bernadette Hansen,773
Yamhill,21,State Senate,12,DEM,Bernadette Hansen,866
Yamhill,22,State Senate,12,DEM,Bernadette Hansen,995
Yamhill,27,State Senate,12,DEM,Bernadette Hansen,224
Yamhill,7,State Senate,12,,Write-ins,3
Yamhill,9,State Senate,12,,Write-ins,4
Yamhill,10,State Senate,12,,Write-ins,2
Yamhill,12,State Senate,12,,Write-ins,5
Yamhill,13,State Senate,12,,Write-ins,5
Yamhill,14,State Senate,12,,Write-ins,6
Yamhill,15,State Senate,12,,Write-ins,4
Yamhill,16,State Senate,12,,Write-ins,3
Yamhill,17,State Senate,12,,Write-ins,1
Yamhill,18,State Senate,12,,Write-ins,4
Yamhill,19,State Senate,12,,Write-ins,7
Yamhill,20,State Senate,12,,Write-ins,2
Yamhill,21,State Senate,12,,Write-ins,2
Yamhill,22,State Senate,12,,Write-ins,5
Yamhill,27,State Senate,12,,Write-ins,2
Yamhill,7,State Senate,12,,Under Votes,152
Yamhill,9,State Senate,12,,Under Votes,195
Yamhill,10,State Senate,12,,Under Votes,150
Yamhill,12,State Senate,12,,Under Votes,205
Yamhill,13,State Senate,12,,Under Votes,192
Yamhill,14,State Senate,12,,Under Votes,206
Yamhill,15,State Senate,12,,Under Votes,191
Yamhill,16,State Senate,12,,Under Votes,162
Yamhill,17,State Senate,12,,Under Votes,191
Yamhill,18,State Senate,12,,Under Votes,287
Yamhill,19,State Senate,12,,Under Votes,255
Yamhill,20,State Senate,12,,Under Votes,113
Yamhill,21,State Senate,12,,Under Votes,172
Yamhill,22,State Senate,12,,Under Votes,187
Yamhill,27,State Senate,12,,Under Votes,42
Yamhill,7,State Senate,12,,Over Votes,0
Yamhill,9,State Senate,12,,Over Votes,0
Yamhill,10,State Senate,12,,Over Votes,0
Yamhill,12,State Senate,12,,Over Votes,0
Yamhill,13,State Senate,12,,Over Votes,0
Yamhill,14,State Senate,12,,Over Votes,0
Yamhill,15,State Senate,12,,Over Votes,0
Yamhill,16,State Senate,12,,Over Votes,0
Yamhill,17,State Senate,12,,Over Votes,0
Yamhill,18,State Senate,12,,Over Votes,1
Yamhill,19,State Senate,12,,Over Votes,1
Yamhill,20,State Senate,12,,Over Votes,0
Yamhill,21,State Senate,12,,Over Votes,0
Yamhill,22,State Senate,12,,Over Votes,0
Yamhill,27,State Senate,12,,Over Votes,0
Yamhill,26,State House,10,DEM,David Gomberg,716
Yamhill,28,State House,10,DEM,David Gomberg,294
Yamhill,26,State House,10,REP,Max Sherman,1323
Yamhill,28,State House,10,REP,Max Sherman,772
Yamhill,26,State House,10,,Write-ins,3
Yamhill,28,State House,10,,Write-ins,2
Yamhill,26,State House,10,,Under Votes,175
Yamhill,28,State House,10,,Under Votes,68
Yamhill,26,State House,10,,Over Votes,0
Yamhill,28,State House,10,,Over Votes,0
Yamhill,10,State House,23,PGP,Alex Polikoff,140
Yamhill,12,State House,23,PGP,Alex Polikoff,130
Yamhill,20,State House,23,PGP,Alex Polikoff,80
Yamhill,27,State House,23,PGP,Alex Polikoff,49
Yamhill,10,State House,23,LBT,Scott D. Clawson,62
Yamhill,12,State House,23,LBT,Scott D. Clawson,73
Yamhill,20,State House,23,LBT,Scott D. Clawson,39
Yamhill,27,State House,23,LBT,Scott D. Clawson,27
Yamhill,10,State House,23,REP,Mike Nearman,1505
Yamhill,12,State House,23,REP,Mike Nearman,1843
Yamhill,20,State House,23,REP,Mike Nearman,1157
Yamhill,27,State House,23,REP,Mike Nearman,400
Yamhill,10,State House,23,DEM,Sean K. Scorvo,910
Yamhill,12,State House,23,DEM,Sean K. Scorvo,906
Yamhill,20,State House,23,DEM,Sean K. Scorvo,738
Yamhill,27,State House,23,DEM,Sean K. Scorvo,200
Yamhill,10,State House,23,,Write-ins,0
Yamhill,12,State House,23,,Write-ins,3
Yamhill,20,State House,23,,Write-ins,1
Yamhill,27,State House,23,,Write-ins,1
Yamhill,10,State House,23,,Under Votes,162
Yamhill,12,State House,23,,Under Votes,218
Yamhill,20,State House,23,,Under Votes,117
Yamhill,27,State House,23,,Under Votes,47
Yamhill,10,State House,23,,Over Votes,0
Yamhill,12,State House,23,,Over Votes,0
Yamhill,20,State House,23,,Over Votes,0
Yamhill,27,State House,23,,Over Votes,0
Yamhill,7,State House,24,REP,Ron Noble,1092
Yamhill,9,State House,24,REP,Ron Noble,2007
Yamhill,13,State House,24,REP,Ron Noble,2186
Yamhill,14,State House,24,REP,Ron Noble,1464
Yamhill,15,State House,24,REP,Ron Noble,1233
Yamhill,16,State House,24,REP,Ron Noble,1213
Yamhill,17,State House,24,REP,Ron Noble,1352
Yamhill,18,State House,24,REP,Ron Noble,2353
Yamhill,19,State House,24,REP,Ron Noble,1511
Yamhill,21,State House,24,REP,Ron Noble,1462
Yamhill,22,State House,24,REP,Ron Noble,1637
Yamhill,7,State House,24,DEM,Lynette Shaw,796
Yamhill,9,State House,24,DEM,Lynette Shaw,1217
Yamhill,13,State House,24,DEM,Lynette Shaw,896
Yamhill,14,State House,24,DEM,Lynette Shaw,1040
Yamhill,15,State House,24,DEM,Lynette Shaw,1036
Yamhill,16,State House,24,DEM,Lynette Shaw,927
Yamhill,17,State House,24,DEM,Lynette Shaw,1013
Yamhill,18,State House,24,DEM,Lynette Shaw,1907
Yamhill,19,State House,24,DEM,Lynette Shaw,1539
Yamhill,21,State House,24,DEM,Lynette Shaw,828
Yamhill,22,State House,24,DEM,Lynette Shaw,902
Yamhill,7,State House,24,,Write-ins,3
Yamhill,9,State House,24,,Write-ins,2
Yamhill,13,State House,24,,Write-ins,11
Yamhill,14,State House,24,,Write-ins,3
Yamhill,15,State House,24,,Write-ins,4
Yamhill,16,State House,24,,Write-ins,5
Yamhill,17,State House,24,,Write-ins,1
Yamhill,18,State House,24,,Write-ins,9
Yamhill,19,State House,24,,Write-ins,4
Yamhill,21,State House,24,,Write-ins,3
Yamhill,22,State House,24,,Write-ins,8
Yamhill,7,State House,24,,Under Votes,125
Yamhill,9,State House,24,,Under Votes,172
Yamhill,13,State House,24,,Under Votes,161
Yamhill,14,State House,24,,Under Votes,164
Yamhill,15,State House,24,,Under Votes,151
Yamhill,16,State House,24,,Under Votes,130
Yamhill,17,State House,24,,Under Votes,143
Yamhill,18,State House,24,,Under Votes,230
Yamhill,19,State House,24,,Under Votes,204
Yamhill,21,State House,24,,Under Votes,135
Yamhill,22,State House,24,,Under Votes,142
Yamhill,7,State House,24,,Over Votes,0
Yamhill,9,State House,24,,Over Votes,0
Yamhill,13,State House,24,,Over Votes,0
Yamhill,14,State House,24,,Over Votes,0
Yamhill,15,State House,24,,Over Votes,1
Yamhill,16,State House,24,,Over Votes,0
Yamhill,17,State House,24,,Over Votes,0
Yamhill,18,State House,24,,Over Votes,1
Yamhill,19,State House,24,,Over Votes,2
Yamhill,21,State House,24,,Over Votes,0
Yamhill,22,State House,24,,Over Votes,1
Yamhill,1,State House,25,REP,Bill Post,1451
Yamhill,2,State House,25,REP,Bill Post,2156
Yamhill,3,State House,25,REP,Bill Post,2550
Yamhill,4,State House,25,REP,Bill Post,1780
Yamhill,1,State House,25,DEM,Ramiro Navarro Jr.,917
Yamhill,2,State House,25,DEM,Ramiro Navarro Jr.,2118
Yamhill,3,State House,25,DEM,Ramiro Navarro Jr.,2029
Yamhill,4,State House,25,DEM,Ramiro Navarro Jr.,1603
Yamhill,1,State House,25,,Write-ins,0
Yamhill,2,State House,25,,Write-ins,10
Yamhill,3,State House,25,,Write-ins,6
Yamhill,4,State House,25,,Write-ins,13
Yamhill,1,State House,25,,Under Votes,157
Yamhill,2,State House,25,,Under Votes,342
Yamhill,3,State House,25,,Under Votes,375
Yamhill,4,State House,25,,Under Votes,291
Yamhill,1,State House,25,,Over Votes,0
Yamhill,2,State House,25,,Over Votes,0
Yamhill,3,State House,25,,Over Votes,0
Yamhill,4,State House,25,,Over Votes,1
Yamhill,11,State House,32,REP,Suzanne Weber,1
Yamhill,11,State House,32,DEM,Debbie Boothe-Schmidt,0
Yamhill,11,State House,32,,Write-ins,0
Yamhill,11,State House,32,,Under Votes,0
Yamhill,11,State House,32,,Over Votes,0