county,precinct,office,district,party,candidate,votes
Columbia,01 City of Clatskanie,Attorney General,,DEM,Ellen Rosenblum,356
Columbia,01 City of Clatskanie,Attorney General,,LBT,Lars D H Hedbor,48
Columbia,01 City of Clatskanie,Attorney General,,REP,Michael Cross,485
Columbia,01 City of Clatskanie,Attorney General,,,Write-ins,8
Columbia,01 City of Clatskanie,Attorney General,,,Over Votes,2
Columbia,01 City of Clatskanie,Attorney General,,,Under Votes,39
Columbia,04 N Clatskanie-Marshland,Attorney General,,DEM,Ellen Rosenblum,243
Columbia,04 N Clatskanie-Marshland,Attorney General,,LBT,Lars D H Hedbor,24
Columbia,04 N Clatskanie-Marshland,Attorney General,,REP,Michael Cross,338
Columbia,04 N Clatskanie-Marshland,Attorney General,,,Write-ins,4
Columbia,04 N Clatskanie-Marshland,Attorney General,,,Over Votes,0
Columbia,04 N Clatskanie-Marshland,Attorney General,,,Under Votes,34
Columbia,05 S Clatskanie,Attorney General,,DEM,Ellen Rosenblum,195
Columbia,05 S Clatskanie,Attorney General,,LBT,Lars D H Hedbor,15
Columbia,05 S Clatskanie,Attorney General,,REP,Michael Cross,354
Columbia,05 S Clatskanie,Attorney General,,,Write-ins,5
Columbia,05 S Clatskanie,Attorney General,,,Over Votes,0
Columbia,05 S Clatskanie,Attorney General,,,Under Votes,29
Columbia,06 Delena,Attorney General,,DEM,Ellen Rosenblum,482
Columbia,06 Delena,Attorney General,,LBT,Lars D H Hedbor,37
Columbia,06 Delena,Attorney General,,REP,Michael Cross,653
Columbia,06 Delena,Attorney General,,,Write-ins,13
Columbia,06 Delena,Attorney General,,,Over Votes,1
Columbia,06 Delena,Attorney General,,,Under Votes,45
Columbia,08 GOBLE,Attorney General,,DEM,Ellen Rosenblum,253
Columbia,08 GOBLE,Attorney General,,LBT,Lars D H Hedbor,29
Columbia,08 GOBLE,Attorney General,,REP,Michael Cross,420
Columbia,08 GOBLE,Attorney General,,,Write-ins,7
Columbia,08 GOBLE,Attorney General,,,Over Votes,0
Columbia,08 GOBLE,Attorney General,,,Under Votes,33
Columbia,10 Milton,Attorney General,,DEM,Ellen Rosenblum,393
Columbia,10 Milton,Attorney General,,LBT,Lars D H Hedbor,27
Columbia,10 Milton,Attorney General,,REP,Michael Cross,441
Columbia,10 Milton,Attorney General,,,Write-ins,3
Columbia,10 Milton,Attorney General,,,Over Votes,0
Columbia,10 Milton,Attorney General,,,Under Votes,65
Columbia,12 McNulty,Attorney General,,DEM,Ellen Rosenblum,452
Columbia,12 McNulty,Attorney General,,LBT,Lars D H Hedbor,28
Columbia,12 McNulty,Attorney General,,REP,Michael Cross,539
Columbia,12 McNulty,Attorney General,,,Write-ins,8
Columbia,12 McNulty,Attorney General,,,Over Votes,0
Columbia,12 McNulty,Attorney General,,,Under Votes,53
Columbia,14 Quincy,Attorney General,,DEM,Ellen Rosenblum,186
Columbia,14 Quincy,Attorney General,,LBT,Lars D H Hedbor,18
Columbia,14 Quincy,Attorney General,,REP,Michael Cross,277
Columbia,14 Quincy,Attorney General,,,Write-ins,7
Columbia,14 Quincy,Attorney General,,,Over Votes,0
Columbia,14 Quincy,Attorney General,,,Under Votes,24
Columbia,15 City of Rainier,Attorney General,,DEM,Ellen Rosenblum,434
Columbia,15 City of Rainier,Attorney General,,LBT,Lars D H Hedbor,22
Columbia,15 City of Rainier,Attorney General,,REP,Michael Cross,594
Columbia,15 City of Rainier,Attorney General,,,Write-ins,6
Columbia,15 City of Rainier,Attorney General,,,Over Votes,0
Columbia,15 City of Rainier,Attorney General,,,Under Votes,63
Columbia,17 W Rainier,Attorney General,,DEM,Ellen Rosenblum,160
Columbia,17 W Rainier,Attorney General,,LBT,Lars D H Hedbor,6
Columbia,17 W Rainier,Attorney General,,REP,Michael Cross,256
Columbia,17 W Rainier,Attorney General,,,Write-ins,3
Columbia,17 W Rainier,Attorney General,,,Over Votes,0
Columbia,17 W Rainier,Attorney General,,,Under Votes,26
Columbia,18 E Rainier,Attorney General,,DEM,Ellen Rosenblum,89
Columbia,18 E Rainier,Attorney General,,LBT,Lars D H Hedbor,3
Columbia,18 E Rainier,Attorney General,,REP,Michael Cross,97
Columbia,18 E Rainier,Attorney General,,,Write-ins,0
Columbia,18 E Rainier,Attorney General,,,Over Votes,0
Columbia,18 E Rainier,Attorney General,,,Under Votes,7
Columbia,19 S Warren,Attorney General,,DEM,Ellen Rosenblum,445
Columbia,19 S Warren,Attorney General,,LBT,Lars D H Hedbor,24
Columbia,19 S Warren,Attorney General,,REP,Michael Cross,528
Columbia,19 S Warren,Attorney General,,,Write-ins,1
Columbia,19 S Warren,Attorney General,,,Over Votes,1
Columbia,19 S Warren,Attorney General,,,Under Votes,43
Columbia,20 N Warren,Attorney General,,DEM,Ellen Rosenblum,289
Columbia,20 N Warren,Attorney General,,LBT,Lars D H Hedbor,27
Columbia,20 N Warren,Attorney General,,REP,Michael Cross,364
Columbia,20 N Warren,Attorney General,,,Write-ins,4
Columbia,20 N Warren,Attorney General,,,Over Votes,0
Columbia,20 N Warren,Attorney General,,,Under Votes,30
Columbia,21 City St Helens One,Attorney General,,DEM,Ellen Rosenblum,1210
Columbia,21 City St Helens One,Attorney General,,LBT,Lars D H Hedbor,102
Columbia,21 City St Helens One,Attorney General,,REP,Michael Cross,1053
Columbia,21 City St Helens One,Attorney General,,,Write-ins,9
Columbia,21 City St Helens One,Attorney General,,,Over Votes,0
Columbia,21 City St Helens One,Attorney General,,,Under Votes,131
Columbia,24 City St Helens Four,Attorney General,,DEM,Ellen Rosenblum,1055
Columbia,24 City St Helens Four,Attorney General,,LBT,Lars D H Hedbor,78
Columbia,24 City St Helens Four,Attorney General,,REP,Michael Cross,1188
Columbia,24 City St Helens Four,Attorney General,,,Write-ins,7
Columbia,24 City St Helens Four,Attorney General,,,Over Votes,1
Columbia,24 City St Helens Four,Attorney General,,,Under Votes,124
Columbia,26 City St Helens Six,Attorney General,,DEM,Ellen Rosenblum,1112
Columbia,26 City St Helens Six,Attorney General,,LBT,Lars D H Hedbor,75
Columbia,26 City St Helens Six,Attorney General,,REP,Michael Cross,1326
Columbia,26 City St Helens Six,Attorney General,,,Write-ins,12
Columbia,26 City St Helens Six,Attorney General,,,Over Votes,0
Columbia,26 City St Helens Six,Attorney General,,,Under Votes,138
Columbia,31 City of Scappoose One,Attorney General,,DEM,Ellen Rosenblum,358
Columbia,31 City of Scappoose One,Attorney General,,LBT,Lars D H Hedbor,18
Columbia,31 City of Scappoose One,Attorney General,,REP,Michael Cross,357
Columbia,31 City of Scappoose One,Attorney General,,,Write-ins,4
Columbia,31 City of Scappoose One,Attorney General,,,Over Votes,0
Columbia,31 City of Scappoose One,Attorney General,,,Under Votes,44
Columbia,32 City of Scappoose Two,Attorney General,,DEM,Ellen Rosenblum,1220
Columbia,32 City of Scappoose Two,Attorney General,,LBT,Lars D H Hedbor,61
Columbia,32 City of Scappoose Two,Attorney General,,REP,Michael Cross,1034
Columbia,32 City of Scappoose Two,Attorney General,,,Write-ins,8
Columbia,32 City of Scappoose Two,Attorney General,,,Over Votes,2
Columbia,32 City of Scappoose Two,Attorney General,,,Under Votes,124
Columbia,34 City of Scappoose Four,Attorney General,,DEM,Ellen Rosenblum,706
Columbia,34 City of Scappoose Four,Attorney General,,LBT,Lars D H Hedbor,48
Columbia,34 City of Scappoose Four,Attorney General,,REP,Michael Cross,595
Columbia,34 City of Scappoose Four,Attorney General,,,Write-ins,3
Columbia,34 City of Scappoose Four,Attorney General,,,Over Votes,0
Columbia,34 City of Scappoose Four,Attorney General,,,Under Votes,64
Columbia,35 SE Scappoose,Attorney General,,DEM,Ellen Rosenblum,561
Columbia,35 SE Scappoose,Attorney General,,LBT,Lars D H Hedbor,26
Columbia,35 SE Scappoose,Attorney General,,REP,Michael Cross,565
Columbia,35 SE Scappoose,Attorney General,,,Write-ins,6
Columbia,35 SE Scappoose,Attorney General,,,Over Votes,0
Columbia,35 SE Scappoose,Attorney General,,,Under Votes,60
Columbia,36 Canyon,Attorney General,,DEM,Ellen Rosenblum,217
Columbia,36 Canyon,Attorney General,,LBT,Lars D H Hedbor,11
Columbia,36 Canyon,Attorney General,,REP,Michael Cross,203
Columbia,36 Canyon,Attorney General,,,Write-ins,2
Columbia,36 Canyon,Attorney General,,,Over Votes,0
Columbia,36 Canyon,Attorney General,,,Under Votes,21
Columbia,38 W Scappoose,Attorney General,,DEM,Ellen Rosenblum,238
Columbia,38 W Scappoose,Attorney General,,LBT,Lars D H Hedbor,6
Columbia,38 W Scappoose,Attorney General,,REP,Michael Cross,284
Columbia,38 W Scappoose,Attorney General,,,Write-ins,0
Columbia,38 W Scappoose,Attorney General,,,Over Votes,0
Columbia,38 W Scappoose,Attorney General,,,Under Votes,26
Columbia,39 Sauvie Island,Attorney General,,DEM,Ellen Rosenblum,24
Columbia,39 Sauvie Island,Attorney General,,LBT,Lars D H Hedbor,4
Columbia,39 Sauvie Island,Attorney General,,REP,Michael Cross,23
Columbia,39 Sauvie Island,Attorney General,,,Write-ins,0
Columbia,39 Sauvie Island,Attorney General,,,Over Votes,0
Columbia,39 Sauvie Island,Attorney General,,,Under Votes,4
Columbia,40 Yankton,Attorney General,,DEM,Ellen Rosenblum,420
Columbia,40 Yankton,Attorney General,,LBT,Lars D H Hedbor,23
Columbia,40 Yankton,Attorney General,,REP,Michael Cross,605
Columbia,40 Yankton,Attorney General,,,Write-ins,7
Columbia,40 Yankton,Attorney General,,,Over Votes,1
Columbia,40 Yankton,Attorney General,,,Under Votes,63
Columbia,41 City of Vernonia,Attorney General,,DEM,Ellen Rosenblum,459
Columbia,41 City of Vernonia,Attorney General,,LBT,Lars D H Hedbor,60
Columbia,41 City of Vernonia,Attorney General,,REP,Michael Cross,800
Columbia,41 City of Vernonia,Attorney General,,,Write-ins,12
Columbia,41 City of Vernonia,Attorney General,,,Over Votes,0
Columbia,41 City of Vernonia,Attorney General,,,Under Votes,80
Columbia,44 Rural Vernonia,Attorney General,,DEM,Ellen Rosenblum,246
Columbia,44 Rural Vernonia,Attorney General,,LBT,Lars D H Hedbor,22
Columbia,44 Rural Vernonia,Attorney General,,REP,Michael Cross,548
Columbia,44 Rural Vernonia,Attorney General,,,Write-ins,3
Columbia,44 Rural Vernonia,Attorney General,,,Over Votes,1
Columbia,44 Rural Vernonia,Attorney General,,,Under Votes,32
Columbia,46 Apiary,Attorney General,,DEM,Ellen Rosenblum,236
Columbia,46 Apiary,Attorney General,,LBT,Lars D H Hedbor,17
Columbia,46 Apiary,Attorney General,,REP,Michael Cross,440
Columbia,46 Apiary,Attorney General,,,Write-ins,3
Columbia,46 Apiary,Attorney General,,,Over Votes,1
Columbia,46 Apiary,Attorney General,,,Under Votes,34
Columbia,47 Chapman,Attorney General,,DEM,Ellen Rosenblum,417
Columbia,47 Chapman,Attorney General,,LBT,Lars D H Hedbor,24
Columbia,47 Chapman,Attorney General,,REP,Michael Cross,400
Columbia,47 Chapman,Attorney General,,,Write-ins,4
Columbia,47 Chapman,Attorney General,,,Over Votes,1
Columbia,47 Chapman,Attorney General,,,Under Votes,42
Columbia,48 S Deer Island,Attorney General,,DEM,Ellen Rosenblum,129
Columbia,48 S Deer Island,Attorney General,,LBT,Lars D H Hedbor,10
Columbia,48 S Deer Island,Attorney General,,REP,Michael Cross,239
Columbia,48 S Deer Island,Attorney General,,,Write-ins,3
Columbia,48 S Deer Island,Attorney General,,,Over Votes,0
Columbia,48 S Deer Island,Attorney General,,,Under Votes,17
Columbia,49 N Deer Island,Attorney General,,DEM,Ellen Rosenblum,211
Columbia,49 N Deer Island,Attorney General,,LBT,Lars D H Hedbor,20
Columbia,49 N Deer Island,Attorney General,,REP,Michael Cross,313
Columbia,49 N Deer Island,Attorney General,,,Write-ins,6
Columbia,49 N Deer Island,Attorney General,,,Over Votes,0
Columbia,49 N Deer Island,Attorney General,,,Under Votes,21
Columbia,50 City of Prescott,Attorney General,,DEM,Ellen Rosenblum,24
Columbia,50 City of Prescott,Attorney General,,LBT,Lars D H Hedbor,0
Columbia,50 City of Prescott,Attorney General,,REP,Michael Cross,27
Columbia,50 City of Prescott,Attorney General,,,Write-ins,0
Columbia,50 City of Prescott,Attorney General,,,Over Votes,0
Columbia,50 City of Prescott,Attorney General,,,Under Votes,2
Columbia,51 Mist,Attorney General,,DEM,Ellen Rosenblum,116
Columbia,51 Mist,Attorney General,,LBT,Lars D H Hedbor,7
Columbia,51 Mist,Attorney General,,REP,Michael Cross,177
Columbia,51 Mist,Attorney General,,,Write-ins,2
Columbia,51 Mist,Attorney General,,,Over Votes,0
Columbia,51 Mist,Attorney General,,,Under Votes,14
Columbia,53 City of Columbia City,Attorney General,,DEM,Ellen Rosenblum,665
Columbia,53 City of Columbia City,Attorney General,,LBT,Lars D H Hedbor,36
Columbia,53 City of Columbia City,Attorney General,,REP,Michael Cross,644
Columbia,53 City of Columbia City,Attorney General,,,Write-ins,9
Columbia,53 City of Columbia City,Attorney General,,,Over Votes,0
Columbia,53 City of Columbia City,Attorney General,,,Under Votes,53
Columbia,01 City of Clatskanie,President,,REP,Donald J Trump / Michael R Pence,531
Columbia,01 City of Clatskanie,President,,DEM,Joseph R Biden / Kamala D Harris,367
Columbia,01 City of Clatskanie,President,,LBT,Jo Jorgensen / Jeremy (Spike) Cohen,21
Columbia,01 City of Clatskanie,President,,PGP,Howie Hawkins / Angela Walker,2
Columbia,01 City of Clatskanie,President,,PRO,Dario Hunter / Dawn Neptune Adams,2
Columbia,01 City of Clatskanie,President,,,Write-ins,6
Columbia,01 City of Clatskanie,President,,,Over Votes,1
Columbia,01 City of Clatskanie,President,,,Under Votes,8
Columbia,04 N Clatskanie-Marshland,President,,REP,Donald J Trump / Michael R Pence,380
Columbia,04 N Clatskanie-Marshland,President,,DEM,Joseph R Biden / Kamala D Harris,246
Columbia,04 N Clatskanie-Marshland,President,,LBT,Jo Jorgensen / Jeremy (Spike) Cohen,8
Columbia,04 N Clatskanie-Marshland,President,,PGP,Howie Hawkins / Angela Walker,4
Columbia,04 N Clatskanie-Marshland,President,,PRO,Dario Hunter / Dawn Neptune Adams,3
Columbia,04 N Clatskanie-Marshland,President,,,Write-ins,1
Columbia,04 N Clatskanie-Marshland,President,,,Over Votes,0
Columbia,04 N Clatskanie-Marshland,President,,,Under Votes,1
Columbia,05 S Clatskanie,President,,REP,Donald J Trump / Michael R Pence,380
Columbia,05 S Clatskanie,President,,DEM,Joseph R Biden / Kamala D Harris,199
Columbia,05 S Clatskanie,President,,LBT,Jo Jorgensen / Jeremy (Spike) Cohen,8
Columbia,05 S Clatskanie,President,,PGP,Howie Hawkins / Angela Walker,3
Columbia,05 S Clatskanie,President,,PRO,Dario Hunter / Dawn Neptune Adams,1
Columbia,05 S Clatskanie,President,,,Write-ins,1
Columbia,05 S Clatskanie,President,,,Over Votes,0
Columbia,05 S Clatskanie,President,,,Under Votes,6
Columbia,06 Delena,President,,REP,Donald J Trump / Michael R Pence,728
Columbia,06 Delena,President,,DEM,Joseph R Biden / Kamala D Harris,457
Columbia,06 Delena,President,,LBT,Jo Jorgensen / Jeremy (Spike) Cohen,22
Columbia,06 Delena,President,,PGP,Howie Hawkins / Angela Walker,7
Columbia,06 Delena,President,,PRO,Dario Hunter / Dawn Neptune Adams,4
Columbia,06 Delena,President,,,Write-ins,6
Columbia,06 Delena,President,,,Over Votes,0
Columbia,06 Delena,President,,,Under Votes,7
Columbia,08 GOBLE,President,,REP,Donald J Trump / Michael R Pence,445
Columbia,08 GOBLE,President,,DEM,Joseph R Biden / Kamala D Harris,271
Columbia,08 GOBLE,President,,LBT,Jo Jorgensen / Jeremy (Spike) Cohen,16
Columbia,08 GOBLE,President,,PGP,Howie Hawkins / Angela Walker,3
Columbia,08 GOBLE,President,,PRO,Dario Hunter / Dawn Neptune Adams,0
Columbia,08 GOBLE,President,,,Write-ins,3
Columbia,08 GOBLE,President,,,Over Votes,0
Columbia,08 GOBLE,President,,,Under Votes,4
Columbia,10 Milton,President,,REP,Donald J Trump / Michael R Pence,492
Columbia,10 Milton,President,,DEM,Joseph R Biden / Kamala D Harris,405
Columbia,10 Milton,President,,LBT,Jo Jorgensen / Jeremy (Spike) Cohen,18
Columbia,10 Milton,President,,PGP,Howie Hawkins / Angela Walker,2
Columbia,10 Milton,President,,PRO,Dario Hunter / Dawn Neptune Adams,0
Columbia,10 Milton,President,,,Write-ins,6
Columbia,10 Milton,President,,,Over Votes,0
Columbia,10 Milton,President,,,Under Votes,6
Columbia,12 McNulty,President,,REP,Donald J Trump / Michael R Pence,587
Columbia,12 McNulty,President,,DEM,Joseph R Biden / Kamala D Harris,454
Columbia,12 McNulty,President,,LBT,Jo Jorgensen / Jeremy (Spike) Cohen,20
Columbia,12 McNulty,President,,PGP,Howie Hawkins / Angela Walker,5
Columbia,12 McNulty,President,,PRO,Dario Hunter / Dawn Neptune Adams,1
Columbia,12 McNulty,President,,,Write-ins,6
Columbia,12 McNulty,President,,,Over Votes,0
Columbia,12 McNulty,President,,,Under Votes,7
Columbia,14 Quincy,President,,REP,Donald J Trump / Michael R Pence,299
Columbia,14 Quincy,President,,DEM,Joseph R Biden / Kamala D Harris,195
Columbia,14 Quincy,President,,LBT,Jo Jorgensen / Jeremy (Spike) Cohen,10
Columbia,14 Quincy,President,,PGP,Howie Hawkins / Angela Walker,0
Columbia,14 Quincy,President,,PRO,Dario Hunter / Dawn Neptune Adams,1
Columbia,14 Quincy,President,,,Write-ins,4
Columbia,14 Quincy,President,,,Over Votes,0
Columbia,14 Quincy,President,,,Under Votes,3
Columbia,15 City of Rainier,President,,REP,Donald J Trump / Michael R Pence,625
Columbia,15 City of Rainier,President,,DEM,Joseph R Biden / Kamala D Harris,442
Columbia,15 City of Rainier,President,,LBT,Jo Jorgensen / Jeremy (Spike) Cohen,23
Columbia,15 City of Rainier,President,,PGP,Howie Hawkins / Angela Walker,9
Columbia,15 City of Rainier,President,,PRO,Dario Hunter / Dawn Neptune Adams,3
Columbia,15 City of Rainier,President,,,Write-ins,8
Columbia,15 City of Rainier,President,,,Over Votes,1
Columbia,15 City of Rainier,President,,,Under Votes,8
Columbia,17 W Rainier,President,,REP,Donald J Trump / Michael R Pence,273
Columbia,17 W Rainier,President,,DEM,Joseph R Biden / Kamala D Harris,163
Columbia,17 W Rainier,President,,LBT,Jo Jorgensen / Jeremy (Spike) Cohen,11
Columbia,17 W Rainier,President,,PGP,Howie Hawkins / Angela Walker,0
Columbia,17 W Rainier,President,,PRO,Dario Hunter / Dawn Neptune Adams,0
Columbia,17 W Rainier,President,,,Write-ins,2
Columbia,17 W Rainier,President,,,Over Votes,0
Columbia,17 W Rainier,President,,,Under Votes,2
Columbia,18 E Rainier,President,,REP,Donald J Trump / Michael R Pence,108
Columbia,18 E Rainier,President,,DEM,Joseph R Biden / Kamala D Harris,84
Columbia,18 E Rainier,President,,LBT,Jo Jorgensen / Jeremy (Spike) Cohen,2
Columbia,18 E Rainier,President,,PGP,Howie Hawkins / Angela Walker,0
Columbia,18 E Rainier,President,,PRO,Dario Hunter / Dawn Neptune Adams,0
Columbia,18 E Rainier,President,,,Write-ins,0
Columbia,18 E Rainier,President,,,Over Votes,2
Columbia,18 E Rainier,President,,,Under Votes,0
Columbia,19 S Warren,President,,REP,Donald J Trump / Michael R Pence,540
Columbia,19 S Warren,President,,DEM,Joseph R Biden / Kamala D Harris,449
Columbia,19 S Warren,President,,LBT,Jo Jorgensen / Jeremy (Spike) Cohen,19
Columbia,19 S Warren,President,,PGP,Howie Hawkins / Angela Walker,2
Columbia,19 S Warren,President,,PRO,Dario Hunter / Dawn Neptune Adams,0
Columbia,19 S Warren,President,,,Write-ins,14
Columbia,19 S Warren,President,,,Over Votes,1
Columbia,19 S Warren,President,,,Under Votes,17
Columbia,20 N Warren,President,,REP,Donald J Trump / Michael R Pence,385
Columbia,20 N Warren,President,,DEM,Joseph R Biden / Kamala D Harris,293
Columbia,20 N Warren,President,,LBT,Jo Jorgensen / Jeremy (Spike) Cohen,16
Columbia,20 N Warren,President,,PGP,Howie Hawkins / Angela Walker,2
Columbia,20 N Warren,President,,PRO,Dario Hunter / Dawn Neptune Adams,2
Columbia,20 N Warren,President,,,Write-ins,4
Columbia,20 N Warren,President,,,Over Votes,0
Columbia,20 N Warren,President,,,Under Votes,12
Columbia,21 City St Helens One,President,,REP,Donald J Trump / Michael R Pence,1169
Columbia,21 City St Helens One,President,,DEM,Joseph R Biden / Kamala D Harris,1190
Columbia,21 City St Helens One,President,,LBT,Jo Jorgensen / Jeremy (Spike) Cohen,93
Columbia,21 City St Helens One,President,,PGP,Howie Hawkins / Angela Walker,18
Columbia,21 City St Helens One,President,,PRO,Dario Hunter / Dawn Neptune Adams,7
Columbia,21 City St Helens One,President,,,Write-ins,12
Columbia,21 City St Helens One,President,,,Over Votes,0
Columbia,21 City St Helens One,President,,,Under Votes,16
Columbia,24 City St Helens Four,President,,REP,Donald J Trump / Michael R Pence,1246
Columbia,24 City St Helens Four,President,,DEM,Joseph R Biden / Kamala D Harris,1064
Columbia,24 City St Helens Four,President,,LBT,Jo Jorgensen / Jeremy (Spike) Cohen,78
Columbia,24 City St Helens Four,President,,PGP,Howie Hawkins / Angela Walker,18
Columbia,24 City St Helens Four,President,,PRO,Dario Hunter / Dawn Neptune Adams,16
Columbia,24 City St Helens Four,President,,,Write-ins,14
Columbia,24 City St Helens Four,President,,,Over Votes,2
Columbia,24 City St Helens Four,President,,,Under Votes,15
Columbia,26 City St Helens Six,President,,REP,Donald J Trump / Michael R Pence,1377
Columbia,26 City St Helens Six,President,,DEM,Joseph R Biden / Kamala D Harris,1162
Columbia,26 City St Helens Six,President,,LBT,Jo Jorgensen / Jeremy (Spike) Cohen,68
Columbia,26 City St Helens Six,President,,PGP,Howie Hawkins / Angela Walker,15
Columbia,26 City St Helens Six,President,,PRO,Dario Hunter / Dawn Neptune Adams,8
Columbia,26 City St Helens Six,President,,,Write-ins,17
Columbia,26 City St Helens Six,President,,,Over Votes,0
Columbia,26 City St Helens Six,President,,,Under Votes,16
Columbia,31 City of Scappoose One,President,,REP,Donald J Trump / Michael R Pence,388
Columbia,31 City of Scappoose One,President,,DEM,Joseph R Biden / Kamala D Harris,359
Columbia,31 City of Scappoose One,President,,LBT,Jo Jorgensen / Jeremy (Spike) Cohen,14
Columbia,31 City of Scappoose One,President,,PGP,Howie Hawkins / Angela Walker,2
Columbia,31 City of Scappoose One,President,,PRO,Dario Hunter / Dawn Neptune Adams,0
Columbia,31 City of Scappoose One,President,,,Write-ins,10
Columbia,31 City of Scappoose One,President,,,Over Votes,0
Columbia,31 City of Scappoose One,President,,,Under Votes,8
Columbia,32 City of Scappoose Two,President,,REP,Donald J Trump / Michael R Pence,1052
Columbia,32 City of Scappoose Two,President,,DEM,Joseph R Biden / Kamala D Harris,1290
Columbia,32 City of Scappoose Two,President,,LBT,Jo Jorgensen / Jeremy (Spike) Cohen,57
Columbia,32 City of Scappoose Two,President,,PGP,Howie Hawkins / Angela Walker,11
Columbia,32 City of Scappoose Two,President,,PRO,Dario Hunter / Dawn Neptune Adams,8
Columbia,32 City of Scappoose Two,President,,,Write-ins,16
Columbia,32 City of Scappoose Two,President,,,Over Votes,3
Columbia,32 City of Scappoose Two,President,,,Under Votes,12
Columbia,34 City of Scappoose Four,President,,REP,Donald J Trump / Michael R Pence,617
Columbia,34 City of Scappoose Four,President,,DEM,Joseph R Biden / Kamala D Harris,714
Columbia,34 City of Scappoose Four,President,,LBT,Jo Jorgensen / Jeremy (Spike) Cohen,40
Columbia,34 City of Scappoose Four,President,,PGP,Howie Hawkins / Angela Walker,16
Columbia,34 City of Scappoose Four,President,,PRO,Dario Hunter / Dawn Neptune Adams,4
Columbia,34 City of Scappoose Four,President,,,Write-ins,9
Columbia,34 City of Scappoose Four,President,,,Over Votes,2
Columbia,34 City of Scappoose Four,President,,,Under Votes,14
Columbia,35 SE Scappoose,President,,REP,Donald J Trump / Michael R Pence,601
Columbia,35 SE Scappoose,President,,DEM,Joseph R Biden / Kamala D Harris,570
Columbia,35 SE Scappoose,President,,LBT,Jo Jorgensen / Jeremy (Spike) Cohen,20
Columbia,35 SE Scappoose,President,,PGP,Howie Hawkins / Angela Walker,5
Columbia,35 SE Scappoose,President,,PRO,Dario Hunter / Dawn Neptune Adams,4
Columbia,35 SE Scappoose,President,,,Write-ins,8
Columbia,35 SE Scappoose,President,,,Over Votes,1
Columbia,35 SE Scappoose,President,,,Under Votes,9
Columbia,36 Canyon,President,,REP,Donald J Trump / Michael R Pence,204
Columbia,36 Canyon,President,,DEM,Joseph R Biden / Kamala D Harris,228
Columbia,36 Canyon,President,,LBT,Jo Jorgensen / Jeremy (Spike) Cohen,8
Columbia,36 Canyon,President,,PGP,Howie Hawkins / Angela Walker,1
Columbia,36 Canyon,President,,PRO,Dario Hunter / Dawn Neptune Adams,2
Columbia,36 Canyon,President,,,Write-ins,6
Columbia,36 Canyon,President,,,Over Votes,0
Columbia,36 Canyon,President,,,Under Votes,5
Columbia,38 W Scappoose,President,,REP,Donald J Trump / Michael R Pence,274
Columbia,38 W Scappoose,President,,DEM,Joseph R Biden / Kamala D Harris,254
Columbia,38 W Scappoose,President,,LBT,Jo Jorgensen / Jeremy (Spike) Cohen,11
Columbia,38 W Scappoose,President,,PGP,Howie Hawkins / Angela Walker,2
Columbia,38 W Scappoose,President,,PRO,Dario Hunter / Dawn Neptune Adams,1
Columbia,38 W Scappoose,President,,,Write-ins,7
Columbia,38 W Scappoose,President,,,Over Votes,1
Columbia,38 W Scappoose,President,,,Under Votes,4
Columbia,39 Sauvie Island,President,,REP,Donald J Trump / Michael R Pence,25
Columbia,39 Sauvie Island,President,,DEM,Joseph R Biden / Kamala D Harris,26
Columbia,39 Sauvie Island,President,,LBT,Jo Jorgensen / Jeremy (Spike) Cohen,3
Columbia,39 Sauvie Island,President,,PGP,Howie Hawkins / Angela Walker,0
Columbia,39 Sauvie Island,President,,PRO,Dario Hunter / Dawn Neptune Adams,0
Columbia,39 Sauvie Island,President,,,Write-ins,0
Columbia,39 Sauvie Island,President,,,Over Votes,0
Columbia,39 Sauvie Island,President,,,Under Votes,1
Columbia,40 Yankton,President,,REP,Donald J Trump / Michael R Pence,628
Columbia,40 Yankton,President,,DEM,Joseph R Biden / Kamala D Harris,441
Columbia,40 Yankton,President,,LBT,Jo Jorgensen / Jeremy (Spike) Cohen,24
Columbia,40 Yankton,President,,PGP,Howie Hawkins / Angela Walker,4
Columbia,40 Yankton,President,,PRO,Dario Hunter / Dawn Neptune Adams,0
Columbia,40 Yankton,President,,,Write-ins,7
Columbia,40 Yankton,President,,,Over Votes,1
Columbia,40 Yankton,President,,,Under Votes,14
Columbia,41 City of Vernonia,President,,REP,Donald J Trump / Michael R Pence,883
Columbia,41 City of Vernonia,President,,DEM,Joseph R Biden / Kamala D Harris,449
Columbia,41 City of Vernonia,President,,LBT,Jo Jorgensen / Jeremy (Spike) Cohen,52
Columbia,41 City of Vernonia,President,,PGP,Howie Hawkins / Angela Walker,1
Columbia,41 City of Vernonia,President,,PRO,Dario Hunter / Dawn Neptune Adams,5
Columbia,41 City of Vernonia,President,,,Write-ins,10
Columbia,41 City of Vernonia,President,,,Over Votes,0
Columbia,41 City of Vernonia,President,,,Under Votes,11
Columbia,44 Rural Vernonia,President,,REP,Donald J Trump / Michael R Pence,575
Columbia,44 Rural Vernonia,President,,DEM,Joseph R Biden / Kamala D Harris,245
Columbia,44 Rural Vernonia,President,,LBT,Jo Jorgensen / Jeremy (Spike) Cohen,14
Columbia,44 Rural Vernonia,President,,PGP,Howie Hawkins / Angela Walker,4
Columbia,44 Rural Vernonia,President,,PRO,Dario Hunter / Dawn Neptune Adams,2
Columbia,44 Rural Vernonia,President,,,Write-ins,2
Columbia,44 Rural Vernonia,President,,,Over Votes,0
Columbia,44 Rural Vernonia,President,,,Under Votes,10
Columbia,46 Apiary,President,,REP,Donald J Trump / Michael R Pence,464
Columbia,46 Apiary,President,,DEM,Joseph R Biden / Kamala D Harris,244
Columbia,46 Apiary,President,,LBT,Jo Jorgensen / Jeremy (Spike) Cohen,12
Columbia,46 Apiary,President,,PGP,Howie Hawkins / Angela Walker,4
Columbia,46 Apiary,President,,PRO,Dario Hunter / Dawn Neptune Adams,1
Columbia,46 Apiary,President,,,Write-ins,2
Columbia,46 Apiary,President,,,Over Votes,0
Columbia,46 Apiary,President,,,Under Votes,4
Columbia,47 Chapman,President,,REP,Donald J Trump / Michael R Pence,410
Columbia,47 Chapman,President,,DEM,Joseph R Biden / Kamala D Harris,427
Columbia,47 Chapman,President,,LBT,Jo Jorgensen / Jeremy (Spike) Cohen,28
Columbia,47 Chapman,President,,PGP,Howie Hawkins / Angela Walker,6
Columbia,47 Chapman,President,,PRO,Dario Hunter / Dawn Neptune Adams,3
Columbia,47 Chapman,President,,,Write-ins,6
Columbia,47 Chapman,President,,,Over Votes,1
Columbia,47 Chapman,President,,,Under Votes,7
Columbia,48 S Deer Island,President,,REP,Donald J Trump / Michael R Pence,251
Columbia,48 S Deer Island,President,,DEM,Joseph R Biden / Kamala D Harris,125
Columbia,48 S Deer Island,President,,LBT,Jo Jorgensen / Jeremy (Spike) Cohen,10
Columbia,48 S Deer Island,President,,PGP,Howie Hawkins / Angela Walker,2
Columbia,48 S Deer Island,President,,PRO,Dario Hunter / Dawn Neptune Adams,0
Columbia,48 S Deer Island,President,,,Write-ins,5
Columbia,48 S Deer Island,President,,,Over Votes,0
Columbia,48 S Deer Island,President,,,Under Votes,5
Columbia,49 N Deer Island,President,,REP,Donald J Trump / Michael R Pence,336
Columbia,49 N Deer Island,President,,DEM,Joseph R Biden / Kamala D Harris,211
Columbia,49 N Deer Island,President,,LBT,Jo Jorgensen / Jeremy (Spike) Cohen,9
Columbia,49 N Deer Island,President,,PGP,Howie Hawkins / Angela Walker,2
Columbia,49 N Deer Island,President,,PRO,Dario Hunter / Dawn Neptune Adams,3
Columbia,49 N Deer Island,President,,,Write-ins,4
Columbia,49 N Deer Island,President,,,Over Votes,0
Columbia,49 N Deer Island,President,,,Under Votes,6
Columbia,50 City of Prescott,President,,REP,Donald J Trump / Michael R Pence,25
Columbia,50 City of Prescott,President,,DEM,Joseph R Biden / Kamala D Harris,25
Columbia,50 City of Prescott,President,,LBT,Jo Jorgensen / Jeremy (Spike) Cohen,2
Columbia,50 City of Prescott,President,,PGP,Howie Hawkins / Angela Walker,0
Columbia,50 City of Prescott,President,,PRO,Dario Hunter / Dawn Neptune Adams,0
Columbia,50 City of Prescott,President,,,Write-ins,0
Columbia,50 City of Prescott,President,,,Over Votes,0
Columbia,50 City of Prescott,President,,,Under Votes,1
Columbia,51 Mist,President,,REP,Donald J Trump / Michael R Pence,183
Columbia,51 Mist,President,,DEM,Joseph R Biden / Kamala D Harris,125
Columbia,51 Mist,President,,LBT,Jo Jorgensen / Jeremy (Spike) Cohen,6
Columbia,51 Mist,President,,PGP,Howie Hawkins / Angela Walker,0
Columbia,51 Mist,President,,PRO,Dario Hunter / Dawn Neptune Adams,0
Columbia,51 Mist,President,,,Write-ins,1
Columbia,51 Mist,President,,,Over Votes,0
Columbia,51 Mist,President,,,Under Votes,1
Columbia,53 City of Columbia City,President,,REP,Donald J Trump / Michael R Pence,669
Columbia,53 City of Columbia City,President,,DEM,Joseph R Biden / Kamala D Harris,661
Columbia,53 City of Columbia City,President,,LBT,Jo Jorgensen / Jeremy (Spike) Cohen,44
Columbia,53 City of Columbia City,President,,PGP,Howie Hawkins / Angela Walker,8
Columbia,53 City of Columbia City,President,,PRO,Dario Hunter / Dawn Neptune Adams,6
Columbia,53 City of Columbia City,President,,,Write-ins,7
Columbia,53 City of Columbia City,President,,,Over Votes,2
Columbia,53 City of Columbia City,President,,,Under Votes,10
Columbia,01 City of Clatskanie,Secretary of State,,PGP,Nathalie Paravicini,18
Columbia,01 City of Clatskanie,Secretary of State,,LBT,Kyle Markley,38
Columbia,01 City of Clatskanie,Secretary of State,,REP,Kim Thatcher,527
Columbia,01 City of Clatskanie,Secretary of State,,DEM,Shemia Fagan,317
Columbia,01 City of Clatskanie,Secretary of State,,,Write-ins,1
Columbia,01 City of Clatskanie,Secretary of State,,,Over Votes,1
Columbia,01 City of Clatskanie,Secretary of State,,,Under Votes,36
Columbia,04 N Clatskanie-Marshland,Secretary of State,,PGP,Nathalie Paravicini,22
Columbia,04 N Clatskanie-Marshland,Secretary of State,,LBT,Kyle Markley,20
Columbia,04 N Clatskanie-Marshland,Secretary of State,,REP,Kim Thatcher,361
Columbia,04 N Clatskanie-Marshland,Secretary of State,,DEM,Shemia Fagan,216
Columbia,04 N Clatskanie-Marshland,Secretary of State,,,Write-ins,0
Columbia,04 N Clatskanie-Marshland,Secretary of State,,,Over Votes,0
Columbia,04 N Clatskanie-Marshland,Secretary of State,,,Under Votes,24
Columbia,05 S Clatskanie,Secretary of State,,PGP,Nathalie Paravicini,9
Columbia,05 S Clatskanie,Secretary of State,,LBT,Kyle Markley,16
Columbia,05 S Clatskanie,Secretary of State,,REP,Kim Thatcher,362
Columbia,05 S Clatskanie,Secretary of State,,DEM,Shemia Fagan,182
Columbia,05 S Clatskanie,Secretary of State,,,Write-ins,0
Columbia,05 S Clatskanie,Secretary of State,,,Over Votes,0
Columbia,05 S Clatskanie,Secretary of State,,,Under Votes,29
Columbia,06 Delena,Secretary of State,,PGP,Nathalie Paravicini,26
Columbia,06 Delena,Secretary of State,,LBT,Kyle Markley,27
Columbia,06 Delena,Secretary of State,,REP,Kim Thatcher,690
Columbia,06 Delena,Secretary of State,,DEM,Shemia Fagan,451
Columbia,06 Delena,Secretary of State,,,Write-ins,1
Columbia,06 Delena,Secretary of State,,,Over Votes,0
Columbia,06 Delena,Secretary of State,,,Under Votes,36
Columbia,08 GOBLE,Secretary of State,,PGP,Nathalie Paravicini,12
Columbia,08 GOBLE,Secretary of State,,LBT,Kyle Markley,24
Columbia,08 GOBLE,Secretary of State,,REP,Kim Thatcher,430
Columbia,08 GOBLE,Secretary of State,,DEM,Shemia Fagan,236
Columbia,08 GOBLE,Secretary of State,,,Write-ins,2
Columbia,08 GOBLE,Secretary of State,,,Over Votes,0
Columbia,08 GOBLE,Secretary of State,,,Under Votes,38
Columbia,10 Milton,Secretary of State,,PGP,Nathalie Paravicini,16
Columbia,10 Milton,Secretary of State,,LBT,Kyle Markley,28
Columbia,10 Milton,Secretary of State,,REP,Kim Thatcher,474
Columbia,10 Milton,Secretary of State,,DEM,Shemia Fagan,359
Columbia,10 Milton,Secretary of State,,,Write-ins,1
Columbia,10 Milton,Secretary of State,,,Over Votes,0
Columbia,10 Milton,Secretary of State,,,Under Votes,51
Columbia,12 McNulty,Secretary of State,,PGP,Nathalie Paravicini,24
Columbia,12 McNulty,Secretary of State,,LBT,Kyle Markley,37
Columbia,12 McNulty,Secretary of State,,REP,Kim Thatcher,572
Columbia,12 McNulty,Secretary of State,,DEM,Shemia Fagan,404
Columbia,12 McNulty,Secretary of State,,,Write-ins,1
Columbia,12 McNulty,Secretary of State,,,Over Votes,0
Columbia,12 McNulty,Secretary of State,,,Under Votes,42
Columbia,14 Quincy,Secretary of State,,PGP,Nathalie Paravicini,16
Columbia,14 Quincy,Secretary of State,,LBT,Kyle Markley,11
Columbia,14 Quincy,Secretary of State,,REP,Kim Thatcher,297
Columbia,14 Quincy,Secretary of State,,DEM,Shemia Fagan,168
Columbia,14 Quincy,Secretary of State,,,Write-ins,2
Columbia,14 Quincy,Secretary of State,,,Over Votes,0
Columbia,14 Quincy,Secretary of State,,,Under Votes,18
Columbia,15 City of Rainier,Secretary of State,,PGP,Nathalie Paravicini,36
Columbia,15 City of Rainier,Secretary of State,,LBT,Kyle Markley,37
Columbia,15 City of Rainier,Secretary of State,,REP,Kim Thatcher,632
Columbia,15 City of Rainier,Secretary of State,,DEM,Shemia Fagan,363
Columbia,15 City of Rainier,Secretary of State,,,Write-ins,2
Columbia,15 City of Rainier,Secretary of State,,,Over Votes,0
Columbia,15 City of Rainier,Secretary of State,,,Under Votes,49
Columbia,17 W Rainier,Secretary of State,,PGP,Nathalie Paravicini,10
Columbia,17 W Rainier,Secretary of State,,LBT,Kyle Markley,13
Columbia,17 W Rainier,Secretary of State,,REP,Kim Thatcher,266
Columbia,17 W Rainier,Secretary of State,,DEM,Shemia Fagan,148
Columbia,17 W Rainier,Secretary of State,,,Write-ins,1
Columbia,17 W Rainier,Secretary of State,,,Over Votes,0
Columbia,17 W Rainier,Secretary of State,,,Under Votes,13
Columbia,18 E Rainier,Secretary of State,,PGP,Nathalie Paravicini,5
Columbia,18 E Rainier,Secretary of State,,LBT,Kyle Markley,7
Columbia,18 E Rainier,Secretary of State,,REP,Kim Thatcher,105
Columbia,18 E Rainier,Secretary of State,,DEM,Shemia Fagan,72
Columbia,18 E Rainier,Secretary of State,,,Write-ins,0
Columbia,18 E Rainier,Secretary of State,,,Over Votes,0
Columbia,18 E Rainier,Secretary of State,,,Under Votes,7
Columbia,19 S Warren,Secretary of State,,PGP,Nathalie Paravicini,22
Columbia,19 S Warren,Secretary of State,,LBT,Kyle Markley,25
Columbia,19 S Warren,Secretary of State,,REP,Kim Thatcher,561
Columbia,19 S Warren,Secretary of State,,DEM,Shemia Fagan,398
Columbia,19 S Warren,Secretary of State,,,Write-ins,1
Columbia,19 S Warren,Secretary of State,,,Over Votes,0
Columbia,19 S Warren,Secretary of State,,,Under Votes,35
Columbia,20 N Warren,Secretary of State,,PGP,Nathalie Paravicini,16
Columbia,20 N Warren,Secretary of State,,LBT,Kyle Markley,21
Columbia,20 N Warren,Secretary of State,,REP,Kim Thatcher,397
Columbia,20 N Warren,Secretary of State,,DEM,Shemia Fagan,256
Columbia,20 N Warren,Secretary of State,,,Write-ins,1
Columbia,20 N Warren,Secretary of State,,,Over Votes,0
Columbia,20 N Warren,Secretary of State,,,Under Votes,23
Columbia,21 City St Helens One,Secretary of State,,PGP,Nathalie Paravicini,107
Columbia,21 City St Helens One,Secretary of State,,LBT,Kyle Markley,111
Columbia,21 City St Helens One,Secretary of State,,REP,Kim Thatcher,1096
Columbia,21 City St Helens One,Secretary of State,,DEM,Shemia Fagan,1081
Columbia,21 City St Helens One,Secretary of State,,,Write-ins,2
Columbia,21 City St Helens One,Secretary of State,,,Over Votes,0
Columbia,21 City St Helens One,Secretary of State,,,Under Votes,108
Columbia,24 City St Helens Four,Secretary of State,,PGP,Nathalie Paravicini,101
Columbia,24 City St Helens Four,Secretary of State,,LBT,Kyle Markley,95
Columbia,24 City St Helens Four,Secretary of State,,REP,Kim Thatcher,1210
Columbia,24 City St Helens Four,Secretary of State,,DEM,Shemia Fagan,928
Columbia,24 City St Helens Four,Secretary of State,,,Write-ins,0
Columbia,24 City St Helens Four,Secretary of State,,,Over Votes,2
Columbia,24 City St Helens Four,Secretary of State,,,Under Votes,117
Columbia,26 City St Helens Six,Secretary of State,,PGP,Nathalie Paravicini,72
Columbia,26 City St Helens Six,Secretary of State,,LBT,Kyle Markley,98
Columbia,26 City St Helens Six,Secretary of State,,REP,Kim Thatcher,1357
Columbia,26 City St Helens Six,Secretary of State,,DEM,Shemia Fagan,1025
Columbia,26 City St Helens Six,Secretary of State,,,Write-ins,1
Columbia,26 City St Helens Six,Secretary of State,,,Over Votes,0
Columbia,26 City St Helens Six,Secretary of State,,,Under Votes,110
Columbia,31 City of Scappoose One,Secretary of State,,PGP,Nathalie Paravicini,23
Columbia,31 City of Scappoose One,Secretary of State,,LBT,Kyle Markley,30
Columbia,31 City of Scappoose One,Secretary of State,,REP,Kim Thatcher,376
Columbia,31 City of Scappoose One,Secretary of State,,DEM,Shemia Fagan,315
Columbia,31 City of Scappoose One,Secretary of State,,,Write-ins,2
Columbia,31 City of Scappoose One,Secretary of State,,,Over Votes,0
Columbia,31 City of Scappoose One,Secretary of State,,,Under Votes,35
Columbia,32 City of Scappoose Two,Secretary of State,,PGP,Nathalie Paravicini,81
Columbia,32 City of Scappoose Two,Secretary of State,,LBT,Kyle Markley,100
Columbia,32 City of Scappoose Two,Secretary of State,,REP,Kim Thatcher,1064
Columbia,32 City of Scappoose Two,Secretary of State,,DEM,Shemia Fagan,1104
Columbia,32 City of Scappoose Two,Secretary of State,,,Write-ins,3
Columbia,32 City of Scappoose Two,Secretary of State,,,Over Votes,1
Columbia,32 City of Scappoose Two,Secretary of State,,,Under Votes,96
Columbia,34 City of Scappoose Four,Secretary of State,,PGP,Nathalie Paravicini,60
Columbia,34 City of Scappoose Four,Secretary of State,,LBT,Kyle Markley,55
Columbia,34 City of Scappoose Four,Secretary of State,,REP,Kim Thatcher,629
Columbia,34 City of Scappoose Four,Secretary of State,,DEM,Shemia Fagan,613
Columbia,34 City of Scappoose Four,Secretary of State,,,Write-ins,2
Columbia,34 City of Scappoose Four,Secretary of State,,,Over Votes,0
Columbia,34 City of Scappoose Four,Secretary of State,,,Under Votes,57
Columbia,35 SE Scappoose,Secretary of State,,PGP,Nathalie Paravicini,34
Columbia,35 SE Scappoose,Secretary of State,,LBT,Kyle Markley,38
Columbia,35 SE Scappoose,Secretary of State,,REP,Kim Thatcher,585
Columbia,35 SE Scappoose,Secretary of State,,DEM,Shemia Fagan,506
Columbia,35 SE Scappoose,Secretary of State,,,Write-ins,2
Columbia,35 SE Scappoose,Secretary of State,,,Over Votes,1
Columbia,35 SE Scappoose,Secretary of State,,,Under Votes,52
Columbia,36 Canyon,Secretary of State,,PGP,Nathalie Paravicini,12
Columbia,36 Canyon,Secretary of State,,LBT,Kyle Markley,13
Columbia,36 Canyon,Secretary of State,,REP,Kim Thatcher,220
Columbia,36 Canyon,Secretary of State,,DEM,Shemia Fagan,194
Columbia,36 Canyon,Secretary of State,,,Write-ins,0
Columbia,36 Canyon,Secretary of State,,,Over Votes,0
Columbia,36 Canyon,Secretary of State,,,Under Votes,15
Columbia,38 W Scappoose,Secretary of State,,PGP,Nathalie Paravicini,14
Columbia,38 W Scappoose,Secretary of State,,LBT,Kyle Markley,14
Columbia,38 W Scappoose,Secretary of State,,REP,Kim Thatcher,280
Columbia,38 W Scappoose,Secretary of State,,DEM,Shemia Fagan,227
Columbia,38 W Scappoose,Secretary of State,,,Write-ins,0
Columbia,38 W Scappoose,Secretary of State,,,Over Votes,0
Columbia,38 W Scappoose,Secretary of State,,,Under Votes,19
Columbia,39 Sauvie Island,Secretary of State,,PGP,Nathalie Paravicini,5
Columbia,39 Sauvie Island,Secretary of State,,LBT,Kyle Markley,1
Columbia,39 Sauvie Island,Secretary of State,,REP,Kim Thatcher,28
Columbia,39 Sauvie Island,Secretary of State,,DEM,Shemia Fagan,18
Columbia,39 Sauvie Island,Secretary of State,,,Write-ins,0
Columbia,39 Sauvie Island,Secretary of State,,,Over Votes,0
Columbia,39 Sauvie Island,Secretary of State,,,Under Votes,3
Columbia,40 Yankton,Secretary of State,,PGP,Nathalie Paravicini,29
Columbia,40 Yankton,Secretary of State,,LBT,Kyle Markley,38
Columbia,40 Yankton,Secretary of State,,REP,Kim Thatcher,610
Columbia,40 Yankton,Secretary of State,,DEM,Shemia Fagan,391
Columbia,40 Yankton,Secretary of State,,,Write-ins,0
Columbia,40 Yankton,Secretary of State,,,Over Votes,0
Columbia,40 Yankton,Secretary of State,,,Under Votes,51
Columbia,41 City of Vernonia,Secretary of State,,PGP,Nathalie Paravicini,47
Columbia,41 City of Vernonia,Secretary of State,,LBT,Kyle Markley,61
Columbia,41 City of Vernonia,Secretary of State,,REP,Kim Thatcher,850
Columbia,41 City of Vernonia,Secretary of State,,DEM,Shemia Fagan,379
Columbia,41 City of Vernonia,Secretary of State,,,Write-ins,2
Columbia,41 City of Vernonia,Secretary of State,,,Over Votes,0
Columbia,41 City of Vernonia,Secretary of State,,,Under Votes,72
Columbia,44 Rural Vernonia,Secretary of State,,PGP,Nathalie Paravicini,17
Columbia,44 Rural Vernonia,Secretary of State,,LBT,Kyle Markley,27
Columbia,44 Rural Vernonia,Secretary of State,,REP,Kim Thatcher,564
Columbia,44 Rural Vernonia,Secretary of State,,DEM,Shemia Fagan,214
Columbia,44 Rural Vernonia,Secretary of State,,,Write-ins,1
Columbia,44 Rural Vernonia,Secretary of State,,,Over Votes,1
Columbia,44 Rural Vernonia,Secretary of State,,,Under Votes,28
Columbia,46 Apiary,Secretary of State,,PGP,Nathalie Paravicini,10
Columbia,46 Apiary,Secretary of State,,LBT,Kyle Markley,20
Columbia,46 Apiary,Secretary of State,,REP,Kim Thatcher,444
Columbia,46 Apiary,Secretary of State,,DEM,Shemia Fagan,226
Columbia,46 Apiary,Secretary of State,,,Write-ins,0
Columbia,46 Apiary,Secretary of State,,,Over Votes,0
Columbia,46 Apiary,Secretary of State,,,Under Votes,31
Columbia,47 Chapman,Secretary of State,,PGP,Nathalie Paravicini,30
Columbia,47 Chapman,Secretary of State,,LBT,Kyle Markley,36
Columbia,47 Chapman,Secretary of State,,REP,Kim Thatcher,415
Columbia,47 Chapman,Secretary of State,,DEM,Shemia Fagan,368
Columbia,47 Chapman,Secretary of State,,,Write-ins,1
Columbia,47 Chapman,Secretary of State,,,Over Votes,1
Columbia,47 Chapman,Secretary of State,,,Under Votes,37
Columbia,48 S Deer Island,Secretary of State,,PGP,Nathalie Paravicini,12
Columbia,48 S Deer Island,Secretary of State,,LBT,Kyle Markley,8
Columbia,48 S Deer Island,Secretary of State,,REP,Kim Thatcher,246
Columbia,48 S Deer Island,Secretary of State,,DEM,Shemia Fagan,115
Columbia,48 S Deer Island,Secretary of State,,,Write-ins,1
Columbia,48 S Deer Island,Secretary of State,,,Over Votes,0
Columbia,48 S Deer Island,Secretary of State,,,Under Votes,16
Columbia,49 N Deer Island,Secretary of State,,PGP,Nathalie Paravicini,14
Columbia,49 N Deer Island,Secretary of State,,LBT,Kyle Markley,19
Columbia,49 N Deer Island,Secretary of State,,REP,Kim Thatcher,321
Columbia,49 N Deer Island,Secretary of State,,DEM,Shemia Fagan,198
Columbia,49 N Deer Island,Secretary of State,,,Write-ins,0
Columbia,49 N Deer Island,Secretary of State,,,Over Votes,0
Columbia,49 N Deer Island,Secretary of State,,,Under Votes,19
Columbia,50 City of Prescott,Secretary of State,,PGP,Nathalie Paravicini,0
Columbia,50 City of Prescott,Secretary of State,,LBT,Kyle Markley,1
Columbia,50 City of Prescott,Secretary of State,,REP,Kim Thatcher,24
Columbia,50 City of Prescott,Secretary of State,,DEM,Shemia Fagan,27
Columbia,50 City of Prescott,Secretary of State,,,Write-ins,0
Columbia,50 City of Prescott,Secretary of State,,,Over Votes,0
Columbia,50 City of Prescott,Secretary of State,,,Under Votes,1
Columbia,51 Mist,Secretary of State,,PGP,Nathalie Paravicini,6
Columbia,51 Mist,Secretary of State,,LBT,Kyle Markley,5
Columbia,51 Mist,Secretary of State,,REP,Kim Thatcher,192
Columbia,51 Mist,Secretary of State,,DEM,Shemia Fagan,105
Columbia,51 Mist,Secretary of State,,,Write-ins,0
Columbia,51 Mist,Secretary of State,,,Over Votes,0
Columbia,51 Mist,Secretary of State,,,Under Votes,8
Columbia,53 City of Columbia City,Secretary of State,,PGP,Nathalie Paravicini,42
Columbia,53 City of Columbia City,Secretary of State,,LBT,Kyle Markley,48
Columbia,53 City of Columbia City,Secretary of State,,REP,Kim Thatcher,666
Columbia,53 City of Columbia City,Secretary of State,,DEM,Shemia Fagan,603
Columbia,53 City of Columbia City,Secretary of State,,,Write-ins,1
Columbia,53 City of Columbia City,Secretary of State,,,Over Votes,0
Columbia,53 City of Columbia City,Secretary of State,,,Under Votes,47
Columbia,01 City of Clatskanie,State Representative,31,DEM,Brad Witt,373
Columbia,01 City of Clatskanie,State Representative,31,REP,Brian G Stout,530
Columbia,01 City of Clatskanie,State Representative,31,,Write-ins,2
Columbia,01 City of Clatskanie,State Representative,31,,Over Votes,2
Columbia,01 City of Clatskanie,State Representative,31,,Under Votes,31
Columbia,04 N Clatskanie-Marshland,State Representative,31,DEM,Brad Witt,270
Columbia,04 N Clatskanie-Marshland,State Representative,31,REP,Brian G Stout,356
Columbia,04 N Clatskanie-Marshland,State Representative,31,,Write-ins,1
Columbia,04 N Clatskanie-Marshland,State Representative,31,,Over Votes,0
Columbia,04 N Clatskanie-Marshland,State Representative,31,,Under Votes,16
Columbia,05 S Clatskanie,State Representative,31,DEM,Brad Witt,212
Columbia,05 S Clatskanie,State Representative,31,REP,Brian G Stout,364
Columbia,05 S Clatskanie,State Representative,31,,Write-ins,0
Columbia,05 S Clatskanie,State Representative,31,,Over Votes,0
Columbia,05 S Clatskanie,State Representative,31,,Under Votes,22
Columbia,06 Delena,State Representative,31,DEM,Brad Witt,520
Columbia,06 Delena,State Representative,31,REP,Brian G Stout,670
Columbia,06 Delena,State Representative,31,,Write-ins,2
Columbia,06 Delena,State Representative,31,,Over Votes,0
Columbia,06 Delena,State Representative,31,,Under Votes,39
Columbia,08 GOBLE,State Representative,31,DEM,Brad Witt,261
Columbia,08 GOBLE,State Representative,31,REP,Brian G Stout,442
Columbia,08 GOBLE,State Representative,31,,Write-ins,2
Columbia,08 GOBLE,State Representative,31,,Over Votes,0
Columbia,08 GOBLE,State Representative,31,,Under Votes,37
Columbia,10 Milton,State Representative,31,DEM,Brad Witt,393
Columbia,10 Milton,State Representative,31,REP,Brian G Stout,486
Columbia,10 Milton,State Representative,31,,Write-ins,1
Columbia,10 Milton,State Representative,31,,Over Votes,0
Columbia,10 Milton,State Representative,31,,Under Votes,49
Columbia,12 McNulty,State Representative,31,DEM,Brad Witt,484
Columbia,12 McNulty,State Representative,31,REP,Brian G Stout,551
Columbia,12 McNulty,State Representative,31,,Write-ins,2
Columbia,12 McNulty,State Representative,31,,Over Votes,1
Columbia,12 McNulty,State Representative,31,,Under Votes,42
Columbia,14 Quincy,State Representative,31,DEM,Brad Witt,204
Columbia,14 Quincy,State Representative,31,REP,Brian G Stout,285
Columbia,14 Quincy,State Representative,31,,Write-ins,2
Columbia,14 Quincy,State Representative,31,,Over Votes,0
Columbia,14 Quincy,State Representative,31,,Under Votes,21
Columbia,15 City of Rainier,State Representative,31,DEM,Brad Witt,462
Columbia,15 City of Rainier,State Representative,31,REP,Brian G Stout,598
Columbia,15 City of Rainier,State Representative,31,,Write-ins,0
Columbia,15 City of Rainier,State Representative,31,,Over Votes,0
Columbia,15 City of Rainier,State Representative,31,,Under Votes,59
Columbia,17 W Rainier,State Representative,31,DEM,Brad Witt,170
Columbia,17 W Rainier,State Representative,31,REP,Brian G Stout,261
Columbia,17 W Rainier,State Representative,31,,Write-ins,1
Columbia,17 W Rainier,State Representative,31,,Over Votes,0
Columbia,17 W Rainier,State Representative,31,,Under Votes,19
Columbia,18 E Rainier,State Representative,31,DEM,Brad Witt,93
Columbia,18 E Rainier,State Representative,31,REP,Brian G Stout,100
Columbia,18 E Rainier,State Representative,31,,Write-ins,0
Columbia,18 E Rainier,State Representative,31,,Over Votes,0
Columbia,18 E Rainier,State Representative,31,,Under Votes,3
Columbia,19 S Warren,State Representative,31,DEM,Brad Witt,478
Columbia,19 S Warren,State Representative,31,REP,Brian G Stout,521
Columbia,19 S Warren,State Representative,31,,Write-ins,1
Columbia,19 S Warren,State Representative,31,,Over Votes,1
Columbia,19 S Warren,State Representative,31,,Under Votes,41
Columbia,20 N Warren,State Representative,31,DEM,Brad Witt,289
Columbia,20 N Warren,State Representative,31,REP,Brian G Stout,400
Columbia,20 N Warren,State Representative,31,,Write-ins,2
Columbia,20 N Warren,State Representative,31,,Over Votes,0
Columbia,20 N Warren,State Representative,31,,Under Votes,23
Columbia,21 City St Helens One,State Representative,31,DEM,Brad Witt,1270
Columbia,21 City St Helens One,State Representative,31,REP,Brian G Stout,1130
Columbia,21 City St Helens One,State Representative,31,,Write-ins,2
Columbia,21 City St Helens One,State Representative,31,,Over Votes,0
Columbia,21 City St Helens One,State Representative,31,,Under Votes,103
Columbia,24 City St Helens Four,State Representative,31,DEM,Brad Witt,1121
Columbia,24 City St Helens Four,State Representative,31,REP,Brian G Stout,1219
Columbia,24 City St Helens Four,State Representative,31,,Write-ins,3
Columbia,24 City St Helens Four,State Representative,31,,Over Votes,2
Columbia,24 City St Helens Four,State Representative,31,,Under Votes,108
Columbia,26 City St Helens Six,State Representative,31,DEM,Brad Witt,1190
Columbia,26 City St Helens Six,State Representative,31,REP,Brian G Stout,1361
Columbia,26 City St Helens Six,State Representative,31,,Write-ins,3
Columbia,26 City St Helens Six,State Representative,31,,Over Votes,0
Columbia,26 City St Helens Six,State Representative,31,,Under Votes,109
Columbia,31 City of Scappoose One,State Representative,31,DEM,Brad Witt,372
Columbia,31 City of Scappoose One,State Representative,31,REP,Brian G Stout,369
Columbia,31 City of Scappoose One,State Representative,31,,Write-ins,4
Columbia,31 City of Scappoose One,State Representative,31,,Over Votes,0
Columbia,31 City of Scappoose One,State Representative,31,,Under Votes,36
Columbia,32 City of Scappoose Two,State Representative,31,DEM,Brad Witt,1305
Columbia,32 City of Scappoose Two,State Representative,31,REP,Brian G Stout,1044
Columbia,32 City of Scappoose Two,State Representative,31,,Write-ins,2
Columbia,32 City of Scappoose Two,State Representative,31,,Over Votes,1
Columbia,32 City of Scappoose Two,State Representative,31,,Under Votes,97
Columbia,34 City of Scappoose Four,State Representative,31,DEM,Brad Witt,726
Columbia,34 City of Scappoose Four,State Representative,31,REP,Brian G Stout,633
Columbia,34 City of Scappoose Four,State Representative,31,,Write-ins,0
Columbia,34 City of Scappoose Four,State Representative,31,,Over Votes,1
Columbia,34 City of Scappoose Four,State Representative,31,,Under Votes,56
Columbia,35 SE Scappoose,State Representative,31,DEM,Brad Witt,581
Columbia,35 SE Scappoose,State Representative,31,REP,Brian G Stout,580
Columbia,35 SE Scappoose,State Representative,31,,Write-ins,2
Columbia,35 SE Scappoose,State Representative,31,,Over Votes,0
Columbia,35 SE Scappoose,State Representative,31,,Under Votes,55
Columbia,36 Canyon,State Representative,31,DEM,Brad Witt,234
Columbia,36 Canyon,State Representative,31,REP,Brian G Stout,196
Columbia,36 Canyon,State Representative,31,,Write-ins,2
Columbia,36 Canyon,State Representative,31,,Over Votes,0
Columbia,36 Canyon,State Representative,31,,Under Votes,22
Columbia,38 W Scappoose,State Representative,31,DEM,Brad Witt,256
Columbia,38 W Scappoose,State Representative,31,REP,Brian G Stout,285
Columbia,38 W Scappoose,State Representative,31,,Write-ins,0
Columbia,38 W Scappoose,State Representative,31,,Over Votes,0
Columbia,38 W Scappoose,State Representative,31,,Under Votes,13
Columbia,39 Sauvie Island,State Representative,31,DEM,Brad Witt,27
Columbia,39 Sauvie Island,State Representative,31,REP,Brian G Stout,25
Columbia,39 Sauvie Island,State Representative,31,,Write-ins,0
Columbia,39 Sauvie Island,State Representative,31,,Over Votes,0
Columbia,39 Sauvie Island,State Representative,31,,Under Votes,3
Columbia,40 Yankton,State Representative,31,DEM,Brad Witt,455
Columbia,40 Yankton,State Representative,31,REP,Brian G Stout,614
Columbia,40 Yankton,State Representative,31,,Write-ins,1
Columbia,40 Yankton,State Representative,31,,Over Votes,0
Columbia,40 Yankton,State Representative,31,,Under Votes,49
Columbia,41 City of Vernonia,State Representative,31,DEM,Brad Witt,509
Columbia,41 City of Vernonia,State Representative,31,REP,Brian G Stout,837
Columbia,41 City of Vernonia,State Representative,31,,Write-ins,2
Columbia,41 City of Vernonia,State Representative,31,,Over Votes,0
Columbia,41 City of Vernonia,State Representative,31,,Under Votes,63
Columbia,44 Rural Vernonia,State Representative,31,DEM,Brad Witt,269
Columbia,44 Rural Vernonia,State Representative,31,REP,Brian G Stout,556
Columbia,44 Rural Vernonia,State Representative,31,,Write-ins,1
Columbia,44 Rural Vernonia,State Representative,31,,Over Votes,1
Columbia,44 Rural Vernonia,State Representative,31,,Under Votes,25
Columbia,46 Apiary,State Representative,31,DEM,Brad Witt,257
Columbia,46 Apiary,State Representative,31,REP,Brian G Stout,446
Columbia,46 Apiary,State Representative,31,,Write-ins,0
Columbia,46 Apiary,State Representative,31,,Over Votes,0
Columbia,46 Apiary,State Representative,31,,Under Votes,28
Columbia,47 Chapman,State Representative,31,DEM,Brad Witt,437
Columbia,47 Chapman,State Representative,31,REP,Brian G Stout,413
Columbia,47 Chapman,State Representative,31,,Write-ins,1
Columbia,47 Chapman,State Representative,31,,Over Votes,1
Columbia,47 Chapman,State Representative,31,,Under Votes,36
Columbia,48 S Deer Island,State Representative,31,DEM,Brad Witt,131
Columbia,48 S Deer Island,State Representative,31,REP,Brian G Stout,252
Columbia,48 S Deer Island,State Representative,31,,Write-ins,1
Columbia,48 S Deer Island,State Representative,31,,Over Votes,0
Columbia,48 S Deer Island,State Representative,31,,Under Votes,14
Columbia,49 N Deer Island,State Representative,31,DEM,Brad Witt,211
Columbia,49 N Deer Island,State Representative,31,REP,Brian G Stout,341
Columbia,49 N Deer Island,State Representative,31,,Write-ins,0
Columbia,49 N Deer Island,State Representative,31,,Over Votes,0
Columbia,49 N Deer Island,State Representative,31,,Under Votes,19
Columbia,50 City of Prescott,State Representative,31,DEM,Brad Witt,27
Columbia,50 City of Prescott,State Representative,31,REP,Brian G Stout,24
Columbia,50 City of Prescott,State Representative,31,,Write-ins,0
Columbia,50 City of Prescott,State Representative,31,,Over Votes,0
Columbia,50 City of Prescott,State Representative,31,,Under Votes,2
Columbia,51 Mist,State Representative,31,DEM,Brad Witt,127
Columbia,51 Mist,State Representative,31,REP,Brian G Stout,181
Columbia,51 Mist,State Representative,31,,Write-ins,0
Columbia,51 Mist,State Representative,31,,Over Votes,0
Columbia,51 Mist,State Representative,31,,Under Votes,8
Columbia,53 City of Columbia City,State Representative,31,DEM,Brad Witt,676
Columbia,53 City of Columbia City,State Representative,31,REP,Brian G Stout,678
Columbia,53 City of Columbia City,State Representative,31,,Write-ins,3
Columbia,53 City of Columbia City,State Representative,31,,Over Votes,0
Columbia,53 City of Columbia City,State Representative,31,,Under Votes,50
Columbia,01 City of Clatskanie,State Treasurer,,CON,Michael P Marsh,40
Columbia,01 City of Clatskanie,State Treasurer,,DEM,Tobias Read,330
Columbia,01 City of Clatskanie,State Treasurer,,IND,Chris Henry,49
Columbia,01 City of Clatskanie,State Treasurer,,REP,Jeff Gudman,477
Columbia,01 City of Clatskanie,State Treasurer,,,Write-ins,2
Columbia,01 City of Clatskanie,State Treasurer,,,Over Votes,1
Columbia,01 City of Clatskanie,State Treasurer,,,Under Votes,39
Columbia,04 N Clatskanie-Marshland,State Treasurer,,CON,Michael P Marsh,14
Columbia,04 N Clatskanie-Marshland,State Treasurer,,DEM,Tobias Read,231
Columbia,04 N Clatskanie-Marshland,State Treasurer,,IND,Chris Henry,27
Columbia,04 N Clatskanie-Marshland,State Treasurer,,REP,Jeff Gudman,346
Columbia,04 N Clatskanie-Marshland,State Treasurer,,,Write-ins,0
Columbia,04 N Clatskanie-Marshland,State Treasurer,,,Over Votes,0
Columbia,04 N Clatskanie-Marshland,State Treasurer,,,Under Votes,25
Columbia,05 S Clatskanie,State Treasurer,,CON,Michael P Marsh,19
Columbia,05 S Clatskanie,State Treasurer,,DEM,Tobias Read,196
Columbia,05 S Clatskanie,State Treasurer,,IND,Chris Henry,14
Columbia,05 S Clatskanie,State Treasurer,,REP,Jeff Gudman,339
Columbia,05 S Clatskanie,State Treasurer,,,Write-ins,0
Columbia,05 S Clatskanie,State Treasurer,,,Over Votes,1
Columbia,05 S Clatskanie,State Treasurer,,,Under Votes,29
Columbia,06 Delena,State Treasurer,,CON,Michael P Marsh,47
Columbia,06 Delena,State Treasurer,,DEM,Tobias Read,463
Columbia,06 Delena,State Treasurer,,IND,Chris Henry,40
Columbia,06 Delena,State Treasurer,,REP,Jeff Gudman,636
Columbia,06 Delena,State Treasurer,,,Write-ins,3
Columbia,06 Delena,State Treasurer,,,Over Votes,0
Columbia,06 Delena,State Treasurer,,,Under Votes,42
Columbia,08 GOBLE,State Treasurer,,CON,Michael P Marsh,37
Columbia,08 GOBLE,State Treasurer,,DEM,Tobias Read,245
Columbia,08 GOBLE,State Treasurer,,IND,Chris Henry,20
Columbia,08 GOBLE,State Treasurer,,REP,Jeff Gudman,397
Columbia,08 GOBLE,State Treasurer,,,Write-ins,3
Columbia,08 GOBLE,State Treasurer,,,Over Votes,0
Columbia,08 GOBLE,State Treasurer,,,Under Votes,40
Columbia,10 Milton,State Treasurer,,CON,Michael P Marsh,29
Columbia,10 Milton,State Treasurer,,DEM,Tobias Read,368
Columbia,10 Milton,State Treasurer,,IND,Chris Henry,31
Columbia,10 Milton,State Treasurer,,REP,Jeff Gudman,440
Columbia,10 Milton,State Treasurer,,,Write-ins,1
Columbia,10 Milton,State Treasurer,,,Over Votes,0
Columbia,10 Milton,State Treasurer,,,Under Votes,60
Columbia,12 McNulty,State Treasurer,,CON,Michael P Marsh,20
Columbia,12 McNulty,State Treasurer,,DEM,Tobias Read,418
Columbia,12 McNulty,State Treasurer,,IND,Chris Henry,49
Columbia,12 McNulty,State Treasurer,,REP,Jeff Gudman,541
Columbia,12 McNulty,State Treasurer,,,Write-ins,1
Columbia,12 McNulty,State Treasurer,,,Over Votes,0
Columbia,12 McNulty,State Treasurer,,,Under Votes,51
Columbia,14 Quincy,State Treasurer,,CON,Michael P Marsh,22
Columbia,14 Quincy,State Treasurer,,DEM,Tobias Read,179
Columbia,14 Quincy,State Treasurer,,IND,Chris Henry,20
Columbia,14 Quincy,State Treasurer,,REP,Jeff Gudman,272
Columbia,14 Quincy,State Treasurer,,,Write-ins,2
Columbia,14 Quincy,State Treasurer,,,Over Votes,0
Columbia,14 Quincy,State Treasurer,,,Under Votes,17
Columbia,15 City of Rainier,State Treasurer,,CON,Michael P Marsh,35
Columbia,15 City of Rainier,State Treasurer,,DEM,Tobias Read,401
Columbia,15 City of Rainier,State Treasurer,,IND,Chris Henry,37
Columbia,15 City of Rainier,State Treasurer,,REP,Jeff Gudman,584
Columbia,15 City of Rainier,State Treasurer,,,Write-ins,2
Columbia,15 City of Rainier,State Treasurer,,,Over Votes,0
Columbia,15 City of Rainier,State Treasurer,,,Under Votes,60
Columbia,17 W Rainier,State Treasurer,,CON,Michael P Marsh,16
Columbia,17 W Rainier,State Treasurer,,DEM,Tobias Read,151
Columbia,17 W Rainier,State Treasurer,,IND,Chris Henry,21
Columbia,17 W Rainier,State Treasurer,,REP,Jeff Gudman,244
Columbia,17 W Rainier,State Treasurer,,,Write-ins,3
Columbia,17 W Rainier,State Treasurer,,,Over Votes,0
Columbia,17 W Rainier,State Treasurer,,,Under Votes,16
Columbia,18 E Rainier,State Treasurer,,CON,Michael P Marsh,3
Columbia,18 E Rainier,State Treasurer,,DEM,Tobias Read,78
Columbia,18 E Rainier,State Treasurer,,IND,Chris Henry,6
Columbia,18 E Rainier,State Treasurer,,REP,Jeff Gudman,100
Columbia,18 E Rainier,State Treasurer,,,Write-ins,0
Columbia,18 E Rainier,State Treasurer,,,Over Votes,0
Columbia,18 E Rainier,State Treasurer,,,Under Votes,9
Columbia,19 S Warren,State Treasurer,,CON,Michael P Marsh,24
Columbia,19 S Warren,State Treasurer,,DEM,Tobias Read,405
Columbia,19 S Warren,State Treasurer,,IND,Chris Henry,36
Columbia,19 S Warren,State Treasurer,,REP,Jeff Gudman,522
Columbia,19 S Warren,State Treasurer,,,Write-ins,0
Columbia,19 S Warren,State Treasurer,,,Over Votes,0
Columbia,19 S Warren,State Treasurer,,,Under Votes,55
Columbia,20 N Warren,State Treasurer,,CON,Michael P Marsh,12
Columbia,20 N Warren,State Treasurer,,DEM,Tobias Read,273
Columbia,20 N Warren,State Treasurer,,IND,Chris Henry,19
Columbia,20 N Warren,State Treasurer,,REP,Jeff Gudman,380
Columbia,20 N Warren,State Treasurer,,,Write-ins,1
Columbia,20 N Warren,State Treasurer,,,Over Votes,0
Columbia,20 N Warren,State Treasurer,,,Under Votes,29
Columbia,21 City St Helens One,State Treasurer,,CON,Michael P Marsh,119
Columbia,21 City St Helens One,State Treasurer,,DEM,Tobias Read,1081
Columbia,21 City St Helens One,State Treasurer,,IND,Chris Henry,146
Columbia,21 City St Helens One,State Treasurer,,REP,Jeff Gudman,1019
Columbia,21 City St Helens One,State Treasurer,,,Write-ins,3
Columbia,21 City St Helens One,State Treasurer,,,Over Votes,1
Columbia,21 City St Helens One,State Treasurer,,,Under Votes,136
Columbia,24 City St Helens Four,State Treasurer,,CON,Michael P Marsh,89
Columbia,24 City St Helens Four,State Treasurer,,DEM,Tobias Read,965
Columbia,24 City St Helens Four,State Treasurer,,IND,Chris Henry,138
Columbia,24 City St Helens Four,State Treasurer,,REP,Jeff Gudman,1130
Columbia,24 City St Helens Four,State Treasurer,,,Write-ins,3
Columbia,24 City St Helens Four,State Treasurer,,,Over Votes,1
Columbia,24 City St Helens Four,State Treasurer,,,Under Votes,127
Columbia,26 City St Helens Six,State Treasurer,,CON,Michael P Marsh,86
Columbia,26 City St Helens Six,State Treasurer,,DEM,Tobias Read,1040
Columbia,26 City St Helens Six,State Treasurer,,IND,Chris Henry,124
Columbia,26 City St Helens Six,State Treasurer,,REP,Jeff Gudman,1289
Columbia,26 City St Helens Six,State Treasurer,,,Write-ins,2
Columbia,26 City St Helens Six,State Treasurer,,,Over Votes,0
Columbia,26 City St Helens Six,State Treasurer,,,Under Votes,122
Columbia,31 City of Scappoose One,State Treasurer,,CON,Michael P Marsh,19
Columbia,31 City of Scappoose One,State Treasurer,,DEM,Tobias Read,326
Columbia,31 City of Scappoose One,State Treasurer,,IND,Chris Henry,33
Columbia,31 City of Scappoose One,State Treasurer,,REP,Jeff Gudman,368
Columbia,31 City of Scappoose One,State Treasurer,,,Write-ins,1
Columbia,31 City of Scappoose One,State Treasurer,,,Over Votes,0
Columbia,31 City of Scappoose One,State Treasurer,,,Under Votes,34
Columbia,32 City of Scappoose Two,State Treasurer,,CON,Michael P Marsh,66
Columbia,32 City of Scappoose Two,State Treasurer,,DEM,Tobias Read,1114
Columbia,32 City of Scappoose Two,State Treasurer,,IND,Chris Henry,140
Columbia,32 City of Scappoose Two,State Treasurer,,REP,Jeff Gudman,1009
Columbia,32 City of Scappoose Two,State Treasurer,,,Write-ins,2
Columbia,32 City of Scappoose Two,State Treasurer,,,Over Votes,1
Columbia,32 City of Scappoose Two,State Treasurer,,,Under Votes,117
Columbia,34 City of Scappoose Four,State Treasurer,,CON,Michael P Marsh,45
Columbia,34 City of Scappoose Four,State Treasurer,,DEM,Tobias Read,630
Columbia,34 City of Scappoose Four,State Treasurer,,IND,Chris Henry,97
Columbia,34 City of Scappoose Four,State Treasurer,,REP,Jeff Gudman,577
Columbia,34 City of Scappoose Four,State Treasurer,,,Write-ins,2
Columbia,34 City of Scappoose Four,State Treasurer,,,Over Votes,0
Columbia,34 City of Scappoose Four,State Treasurer,,,Under Votes,65
Columbia,35 SE Scappoose,State Treasurer,,CON,Michael P Marsh,37
Columbia,35 SE Scappoose,State Treasurer,,DEM,Tobias Read,506
Columbia,35 SE Scappoose,State Treasurer,,IND,Chris Henry,55
Columbia,35 SE Scappoose,State Treasurer,,REP,Jeff Gudman,566
Columbia,35 SE Scappoose,State Treasurer,,,Write-ins,1
Columbia,35 SE Scappoose,State Treasurer,,,Over Votes,0
Columbia,35 SE Scappoose,State Treasurer,,,Under Votes,53
Columbia,36 Canyon,State Treasurer,,CON,Michael P Marsh,14
Columbia,36 Canyon,State Treasurer,,DEM,Tobias Read,202
Columbia,36 Canyon,State Treasurer,,IND,Chris Henry,15
Columbia,36 Canyon,State Treasurer,,REP,Jeff Gudman,201
Columbia,36 Canyon,State Treasurer,,,Write-ins,0
Columbia,36 Canyon,State Treasurer,,,Over Votes,0
Columbia,36 Canyon,State Treasurer,,,Under Votes,22
Columbia,38 W Scappoose,State Treasurer,,CON,Michael P Marsh,7
Columbia,38 W Scappoose,State Treasurer,,DEM,Tobias Read,234
Columbia,38 W Scappoose,State Treasurer,,IND,Chris Henry,17
Columbia,38 W Scappoose,State Treasurer,,REP,Jeff Gudman,272
Columbia,38 W Scappoose,State Treasurer,,,Write-ins,1
Columbia,38 W Scappoose,State Treasurer,,,Over Votes,0
Columbia,38 W Scappoose,State Treasurer,,,Under Votes,23
Columbia,39 Sauvie Island,State Treasurer,,CON,Michael P Marsh,2
Columbia,39 Sauvie Island,State Treasurer,,DEM,Tobias Read,25
Columbia,39 Sauvie Island,State Treasurer,,IND,Chris Henry,3
Columbia,39 Sauvie Island,State Treasurer,,REP,Jeff Gudman,21
Columbia,39 Sauvie Island,State Treasurer,,,Write-ins,0
Columbia,39 Sauvie Island,State Treasurer,,,Over Votes,0
Columbia,39 Sauvie Island,State Treasurer,,,Under Votes,4
Columbia,40 Yankton,State Treasurer,,CON,Michael P Marsh,27
Columbia,40 Yankton,State Treasurer,,DEM,Tobias Read,399
Columbia,40 Yankton,State Treasurer,,IND,Chris Henry,41
Columbia,40 Yankton,State Treasurer,,REP,Jeff Gudman,590
Columbia,40 Yankton,State Treasurer,,,Write-ins,0
Columbia,40 Yankton,State Treasurer,,,Over Votes,0
Columbia,40 Yankton,State Treasurer,,,Under Votes,62
Columbia,41 City of Vernonia,State Treasurer,,CON,Michael P Marsh,75
Columbia,41 City of Vernonia,State Treasurer,,DEM,Tobias Read,400
Columbia,41 City of Vernonia,State Treasurer,,IND,Chris Henry,69
Columbia,41 City of Vernonia,State Treasurer,,REP,Jeff Gudman,786
Columbia,41 City of Vernonia,State Treasurer,,,Write-ins,3
Columbia,41 City of Vernonia,State Treasurer,,,Over Votes,0
Columbia,41 City of Vernonia,State Treasurer,,,Under Votes,78
Columbia,44 Rural Vernonia,State Treasurer,,CON,Michael P Marsh,25
Columbia,44 Rural Vernonia,State Treasurer,,DEM,Tobias Read,228
Columbia,44 Rural Vernonia,State Treasurer,,IND,Chris Henry,32
Columbia,44 Rural Vernonia,State Treasurer,,REP,Jeff Gudman,530
Columbia,44 Rural Vernonia,State Treasurer,,,Write-ins,1
Columbia,44 Rural Vernonia,State Treasurer,,,Over Votes,1
Columbia,44 Rural Vernonia,State Treasurer,,,Under Votes,35
Columbia,46 Apiary,State Treasurer,,CON,Michael P Marsh,18
Columbia,46 Apiary,State Treasurer,,DEM,Tobias Read,229
Columbia,46 Apiary,State Treasurer,,IND,Chris Henry,15
Columbia,46 Apiary,State Treasurer,,REP,Jeff Gudman,438
Columbia,46 Apiary,State Treasurer,,,Write-ins,0
Columbia,46 Apiary,State Treasurer,,,Over Votes,1
Columbia,46 Apiary,State Treasurer,,,Under Votes,30
Columbia,47 Chapman,State Treasurer,,CON,Michael P Marsh,26
Columbia,47 Chapman,State Treasurer,,DEM,Tobias Read,374
Columbia,47 Chapman,State Treasurer,,IND,Chris Henry,43
Columbia,47 Chapman,State Treasurer,,REP,Jeff Gudman,393
Columbia,47 Chapman,State Treasurer,,,Write-ins,2
Columbia,47 Chapman,State Treasurer,,,Over Votes,1
Columbia,47 Chapman,State Treasurer,,,Under Votes,49
Columbia,48 S Deer Island,State Treasurer,,CON,Michael P Marsh,24
Columbia,48 S Deer Island,State Treasurer,,DEM,Tobias Read,130
Columbia,48 S Deer Island,State Treasurer,,IND,Chris Henry,8
Columbia,48 S Deer Island,State Treasurer,,REP,Jeff Gudman,216
Columbia,48 S Deer Island,State Treasurer,,,Write-ins,2
Columbia,48 S Deer Island,State Treasurer,,,Over Votes,0
Columbia,48 S Deer Island,State Treasurer,,,Under Votes,18
Columbia,49 N Deer Island,State Treasurer,,CON,Michael P Marsh,28
Columbia,49 N Deer Island,State Treasurer,,DEM,Tobias Read,206
Columbia,49 N Deer Island,State Treasurer,,IND,Chris Henry,15
Columbia,49 N Deer Island,State Treasurer,,REP,Jeff Gudman,301
Columbia,49 N Deer Island,State Treasurer,,,Write-ins,1
Columbia,49 N Deer Island,State Treasurer,,,Over Votes,0
Columbia,49 N Deer Island,State Treasurer,,,Under Votes,20
Columbia,50 City of Prescott,State Treasurer,,CON,Michael P Marsh,1
Columbia,50 City of Prescott,State Treasurer,,DEM,Tobias Read,24
Columbia,50 City of Prescott,State Treasurer,,IND,Chris Henry,1
Columbia,50 City of Prescott,State Treasurer,,REP,Jeff Gudman,26
Columbia,50 City of Prescott,State Treasurer,,,Write-ins,0
Columbia,50 City of Prescott,State Treasurer,,,Over Votes,0
Columbia,50 City of Prescott,State Treasurer,,,Under Votes,1
Columbia,51 Mist,State Treasurer,,CON,Michael P Marsh,5
Columbia,51 Mist,State Treasurer,,DEM,Tobias Read,116
Columbia,51 Mist,State Treasurer,,IND,Chris Henry,6
Columbia,51 Mist,State Treasurer,,REP,Jeff Gudman,181
Columbia,51 Mist,State Treasurer,,,Write-ins,0
Columbia,51 Mist,State Treasurer,,,Over Votes,0
Columbia,51 Mist,State Treasurer,,,Under Votes,8
Columbia,53 City of Columbia City,State Treasurer,,CON,Michael P Marsh,42
Columbia,53 City of Columbia City,State Treasurer,,DEM,Tobias Read,630
Columbia,53 City of Columbia City,State Treasurer,,IND,Chris Henry,62
Columbia,53 City of Columbia City,State Treasurer,,REP,Jeff Gudman,616
Columbia,53 City of Columbia City,State Treasurer,,,Write-ins,1
Columbia,53 City of Columbia City,State Treasurer,,,Over Votes,0
Columbia,53 City of Columbia City,State Treasurer,,,Under Votes,56
Columbia,01 City of Clatskanie,Registered Voters,,,,1261
Columbia,01 City of Clatskanie,Ballots Cast,,,,938
Columbia,04 N Clatskanie-Marshland,Registered Voters,,,,830
Columbia,04 N Clatskanie-Marshland,Ballots Cast,,,,643
Columbia,05 S Clatskanie,Registered Voters,,,,728
Columbia,05 S Clatskanie,Ballots Cast,,,,598
Columbia,06 Delena,Registered Voters,,,,1528
Columbia,06 Delena,Ballots Cast,,,,1231
Columbia,08 GOBLE,Registered Voters,,,,972
Columbia,08 GOBLE,Ballots Cast,,,,742
Columbia,10 Milton,Registered Voters,,,,1079
Columbia,10 Milton,Ballots Cast,,,,929
Columbia,12 McNulty,Registered Voters,,,,1295
Columbia,12 McNulty,Ballots Cast,,,,1080
Columbia,14 Quincy,Registered Voters,,,,609
Columbia,14 Quincy,Ballots Cast,,,,512
Columbia,15 City of Rainier,Registered Voters,,,,1456
Columbia,15 City of Rainier,Ballots Cast,,,,1119
Columbia,17 W Rainier,Registered Voters,,,,637
Columbia,17 W Rainier,Ballots Cast,,,,451
Columbia,18 E Rainier,Registered Voters,,,,250
Columbia,18 E Rainier,Ballots Cast,,,,196
Columbia,19 S Warren,Registered Voters,,,,1185
Columbia,19 S Warren,Ballots Cast,,,,1042
Columbia,20 N Warren,Registered Voters,,,,810
Columbia,20 N Warren,Ballots Cast,,,,714
Columbia,21 City St Helens One,Registered Voters,,,,3334
Columbia,21 City St Helens One,Ballots Cast,,,,2505
Columbia,24 City St Helens Four,Registered Voters,,,,3307
Columbia,24 City St Helens Four,Ballots Cast,,,,2453
Columbia,26 City St Helens Six,Registered Voters,,,,3304
Columbia,26 City St Helens Six,Ballots Cast,,,,2663
Columbia,31 City of Scappoose One,Registered Voters,,,,929
Columbia,31 City of Scappoose One,Ballots Cast,,,,781
Columbia,32 City of Scappoose Two,Registered Voters,,,,2909
Columbia,32 City of Scappoose Two,Ballots Cast,,,,2449
Columbia,34 City of Scappoose Four,Registered Voters,,,,1689
Columbia,34 City of Scappoose Four,Ballots Cast,,,,1416
Columbia,35 SE Scappoose,Registered Voters,,,,1474
Columbia,35 SE Scappoose,Ballots Cast,,,,1218
Columbia,36 Canyon,Registered Voters,,,,509
Columbia,36 Canyon,Ballots Cast,,,,454
Columbia,38 W Scappoose,Registered Voters,,,,637
Columbia,38 W Scappoose,Ballots Cast,,,,554
Columbia,39 Sauvie Island,Registered Voters,,,,76
Columbia,39 Sauvie Island,Ballots Cast,,,,55
Columbia,40 Yankton,Registered Voters,,,,1312
Columbia,40 Yankton,Ballots Cast,,,,1119
Columbia,41 City of Vernonia,Registered Voters,,,,1815
Columbia,41 City of Vernonia,Ballots Cast,,,,1411
Columbia,44 Rural Vernonia,Registered Voters,,,,1011
Columbia,44 Rural Vernonia,Ballots Cast,,,,852
Columbia,46 Apiary,Registered Voters,,,,889
Columbia,46 Apiary,Ballots Cast,,,,731
Columbia,47 Chapman,Registered Voters,,,,1069
Columbia,47 Chapman,Ballots Cast,,,,888
Columbia,48 S Deer Island,Registered Voters,,,,498
Columbia,48 S Deer Island,Ballots Cast,,,,398
Columbia,49 N Deer Island,Registered Voters,,,,689
Columbia,49 N Deer Island,Ballots Cast,,,,571
Columbia,50 City of Prescott,Registered Voters,,,,60
Columbia,50 City of Prescott,Ballots Cast,,,,53
Columbia,51 Mist,Registered Voters,,,,375
Columbia,51 Mist,Ballots Cast,,,,316
Columbia,53 City of Columbia City,Registered Voters,,,,1641
Columbia,53 City of Columbia City,Ballots Cast,,,,1407
Columbia,01 City of Clatskanie,U.S. House,1,DEM,Suzanne Bonamici,398
Columbia,01 City of Clatskanie,U.S. House,1,REP,Christopher C Christensen,506
Columbia,01 City of Clatskanie,U.S. House,1,,Write-ins,2
Columbia,01 City of Clatskanie,U.S. House,1,,Over Votes,1
Columbia,01 City of Clatskanie,U.S. House,1,,Under Votes,31
Columbia,04 N Clatskanie-Marshland,U.S. House,1,DEM,Suzanne Bonamici,269
Columbia,04 N Clatskanie-Marshland,U.S. House,1,REP,Christopher C Christensen,352
Columbia,04 N Clatskanie-Marshland,U.S. House,1,,Write-ins,1
Columbia,04 N Clatskanie-Marshland,U.S. House,1,,Over Votes,0
Columbia,04 N Clatskanie-Marshland,U.S. House,1,,Under Votes,21
Columbia,05 S Clatskanie,U.S. House,1,DEM,Suzanne Bonamici,208
Columbia,05 S Clatskanie,U.S. House,1,REP,Christopher C Christensen,365
Columbia,05 S Clatskanie,U.S. House,1,,Write-ins,0
Columbia,05 S Clatskanie,U.S. House,1,,Over Votes,0
Columbia,05 S Clatskanie,U.S. House,1,,Under Votes,25
Columbia,06 Delena,U.S. House,1,DEM,Suzanne Bonamici,521
Columbia,06 Delena,U.S. House,1,REP,Christopher C Christensen,667
Columbia,06 Delena,U.S. House,1,,Write-ins,5
Columbia,06 Delena,U.S. House,1,,Over Votes,1
Columbia,06 Delena,U.S. House,1,,Under Votes,37
Columbia,08 GOBLE,U.S. House,1,DEM,Suzanne Bonamici,282
Columbia,08 GOBLE,U.S. House,1,REP,Christopher C Christensen,421
Columbia,08 GOBLE,U.S. House,1,,Write-ins,3
Columbia,08 GOBLE,U.S. House,1,,Over Votes,0
Columbia,08 GOBLE,U.S. House,1,,Under Votes,36
Columbia,10 Milton,U.S. House,1,DEM,Suzanne Bonamici,428
Columbia,10 Milton,U.S. House,1,REP,Christopher C Christensen,452
Columbia,10 Milton,U.S. House,1,,Write-ins,3
Columbia,10 Milton,U.S. House,1,,Over Votes,0
Columbia,10 Milton,U.S. House,1,,Under Votes,46
Columbia,12 McNulty,U.S. House,1,DEM,Suzanne Bonamici,480
Columbia,12 McNulty,U.S. House,1,REP,Christopher C Christensen,564
Columbia,12 McNulty,U.S. House,1,,Write-ins,1
Columbia,12 McNulty,U.S. House,1,,Over Votes,0
Columbia,12 McNulty,U.S. House,1,,Under Votes,35
Columbia,14 Quincy,U.S. House,1,DEM,Suzanne Bonamici,206
Columbia,14 Quincy,U.S. House,1,REP,Christopher C Christensen,293
Columbia,14 Quincy,U.S. House,1,,Write-ins,2
Columbia,14 Quincy,U.S. House,1,,Over Votes,0
Columbia,14 Quincy,U.S. House,1,,Under Votes,11
Columbia,15 City of Rainier,U.S. House,1,DEM,Suzanne Bonamici,474
Columbia,15 City of Rainier,U.S. House,1,REP,Christopher C Christensen,594
Columbia,15 City of Rainier,U.S. House,1,,Write-ins,1
Columbia,15 City of Rainier,U.S. House,1,,Over Votes,0
Columbia,15 City of Rainier,U.S. House,1,,Under Votes,50
Columbia,17 W Rainier,U.S. House,1,DEM,Suzanne Bonamici,182
Columbia,17 W Rainier,U.S. House,1,REP,Christopher C Christensen,252
Columbia,17 W Rainier,U.S. House,1,,Write-ins,3
Columbia,17 W Rainier,U.S. House,1,,Over Votes,1
Columbia,17 W Rainier,U.S. House,1,,Under Votes,13
Columbia,18 E Rainier,U.S. House,1,DEM,Suzanne Bonamici,92
Columbia,18 E Rainier,U.S. House,1,REP,Christopher C Christensen,102
Columbia,18 E Rainier,U.S. House,1,,Write-ins,0
Columbia,18 E Rainier,U.S. House,1,,Over Votes,0
Columbia,18 E Rainier,U.S. House,1,,Under Votes,2
Columbia,19 S Warren,U.S. House,1,DEM,Suzanne Bonamici,489
Columbia,19 S Warren,U.S. House,1,REP,Christopher C Christensen,518
Columbia,19 S Warren,U.S. House,1,,Write-ins,3
Columbia,19 S Warren,U.S. House,1,,Over Votes,0
Columbia,19 S Warren,U.S. House,1,,Under Votes,32
Columbia,20 N Warren,U.S. House,1,DEM,Suzanne Bonamici,309
Columbia,20 N Warren,U.S. House,1,REP,Christopher C Christensen,386
Columbia,20 N Warren,U.S. House,1,,Write-ins,3
Columbia,20 N Warren,U.S. House,1,,Over Votes,0
Columbia,20 N Warren,U.S. House,1,,Under Votes,16
Columbia,21 City St Helens One,U.S. House,1,DEM,Suzanne Bonamici,1308
Columbia,21 City St Helens One,U.S. House,1,REP,Christopher C Christensen,1088
Columbia,21 City St Helens One,U.S. House,1,,Write-ins,7
Columbia,21 City St Helens One,U.S. House,1,,Over Votes,0
Columbia,21 City St Helens One,U.S. House,1,,Under Votes,102
Columbia,24 City St Helens Four,U.S. House,1,DEM,Suzanne Bonamici,1164
Columbia,24 City St Helens Four,U.S. House,1,REP,Christopher C Christensen,1190
Columbia,24 City St Helens Four,U.S. House,1,,Write-ins,5
Columbia,24 City St Helens Four,U.S. House,1,,Over Votes,1
Columbia,24 City St Helens Four,U.S. House,1,,Under Votes,93
Columbia,26 City St Helens Six,U.S. House,1,DEM,Suzanne Bonamici,1225
Columbia,26 City St Helens Six,U.S. House,1,REP,Christopher C Christensen,1327
Columbia,26 City St Helens Six,U.S. House,1,,Write-ins,9
Columbia,26 City St Helens Six,U.S. House,1,,Over Votes,1
Columbia,26 City St Helens Six,U.S. House,1,,Under Votes,101
Columbia,31 City of Scappoose One,U.S. House,1,DEM,Suzanne Bonamici,384
Columbia,31 City of Scappoose One,U.S. House,1,REP,Christopher C Christensen,360
Columbia,31 City of Scappoose One,U.S. House,1,,Write-ins,4
Columbia,31 City of Scappoose One,U.S. House,1,,Over Votes,0
Columbia,31 City of Scappoose One,U.S. House,1,,Under Votes,33
Columbia,32 City of Scappoose Two,U.S. House,1,DEM,Suzanne Bonamici,1327
Columbia,32 City of Scappoose Two,U.S. House,1,REP,Christopher C Christensen,1046
Columbia,32 City of Scappoose Two,U.S. House,1,,Write-ins,3
Columbia,32 City of Scappoose Two,U.S. House,1,,Over Votes,1
Columbia,32 City of Scappoose Two,U.S. House,1,,Under Votes,72
Columbia,34 City of Scappoose Four,U.S. House,1,DEM,Suzanne Bonamici,765
Columbia,34 City of Scappoose Four,U.S. House,1,REP,Christopher C Christensen,594
Columbia,34 City of Scappoose Four,U.S. House,1,,Write-ins,3
Columbia,34 City of Scappoose Four,U.S. House,1,,Over Votes,0
Columbia,34 City of Scappoose Four,U.S. House,1,,Under Votes,54
Columbia,35 SE Scappoose,U.S. House,1,DEM,Suzanne Bonamici,607
Columbia,35 SE Scappoose,U.S. House,1,REP,Christopher C Christensen,570
Columbia,35 SE Scappoose,U.S. House,1,,Write-ins,3
Columbia,35 SE Scappoose,U.S. House,1,,Over Votes,0
Columbia,35 SE Scappoose,U.S. House,1,,Under Votes,38
Columbia,36 Canyon,U.S. House,1,DEM,Suzanne Bonamici,232
Columbia,36 Canyon,U.S. House,1,REP,Christopher C Christensen,204
Columbia,36 Canyon,U.S. House,1,,Write-ins,2
Columbia,36 Canyon,U.S. House,1,,Over Votes,0
Columbia,36 Canyon,U.S. House,1,,Under Votes,16
Columbia,38 W Scappoose,U.S. House,1,DEM,Suzanne Bonamici,261
Columbia,38 W Scappoose,U.S. House,1,REP,Christopher C Christensen,279
Columbia,38 W Scappoose,U.S. House,1,,Write-ins,0
Columbia,38 W Scappoose,U.S. House,1,,Over Votes,0
Columbia,38 W Scappoose,U.S. House,1,,Under Votes,14
Columbia,39 Sauvie Island,U.S. House,1,DEM,Suzanne Bonamici,27
Columbia,39 Sauvie Island,U.S. House,1,REP,Christopher C Christensen,26
Columbia,39 Sauvie Island,U.S. House,1,,Write-ins,0
Columbia,39 Sauvie Island,U.S. House,1,,Over Votes,0
Columbia,39 Sauvie Island,U.S. House,1,,Under Votes,2
Columbia,40 Yankton,U.S. House,1,DEM,Suzanne Bonamici,467
Columbia,40 Yankton,U.S. House,1,REP,Christopher C Christensen,608
Columbia,40 Yankton,U.S. House,1,,Write-ins,4
Columbia,40 Yankton,U.S. House,1,,Over Votes,0
Columbia,40 Yankton,U.S. House,1,,Under Votes,40
Columbia,41 City of Vernonia,U.S. House,1,DEM,Suzanne Bonamici,527
Columbia,41 City of Vernonia,U.S. House,1,REP,Christopher C Christensen,831
Columbia,41 City of Vernonia,U.S. House,1,,Write-ins,5
Columbia,41 City of Vernonia,U.S. House,1,,Over Votes,0
Columbia,41 City of Vernonia,U.S. House,1,,Under Votes,48
Columbia,44 Rural Vernonia,U.S. House,1,DEM,Suzanne Bonamici,275
Columbia,44 Rural Vernonia,U.S. House,1,REP,Christopher C Christensen,542
Columbia,44 Rural Vernonia,U.S. House,1,,Write-ins,5
Columbia,44 Rural Vernonia,U.S. House,1,,Over Votes,1
Columbia,44 Rural Vernonia,U.S. House,1,,Under Votes,29
Columbia,46 Apiary,U.S. House,1,DEM,Suzanne Bonamici,258
Columbia,46 Apiary,U.S. House,1,REP,Christopher C Christensen,446
Columbia,46 Apiary,U.S. House,1,,Write-ins,2
Columbia,46 Apiary,U.S. House,1,,Over Votes,0
Columbia,46 Apiary,U.S. House,1,,Under Votes,25
Columbia,47 Chapman,U.S. House,1,DEM,Suzanne Bonamici,446
Columbia,47 Chapman,U.S. House,1,REP,Christopher C Christensen,410
Columbia,47 Chapman,U.S. House,1,,Write-ins,3
Columbia,47 Chapman,U.S. House,1,,Over Votes,1
Columbia,47 Chapman,U.S. House,1,,Under Votes,28
Columbia,48 S Deer Island,U.S. House,1,DEM,Suzanne Bonamici,136
Columbia,48 S Deer Island,U.S. House,1,REP,Christopher C Christensen,245
Columbia,48 S Deer Island,U.S. House,1,,Write-ins,1
Columbia,48 S Deer Island,U.S. House,1,,Over Votes,0
Columbia,48 S Deer Island,U.S. House,1,,Under Votes,16
Columbia,49 N Deer Island,U.S. House,1,DEM,Suzanne Bonamici,225
Columbia,49 N Deer Island,U.S. House,1,REP,Christopher C Christensen,325
Columbia,49 N Deer Island,U.S. House,1,,Write-ins,0
Columbia,49 N Deer Island,U.S. House,1,,Over Votes,0
Columbia,49 N Deer Island,U.S. House,1,,Under Votes,21
Columbia,50 City of Prescott,U.S. House,1,DEM,Suzanne Bonamici,29
Columbia,50 City of Prescott,U.S. House,1,REP,Christopher C Christensen,22
Columbia,50 City of Prescott,U.S. House,1,,Write-ins,0
Columbia,50 City of Prescott,U.S. House,1,,Over Votes,0
Columbia,50 City of Prescott,U.S. House,1,,Under Votes,2
Columbia,51 Mist,U.S. House,1,DEM,Suzanne Bonamici,128
Columbia,51 Mist,U.S. House,1,REP,Christopher C Christensen,179
Columbia,51 Mist,U.S. House,1,,Write-ins,0
Columbia,51 Mist,U.S. House,1,,Over Votes,0
Columbia,51 Mist,U.S. House,1,,Under Votes,9
Columbia,53 City of Columbia City,U.S. House,1,DEM,Suzanne Bonamici,726
Columbia,53 City of Columbia City,U.S. House,1,REP,Christopher C Christensen,639
Columbia,53 City of Columbia City,U.S. House,1,,Write-ins,0
Columbia,53 City of Columbia City,U.S. House,1,,Over Votes,0
Columbia,53 City of Columbia City,U.S. House,1,,Under Votes,42
Columbia,01 City of Clatskanie,U.S. Senate,,REP,Jo Rae Perkins,505
Columbia,01 City of Clatskanie,U.S. Senate,,DEM,Jeff Merkley,374
Columbia,01 City of Clatskanie,U.S. Senate,,PGP,Ibrahim A Taher,18
Columbia,01 City of Clatskanie,U.S. Senate,,LBT,Gary Dye,20
Columbia,01 City of Clatskanie,U.S. Senate,,,Write-ins,1
Columbia,01 City of Clatskanie,U.S. Senate,,,Over Votes,1
Columbia,01 City of Clatskanie,U.S. Senate,,,Under Votes,19
Columbia,04 N Clatskanie-Marshland,U.S. Senate,,REP,Jo Rae Perkins,342
Columbia,04 N Clatskanie-Marshland,U.S. Senate,,DEM,Jeff Merkley,266
Columbia,04 N Clatskanie-Marshland,U.S. Senate,,PGP,Ibrahim A Taher,9
Columbia,04 N Clatskanie-Marshland,U.S. Senate,,LBT,Gary Dye,12
Columbia,04 N Clatskanie-Marshland,U.S. Senate,,,Write-ins,0
Columbia,04 N Clatskanie-Marshland,U.S. Senate,,,Over Votes,1
Columbia,04 N Clatskanie-Marshland,U.S. Senate,,,Under Votes,13
Columbia,05 S Clatskanie,U.S. Senate,,REP,Jo Rae Perkins,355
Columbia,05 S Clatskanie,U.S. Senate,,DEM,Jeff Merkley,205
Columbia,05 S Clatskanie,U.S. Senate,,PGP,Ibrahim A Taher,4
Columbia,05 S Clatskanie,U.S. Senate,,LBT,Gary Dye,13
Columbia,05 S Clatskanie,U.S. Senate,,,Write-ins,0
Columbia,05 S Clatskanie,U.S. Senate,,,Over Votes,0
Columbia,05 S Clatskanie,U.S. Senate,,,Under Votes,21
Columbia,06 Delena,U.S. Senate,,REP,Jo Rae Perkins,659
Columbia,06 Delena,U.S. Senate,,DEM,Jeff Merkley,510
Columbia,06 Delena,U.S. Senate,,PGP,Ibrahim A Taher,10
Columbia,06 Delena,U.S. Senate,,LBT,Gary Dye,27
Columbia,06 Delena,U.S. Senate,,,Write-ins,2
Columbia,06 Delena,U.S. Senate,,,Over Votes,0
Columbia,06 Delena,U.S. Senate,,,Under Votes,23
Columbia,08 GOBLE,U.S. Senate,,REP,Jo Rae Perkins,410
Columbia,08 GOBLE,U.S. Senate,,DEM,Jeff Merkley,277
Columbia,08 GOBLE,U.S. Senate,,PGP,Ibrahim A Taher,9
Columbia,08 GOBLE,U.S. Senate,,LBT,Gary Dye,19
Columbia,08 GOBLE,U.S. Senate,,,Write-ins,2
Columbia,08 GOBLE,U.S. Senate,,,Over Votes,0
Columbia,08 GOBLE,U.S. Senate,,,Under Votes,25
Columbia,10 Milton,U.S. Senate,,REP,Jo Rae Perkins,445
Columbia,10 Milton,U.S. Senate,,DEM,Jeff Merkley,418
Columbia,10 Milton,U.S. Senate,,PGP,Ibrahim A Taher,8
Columbia,10 Milton,U.S. Senate,,LBT,Gary Dye,19
Columbia,10 Milton,U.S. Senate,,,Write-ins,1
Columbia,10 Milton,U.S. Senate,,,Over Votes,1
Columbia,10 Milton,U.S. Senate,,,Under Votes,37
Columbia,12 McNulty,U.S. Senate,,REP,Jo Rae Perkins,547
Columbia,12 McNulty,U.S. Senate,,DEM,Jeff Merkley,465
Columbia,12 McNulty,U.S. Senate,,PGP,Ibrahim A Taher,14
Columbia,12 McNulty,U.S. Senate,,LBT,Gary Dye,20
Columbia,12 McNulty,U.S. Senate,,,Write-ins,1
Columbia,12 McNulty,U.S. Senate,,,Over Votes,0
Columbia,12 McNulty,U.S. Senate,,,Under Votes,33
Columbia,14 Quincy,U.S. Senate,,REP,Jo Rae Perkins,280
Columbia,14 Quincy,U.S. Senate,,DEM,Jeff Merkley,203
Columbia,14 Quincy,U.S. Senate,,PGP,Ibrahim A Taher,11
Columbia,14 Quincy,U.S. Senate,,LBT,Gary Dye,9
Columbia,14 Quincy,U.S. Senate,,,Write-ins,2
Columbia,14 Quincy,U.S. Senate,,,Over Votes,0
Columbia,14 Quincy,U.S. Senate,,,Under Votes,7
Columbia,15 City of Rainier,U.S. Senate,,REP,Jo Rae Perkins,591
Columbia,15 City of Rainier,U.S. Senate,,DEM,Jeff Merkley,455
Columbia,15 City of Rainier,U.S. Senate,,PGP,Ibrahim A Taher,14
Columbia,15 City of Rainier,U.S. Senate,,LBT,Gary Dye,24
Columbia,15 City of Rainier,U.S. Senate,,,Write-ins,0
Columbia,15 City of Rainier,U.S. Senate,,,Over Votes,0
Columbia,15 City of Rainier,U.S. Senate,,,Under Votes,35
Columbia,17 W Rainier,U.S. Senate,,REP,Jo Rae Perkins,265
Columbia,17 W Rainier,U.S. Senate,,DEM,Jeff Merkley,157
Columbia,17 W Rainier,U.S. Senate,,PGP,Ibrahim A Taher,7
Columbia,17 W Rainier,U.S. Senate,,LBT,Gary Dye,7
Columbia,17 W Rainier,U.S. Senate,,,Write-ins,3
Columbia,17 W Rainier,U.S. Senate,,,Over Votes,0
Columbia,17 W Rainier,U.S. Senate,,,Under Votes,12
Columbia,18 E Rainier,U.S. Senate,,REP,Jo Rae Perkins,105
Columbia,18 E Rainier,U.S. Senate,,DEM,Jeff Merkley,90
Columbia,18 E Rainier,U.S. Senate,,PGP,Ibrahim A Taher,0
Columbia,18 E Rainier,U.S. Senate,,LBT,Gary Dye,0
Columbia,18 E Rainier,U.S. Senate,,,Write-ins,0
Columbia,18 E Rainier,U.S. Senate,,,Over Votes,0
Columbia,18 E Rainier,U.S. Senate,,,Under Votes,1
Columbia,19 S Warren,U.S. Senate,,REP,Jo Rae Perkins,513
Columbia,19 S Warren,U.S. Senate,,DEM,Jeff Merkley,475
Columbia,19 S Warren,U.S. Senate,,PGP,Ibrahim A Taher,11
Columbia,19 S Warren,U.S. Senate,,LBT,Gary Dye,18
Columbia,19 S Warren,U.S. Senate,,,Write-ins,1
Columbia,19 S Warren,U.S. Senate,,,Over Votes,0
Columbia,19 S Warren,U.S. Senate,,,Under Votes,24
Columbia,20 N Warren,U.S. Senate,,REP,Jo Rae Perkins,378
Columbia,20 N Warren,U.S. Senate,,DEM,Jeff Merkley,294
Columbia,20 N Warren,U.S. Senate,,PGP,Ibrahim A Taher,6
Columbia,20 N Warren,U.S. Senate,,LBT,Gary Dye,20
Columbia,20 N Warren,U.S. Senate,,,Write-ins,3
Columbia,20 N Warren,U.S. Senate,,,Over Votes,0
Columbia,20 N Warren,U.S. Senate,,,Under Votes,13
Columbia,21 City St Helens One,U.S. Senate,,REP,Jo Rae Perkins,1026
Columbia,21 City St Helens One,U.S. Senate,,DEM,Jeff Merkley,1255
Columbia,21 City St Helens One,U.S. Senate,,PGP,Ibrahim A Taher,64
Columbia,21 City St Helens One,U.S. Senate,,LBT,Gary Dye,78
Columbia,21 City St Helens One,U.S. Senate,,,Write-ins,2
Columbia,21 City St Helens One,U.S. Senate,,,Over Votes,0
Columbia,21 City St Helens One,U.S. Senate,,,Under Votes,80
Columbia,24 City St Helens Four,U.S. Senate,,REP,Jo Rae Perkins,1124
Columbia,24 City St Helens Four,U.S. Senate,,DEM,Jeff Merkley,1138
Columbia,24 City St Helens Four,U.S. Senate,,PGP,Ibrahim A Taher,51
Columbia,24 City St Helens Four,U.S. Senate,,LBT,Gary Dye,69
Columbia,24 City St Helens Four,U.S. Senate,,,Write-ins,2
Columbia,24 City St Helens Four,U.S. Senate,,,Over Votes,1
Columbia,24 City St Helens Four,U.S. Senate,,,Under Votes,68
Columbia,26 City St Helens Six,U.S. Senate,,REP,Jo Rae Perkins,1292
Columbia,26 City St Helens Six,U.S. Senate,,DEM,Jeff Merkley,1182
Columbia,26 City St Helens Six,U.S. Senate,,PGP,Ibrahim A Taher,40
Columbia,26 City St Helens Six,U.S. Senate,,LBT,Gary Dye,65
Columbia,26 City St Helens Six,U.S. Senate,,,Write-ins,0
Columbia,26 City St Helens Six,U.S. Senate,,,Over Votes,1
Columbia,26 City St Helens Six,U.S. Senate,,,Under Votes,83
Columbia,31 City of Scappoose One,U.S. Senate,,REP,Jo Rae Perkins,349
Columbia,31 City of Scappoose One,U.S. Senate,,DEM,Jeff Merkley,377
Columbia,31 City of Scappoose One,U.S. Senate,,PGP,Ibrahim A Taher,15
Columbia,31 City of Scappoose One,U.S. Senate,,LBT,Gary Dye,17
Columbia,31 City of Scappoose One,U.S. Senate,,,Write-ins,3
Columbia,31 City of Scappoose One,U.S. Senate,,,Over Votes,0
Columbia,31 City of Scappoose One,U.S. Senate,,,Under Votes,20
Columbia,32 City of Scappoose Two,U.S. Senate,,REP,Jo Rae Perkins,987
Columbia,32 City of Scappoose Two,U.S. Senate,,DEM,Jeff Merkley,1316
Columbia,32 City of Scappoose Two,U.S. Senate,,PGP,Ibrahim A Taher,39
Columbia,32 City of Scappoose Two,U.S. Senate,,LBT,Gary Dye,56
Columbia,32 City of Scappoose Two,U.S. Senate,,,Write-ins,2
Columbia,32 City of Scappoose Two,U.S. Senate,,,Over Votes,1
Columbia,32 City of Scappoose Two,U.S. Senate,,,Under Votes,48
Columbia,34 City of Scappoose Four,U.S. Senate,,REP,Jo Rae Perkins,590
Columbia,34 City of Scappoose Four,U.S. Senate,,DEM,Jeff Merkley,719
Columbia,34 City of Scappoose Four,U.S. Senate,,PGP,Ibrahim A Taher,35
Columbia,34 City of Scappoose Four,U.S. Senate,,LBT,Gary Dye,31
Columbia,34 City of Scappoose Four,U.S. Senate,,,Write-ins,1
Columbia,34 City of Scappoose Four,U.S. Senate,,,Over Votes,1
Columbia,34 City of Scappoose Four,U.S. Senate,,,Under Votes,39
Columbia,35 SE Scappoose,U.S. Senate,,REP,Jo Rae Perkins,555
Columbia,35 SE Scappoose,U.S. Senate,,DEM,Jeff Merkley,599
Columbia,35 SE Scappoose,U.S. Senate,,PGP,Ibrahim A Taher,19
Columbia,35 SE Scappoose,U.S. Senate,,LBT,Gary Dye,19
Columbia,35 SE Scappoose,U.S. Senate,,,Write-ins,0
Columbia,35 SE Scappoose,U.S. Senate,,,Over Votes,0
Columbia,35 SE Scappoose,U.S. Senate,,,Under Votes,26
Columbia,36 Canyon,U.S. Senate,,REP,Jo Rae Perkins,199
Columbia,36 Canyon,U.S. Senate,,DEM,Jeff Merkley,227
Columbia,36 Canyon,U.S. Senate,,PGP,Ibrahim A Taher,7
Columbia,36 Canyon,U.S. Senate,,LBT,Gary Dye,10
Columbia,36 Canyon,U.S. Senate,,,Write-ins,1
Columbia,36 Canyon,U.S. Senate,,,Over Votes,0
Columbia,36 Canyon,U.S. Senate,,,Under Votes,10
Columbia,38 W Scappoose,U.S. Senate,,REP,Jo Rae Perkins,272
Columbia,38 W Scappoose,U.S. Senate,,DEM,Jeff Merkley,258
Columbia,38 W Scappoose,U.S. Senate,,PGP,Ibrahim A Taher,8
Columbia,38 W Scappoose,U.S. Senate,,LBT,Gary Dye,7
Columbia,38 W Scappoose,U.S. Senate,,,Write-ins,1
Columbia,38 W Scappoose,U.S. Senate,,,Over Votes,0
Columbia,38 W Scappoose,U.S. Senate,,,Under Votes,8
Columbia,39 Sauvie Island,U.S. Senate,,REP,Jo Rae Perkins,23
Columbia,39 Sauvie Island,U.S. Senate,,DEM,Jeff Merkley,27
Columbia,39 Sauvie Island,U.S. Senate,,PGP,Ibrahim A Taher,2
Columbia,39 Sauvie Island,U.S. Senate,,LBT,Gary Dye,2
Columbia,39 Sauvie Island,U.S. Senate,,,Write-ins,0
Columbia,39 Sauvie Island,U.S. Senate,,,Over Votes,0
Columbia,39 Sauvie Island,U.S. Senate,,,Under Votes,1
Columbia,40 Yankton,U.S. Senate,,REP,Jo Rae Perkins,580
Columbia,40 Yankton,U.S. Senate,,DEM,Jeff Merkley,471
Columbia,40 Yankton,U.S. Senate,,PGP,Ibrahim A Taher,13
Columbia,40 Yankton,U.S. Senate,,LBT,Gary Dye,29
Columbia,40 Yankton,U.S. Senate,,,Write-ins,2
Columbia,40 Yankton,U.S. Senate,,,Over Votes,0
Columbia,40 Yankton,U.S. Senate,,,Under Votes,24
Columbia,41 City of Vernonia,U.S. Senate,,REP,Jo Rae Perkins,801
Columbia,41 City of Vernonia,U.S. Senate,,DEM,Jeff Merkley,500
Columbia,41 City of Vernonia,U.S. Senate,,PGP,Ibrahim A Taher,23
Columbia,41 City of Vernonia,U.S. Senate,,LBT,Gary Dye,35
Columbia,41 City of Vernonia,U.S. Senate,,,Write-ins,4
Columbia,41 City of Vernonia,U.S. Senate,,,Over Votes,0
Columbia,41 City of Vernonia,U.S. Senate,,,Under Votes,48
Columbia,44 Rural Vernonia,U.S. Senate,,REP,Jo Rae Perkins,526
Columbia,44 Rural Vernonia,U.S. Senate,,DEM,Jeff Merkley,257
Columbia,44 Rural Vernonia,U.S. Senate,,PGP,Ibrahim A Taher,18
Columbia,44 Rural Vernonia,U.S. Senate,,LBT,Gary Dye,27
Columbia,44 Rural Vernonia,U.S. Senate,,,Write-ins,3
Columbia,44 Rural Vernonia,U.S. Senate,,,Over Votes,2
Columbia,44 Rural Vernonia,U.S. Senate,,,Under Votes,19
Columbia,46 Apiary,U.S. Senate,,REP,Jo Rae Perkins,447
Columbia,46 Apiary,U.S. Senate,,DEM,Jeff Merkley,243
Columbia,46 Apiary,U.S. Senate,,PGP,Ibrahim A Taher,8
Columbia,46 Apiary,U.S. Senate,,LBT,Gary Dye,11
Columbia,46 Apiary,U.S. Senate,,,Write-ins,1
Columbia,46 Apiary,U.S. Senate,,,Over Votes,0
Columbia,46 Apiary,U.S. Senate,,,Under Votes,21
Columbia,47 Chapman,U.S. Senate,,REP,Jo Rae Perkins,388
Columbia,47 Chapman,U.S. Senate,,DEM,Jeff Merkley,427
Columbia,47 Chapman,U.S. Senate,,PGP,Ibrahim A Taher,17
Columbia,47 Chapman,U.S. Senate,,LBT,Gary Dye,30
Columbia,47 Chapman,U.S. Senate,,,Write-ins,1
Columbia,47 Chapman,U.S. Senate,,,Over Votes,0
Columbia,47 Chapman,U.S. Senate,,,Under Votes,25
Columbia,48 S Deer Island,U.S. Senate,,REP,Jo Rae Perkins,236
Columbia,48 S Deer Island,U.S. Senate,,DEM,Jeff Merkley,138
Columbia,48 S Deer Island,U.S. Senate,,PGP,Ibrahim A Taher,1
Columbia,48 S Deer Island,U.S. Senate,,LBT,Gary Dye,14
Columbia,48 S Deer Island,U.S. Senate,,,Write-ins,1
Columbia,48 S Deer Island,U.S. Senate,,,Over Votes,0
Columbia,48 S Deer Island,U.S. Senate,,,Under Votes,8
Columbia,49 N Deer Island,U.S. Senate,,REP,Jo Rae Perkins,314
Columbia,49 N Deer Island,U.S. Senate,,DEM,Jeff Merkley,222
Columbia,49 N Deer Island,U.S. Senate,,PGP,Ibrahim A Taher,4
Columbia,49 N Deer Island,U.S. Senate,,LBT,Gary Dye,17
Columbia,49 N Deer Island,U.S. Senate,,,Write-ins,0
Columbia,49 N Deer Island,U.S. Senate,,,Over Votes,0
Columbia,49 N Deer Island,U.S. Senate,,,Under Votes,14
Columbia,50 City of Prescott,U.S. Senate,,REP,Jo Rae Perkins,20
Columbia,50 City of Prescott,U.S. Senate,,DEM,Jeff Merkley,29
Columbia,50 City of Prescott,U.S. Senate,,PGP,Ibrahim A Taher,0
Columbia,50 City of Prescott,U.S. Senate,,LBT,Gary Dye,1
Columbia,50 City of Prescott,U.S. Senate,,,Write-ins,0
Columbia,50 City of Prescott,U.S. Senate,,,Over Votes,0
Columbia,50 City of Prescott,U.S. Senate,,,Under Votes,3
Columbia,51 Mist,U.S. Senate,,REP,Jo Rae Perkins,180
Columbia,51 Mist,U.S. Senate,,DEM,Jeff Merkley,124
Columbia,51 Mist,U.S. Senate,,PGP,Ibrahim A Taher,1
Columbia,51 Mist,U.S. Senate,,LBT,Gary Dye,3
Columbia,51 Mist,U.S. Senate,,,Write-ins,0
Columbia,51 Mist,U.S. Senate,,,Over Votes,0
Columbia,51 Mist,U.S. Senate,,,Under Votes,8
Columbia,53 City of Columbia City,U.S. Senate,,REP,Jo Rae Perkins,644
Columbia,53 City of Columbia City,U.S. Senate,,DEM,Jeff Merkley,677
Columbia,53 City of Columbia City,U.S. Senate,,PGP,Ibrahim A Taher,21
Columbia,53 City of Columbia City,U.S. Senate,,LBT,Gary Dye,38
Columbia,53 City of Columbia City,U.S. Senate,,,Write-ins,0
Columbia,53 City of Columbia City,U.S. Senate,,,Over Votes,0
Columbia,53 City of Columbia City,U.S. Senate,,,Under Votes,27
