county,candidate,party,office,votes,incumbent,district
Lane,"Thompson,Terry",Democrat,"State Senate,2ND DISTRICT",176,TRUE,2
Lincoln,"Thompson,Terry",Democrat,"State Senate,2ND DISTRICT",5271,TRUE,2
Polk,"Thompson,Terry",Democrat,"State Senate,2ND DISTRICT",63,TRUE,2
Tillamook,"Thompson,Terry",Democrat,"State Senate,2ND DISTRICT",77,TRUE,2
Yamhill,"Thompson,Terry",Democrat,"State Senate,2ND DISTRICT",4832,TRUE,2
Lane,Other,Democrat,"State Senate,2ND DISTRICT",0,FALSE,2
Lincoln,Other,Democrat,"State Senate,2ND DISTRICT",93,FALSE,2
Polk,Other,Democrat,"State Senate,2ND DISTRICT",0,FALSE,2
Tillamook,Other,Democrat,"State Senate,2ND DISTRICT",6,FALSE,2
Yamhill,Other,Democrat,"State Senate,2ND DISTRICT",92,FALSE,2
Lane,"George,Gary",Republican,"State Senate,2ND DISTRICT",103,TRUE,2
Lincoln,"George,Gary",Republican,"State Senate,2ND DISTRICT",3486,TRUE,2
Polk,"George,Gary",Republican,"State Senate,2ND DISTRICT",61,TRUE,2
Tillamook,"George,Gary",Republican,"State Senate,2ND DISTRICT",91,TRUE,2
Yamhill,"George,Gary",Republican,"State Senate,2ND DISTRICT",6363,TRUE,2
Lane,Other,Republican,"State Senate,2ND DISTRICT",0,FALSE,2
Lincoln,Other,Republican,"State Senate,2ND DISTRICT",94,FALSE,2
Polk,Other,Republican,"State Senate,2ND DISTRICT",1,FALSE,2
Tillamook,Other,Republican,"State Senate,2ND DISTRICT",1,FALSE,2
Yamhill,Other,Republican,"State Senate,2ND DISTRICT",93,FALSE,2
Washington,"Deckert,Ryan",Democrat,"State Senate,4TH DISTRICT",9079,TRUE,4
Washington,Other,Democrat,"State Senate,4TH DISTRICT",6,FALSE,4
Washington,"Qutub,Eileen",Republican,"State Senate,4TH DISTRICT",9611,TRUE,4
Washington,Other,Republican,"State Senate,4TH DISTRICT",21,FALSE,4
Multnomah,"Burdick,Ginny",Democrat,"State Senate,6TH DISTRICT",12922,TRUE,6
Multnomah,Other,Democrat,"State Senate,6TH DISTRICT",120,FALSE,6
Multnomah,"Burdick,Ginny(WI)",Republican,"State Senate,6TH DISTRICT",25,TRUE,6
Multnomah,Other,Republican,"State Senate,6TH DISTRICT",140,FALSE,6
Multnomah,"Brown,Kate",Democrat,"State Senate,7TH DISTRICT",10848,TRUE,7
Multnomah,Other,Democrat,"State Senate,7TH DISTRICT",131,FALSE,7
Multnomah,"Brown,Kate(WI)",Republican,"State Senate,7TH DISTRICT",28,TRUE,7
Multnomah,Other,Republican,"State Senate,7TH DISTRICT",119,FALSE,7
Multnomah,"Carter,Margaret",Democrat,"State Senate,8TH DISTRICT",9585,TRUE,8
Multnomah,"Crowell,Evie",Democrat,"State Senate,8TH DISTRICT",2867,FALSE,8
Multnomah,Other,Democrat,"State Senate,8TH DISTRICT",47,FALSE,8
Multnomah,"Carter,Margaret(WI)",Republican,"State Senate,8TH DISTRICT",31,TRUE,8
Multnomah,Other,Republican,"State Senate,8TH DISTRICT",113,FALSE,8
Multnomah,"Gordly,Avel Louise",Democrat,"State Senate,10TH DISTRICT",12090,TRUE,10
Multnomah,Other,Democrat,"State Senate,10TH DISTRICT",125,FALSE,10
Multnomah,"Gordly,Avel Louise(WI)",Republican,"State Senate,10TH DISTRICT",20,TRUE,10
Multnomah,Other,Republican,"State Senate,10TH DISTRICT",158,FALSE,10
Multnomah,"Gorsek,Chris",Democrat,"State Senate,11TH DISTRICT",7838,TRUE,11
Multnomah,Other,Democrat,"State Senate,11TH DISTRICT",133,FALSE,11
Multnomah,"Minnis,John",Republican,"State Senate,11TH DISTRICT",7560,TRUE,11
Multnomah,Other,Republican,"State Senate,11TH DISTRICT",124,FALSE,11
Clackamas,"Pike,Roger",Democrat,"State Senate,15TH DISTRICT",1124,TRUE,15
Linn,"Pike,Roger",Democrat,"State Senate,15TH DISTRICT",391,TRUE,15
Marion,"Pike,Roger",Democrat,"State Senate,15TH DISTRICT",4450,TRUE,15
Yamhill,"Pike,Roger",Democrat,"State Senate,15TH DISTRICT",943,TRUE,15
Clackamas,Other,Democrat,"State Senate,15TH DISTRICT",6,FALSE,15
Linn,Other,Democrat,"State Senate,15TH DISTRICT",1,FALSE,15
Marion,Other,Democrat,"State Senate,15TH DISTRICT",96,FALSE,15
Yamhill,Other,Democrat,"State Senate,15TH DISTRICT",29,FALSE,15
Clackamas,"Beyer,Roger",Republican,"State Senate,15TH DISTRICT",1934,TRUE,15
Linn,"Beyer,Roger",Republican,"State Senate,15TH DISTRICT",506,TRUE,15
Marion,"Beyer,Roger",Republican,"State Senate,15TH DISTRICT",5165,TRUE,15
Yamhill,"Beyer,Roger",Republican,"State Senate,15TH DISTRICT",923,TRUE,15
Clackamas,"Gianella,Juley",Republican,"State Senate,15TH DISTRICT",396,FALSE,15
Linn,"Gianella,Juley",Republican,"State Senate,15TH DISTRICT",115,FALSE,15
Marion,"Gianella,Juley",Republican,"State Senate,15TH DISTRICT",1982,FALSE,15
Yamhill,"Gianella,Juley",Republican,"State Senate,15TH DISTRICT",544,FALSE,15
Clackamas,Other,Republican,"State Senate,15TH DISTRICT",0,FALSE,15
Linn,Other,Republican,"State Senate,15TH DISTRICT",0,FALSE,15
Marion,Other,Republican,"State Senate,15TH DISTRICT",19,FALSE,15
Yamhill,Other,Republican,"State Senate,15TH DISTRICT",9,FALSE,15
Douglas,"Mack,Laurence(WI)",Democrat,"State Senate,23RD DISTRICT",295,TRUE,23
Jackson,"Mack,Laurence(WI)",Democrat,"State Senate,23RD DISTRICT",3,TRUE,23
Josephine,"Mack,Laurence(WI)",Democrat,"State Senate,23RD DISTRICT",0,TRUE,23
Douglas,Other,Democrat,"State Senate,23RD DISTRICT",421,FALSE,23
Jackson,Other,Democrat,"State Senate,23RD DISTRICT",45,FALSE,23
Josephine,Other,Democrat,"State Senate,23RD DISTRICT",34,FALSE,23
Douglas,"Fisher,Bill",Republican,"State Senate,23RD DISTRICT",9753,TRUE,23
Jackson,"Fisher,Bill",Republican,"State Senate,23RD DISTRICT",1380,TRUE,23
Josephine,"Fisher,Bill",Republican,"State Senate,23RD DISTRICT",1637,TRUE,23
Douglas,Other,Republican,"State Senate,23RD DISTRICT",91,FALSE,23
Jackson,Other,Republican,"State Senate,23RD DISTRICT",6,FALSE,23
Josephine,Other,Republican,"State Senate,23RD DISTRICT",28,FALSE,23
Coos,"Litty,Paul F.",Democrat,"State Senate,24TH DISTRICT",1801,FALSE,24
Curry,"Litty,Paul F.",Democrat,"State Senate,24TH DISTRICT",742,FALSE,24
Douglas,"Litty,Paul F.",Democrat,"State Senate,24TH DISTRICT",184,FALSE,24
Lane,"Litty,Paul F.",Democrat,"State Senate,24TH DISTRICT",325,FALSE,24
Coos,"McCorkle,Roger W.",Democrat,"State Senate,24TH DISTRICT",5290,TRUE,24
Curry,"McCorkle,Roger W.",Democrat,"State Senate,24TH DISTRICT",1808,TRUE,24
Douglas,"McCorkle,Roger W.",Democrat,"State Senate,24TH DISTRICT",522,TRUE,24
Lane,"McCorkle,Roger W.",Democrat,"State Senate,24TH DISTRICT",1455,TRUE,24
Coos,Other,Democrat,"State Senate,24TH DISTRICT",216,FALSE,24
Curry,Other,Democrat,"State Senate,24TH DISTRICT",80,FALSE,24
Douglas,Other,Democrat,"State Senate,24TH DISTRICT",9,FALSE,24
Lane,Other,Democrat,"State Senate,24TH DISTRICT",1,FALSE,24
Coos,"Messerle,Ken",Republican,"State Senate,24TH DISTRICT",6295,TRUE,24
Curry,"Messerle,Ken",Republican,"State Senate,24TH DISTRICT",2961,TRUE,24
Douglas,"Messerle,Ken",Republican,"State Senate,24TH DISTRICT",498,TRUE,24
Lane,"Messerle,Ken",Republican,"State Senate,24TH DISTRICT",1226,TRUE,24
Coos,Other,Republican,"State Senate,24TH DISTRICT",85,FALSE,24
Curry,Other,Republican,"State Senate,24TH DISTRICT",34,FALSE,24
Douglas,Other,Republican,"State Senate,24TH DISTRICT",8,FALSE,24
Lane,Other,Republican,"State Senate,24TH DISTRICT",2,FALSE,24
Jackson,Other,Democrat,"State Senate,25TH DISTRICT",180,FALSE,25
Josephine,Other,Democrat,"State Senate,25TH DISTRICT",760,FALSE,25
Jackson,"Atkinson,Jason A.",Republican,"State Senate,25TH DISTRICT",5021,TRUE,25
Josephine,"Atkinson,Jason A.",Republican,"State Senate,25TH DISTRICT",5867,TRUE,25
Jackson,"Fahey,Pat",Republican,"State Senate,25TH DISTRICT",1739,FALSE,25
Josephine,"Fahey,Pat",Republican,"State Senate,25TH DISTRICT",4679,FALSE,25
Jackson,Other,Republican,"State Senate,25TH DISTRICT",11,FALSE,25
Josephine,Other,Republican,"State Senate,25TH DISTRICT",19,FALSE,25
Deschutes,"Philiben,Anne N.",Democrat,"State Senate,27TH DISTRICT",7266,TRUE,27
Jefferson,"Philiben,Anne N.",Democrat,"State Senate,27TH DISTRICT",1236,TRUE,27
Klamath,"Philiben,Anne N.",Democrat,"State Senate,27TH DISTRICT",320,TRUE,27
Wasco,"Philiben,Anne N.",Democrat,"State Senate,27TH DISTRICT",260,TRUE,27
Deschutes,Other,Democrat,"State Senate,27TH DISTRICT",232,FALSE,27
Jefferson,Other,Democrat,"State Senate,27TH DISTRICT",20,FALSE,27
Klamath,Other,Democrat,"State Senate,27TH DISTRICT",9,FALSE,27
Wasco,Other,Democrat,"State Senate,27TH DISTRICT",3,FALSE,27
Deschutes,"Clarno,Bev",Republican,"State Senate,27TH DISTRICT",11937,TRUE,27
Jefferson,"Clarno,Bev",Republican,"State Senate,27TH DISTRICT",1810,TRUE,27
Klamath,"Clarno,Bev",Republican,"State Senate,27TH DISTRICT",325,TRUE,27
Wasco,"Clarno,Bev",Republican,"State Senate,27TH DISTRICT",240,TRUE,27
Deschutes,Other,Republican,"State Senate,27TH DISTRICT",83,FALSE,27
Jefferson,Other,Republican,"State Senate,27TH DISTRICT",7,FALSE,27
Klamath,Other,Republican,"State Senate,27TH DISTRICT",3,FALSE,27
Wasco,Other,Republican,"State Senate,27TH DISTRICT",0,FALSE,27
Baker,"Cook,Vern",Democrat,"State Senate,28TH DISTRICT",1301,TRUE,28
Clackamas,"Cook,Vern",Democrat,"State Senate,28TH DISTRICT",409,TRUE,28
Crook,"Cook,Vern",Democrat,"State Senate,28TH DISTRICT",1450,TRUE,28
Gilliam,"Cook,Vern",Democrat,"State Senate,28TH DISTRICT",219,TRUE,28
Grant,"Cook,Vern",Democrat,"State Senate,28TH DISTRICT",617,TRUE,28
Hood River,"Cook,Vern",Democrat,"State Senate,28TH DISTRICT",1627,TRUE,28
Morrow,"Cook,Vern",Democrat,"State Senate,28TH DISTRICT",270,TRUE,28
Multnomah,"Cook,Vern",Democrat,"State Senate,28TH DISTRICT",443,TRUE,28
Sherman,"Cook,Vern",Democrat,"State Senate,28TH DISTRICT",218,TRUE,28
Wasco,"Cook,Vern",Democrat,"State Senate,28TH DISTRICT",2053,TRUE,28
Wheeler,"Cook,Vern",Democrat,"State Senate,28TH DISTRICT",176,TRUE,28
Baker,Other,Democrat,"State Senate,28TH DISTRICT",23,FALSE,28
Clackamas,Other,Democrat,"State Senate,28TH DISTRICT",2,FALSE,28
Crook,Other,Democrat,"State Senate,28TH DISTRICT",58,FALSE,28
Gilliam,Other,Democrat,"State Senate,28TH DISTRICT",7,FALSE,28
Grant,Other,Democrat,"State Senate,28TH DISTRICT",106,FALSE,28
Hood River,Other,Democrat,"State Senate,28TH DISTRICT",10,FALSE,28
Morrow,Other,Democrat,"State Senate,28TH DISTRICT",2,FALSE,28
Multnomah,Other,Democrat,"State Senate,28TH DISTRICT",28,FALSE,28
Sherman,Other,Democrat,"State Senate,28TH DISTRICT",9,FALSE,28
Wasco,Other,Democrat,"State Senate,28TH DISTRICT",27,FALSE,28
Wheeler,Other,Democrat,"State Senate,28TH DISTRICT",8,FALSE,28
Baker,"Ferrioli,Ted",Republican,"State Senate,28TH DISTRICT",1954,TRUE,28
Clackamas,"Ferrioli,Ted",Republican,"State Senate,28TH DISTRICT",423,TRUE,28
Crook,"Ferrioli,Ted",Republican,"State Senate,28TH DISTRICT",1829,TRUE,28
Gilliam,"Ferrioli,Ted",Republican,"State Senate,28TH DISTRICT",263,TRUE,28
Grant,"Ferrioli,Ted",Republican,"State Senate,28TH DISTRICT",1273,TRUE,28
Hood River,"Ferrioli,Ted",Republican,"State Senate,28TH DISTRICT",1720,TRUE,28
Morrow,"Ferrioli,Ted",Republican,"State Senate,28TH DISTRICT",378,TRUE,28
Multnomah,"Ferrioli,Ted",Republican,"State Senate,28TH DISTRICT",496,TRUE,28
Sherman,"Ferrioli,Ted",Republican,"State Senate,28TH DISTRICT",271,TRUE,28
Wasco,"Ferrioli,Ted",Republican,"State Senate,28TH DISTRICT",2045,TRUE,28
Wheeler,"Ferrioli,Ted",Republican,"State Senate,28TH DISTRICT",236,TRUE,28
Baker,Other,Republican,"State Senate,28TH DISTRICT",7,FALSE,28
Clackamas,Other,Republican,"State Senate,28TH DISTRICT",0,FALSE,28
Crook,Other,Republican,"State Senate,28TH DISTRICT",24,FALSE,28
Gilliam,Other,Republican,"State Senate,28TH DISTRICT",2,FALSE,28
Grant,Other,Republican,"State Senate,28TH DISTRICT",12,FALSE,28
Hood River,Other,Republican,"State Senate,28TH DISTRICT",17,FALSE,28
Morrow,Other,Republican,"State Senate,28TH DISTRICT",1,FALSE,28
Multnomah,Other,Republican,"State Senate,28TH DISTRICT",5,FALSE,28
Sherman,Other,Republican,"State Senate,28TH DISTRICT",0,FALSE,28
Wasco,Other,Republican,"State Senate,28TH DISTRICT",16,FALSE,28
Wheeler,Other,Republican,"State Senate,28TH DISTRICT",1,FALSE,28
Morrow,"Hays,Bill",Democrat,"State Senate,29TH DISTRICT",0,FALSE,29
Umatilla,"Hays,Bill",Democrat,"State Senate,29TH DISTRICT",1571,FALSE,29
Union,"Hays,Bill",Democrat,"State Senate,29TH DISTRICT",1131,FALSE,29
Wallowa,"Hays,Bill",Democrat,"State Senate,29TH DISTRICT",277,FALSE,29
Morrow,"Duncan,Bill George",Democrat,"State Senate,29TH DISTRICT",228,TRUE,29
Umatilla,"Duncan,Bill George",Democrat,"State Senate,29TH DISTRICT",1405,TRUE,29
Union,"Duncan,Bill George",Democrat,"State Senate,29TH DISTRICT",1350,TRUE,29
Wallowa,"Duncan,Bill George",Democrat,"State Senate,29TH DISTRICT",319,TRUE,29
Morrow,Other,Democrat,"State Senate,29TH DISTRICT",8,FALSE,29
Umatilla,Other,Democrat,"State Senate,29TH DISTRICT",0,FALSE,29
Union,Other,Democrat,"State Senate,29TH DISTRICT",48,FALSE,29
Wallowa,Other,Democrat,"State Senate,29TH DISTRICT",47,FALSE,29
Morrow,"Nelson,David",Republican,"State Senate,29TH DISTRICT",156,TRUE,29
Umatilla,"Nelson,David",Republican,"State Senate,29TH DISTRICT",4027,TRUE,29
Union,"Nelson,David",Republican,"State Senate,29TH DISTRICT",2681,TRUE,29
Wallowa,"Nelson,David",Republican,"State Senate,29TH DISTRICT",1001,TRUE,29
Morrow,Other,Republican,"State Senate,29TH DISTRICT",2,FALSE,29
Umatilla,Other,Republican,"State Senate,29TH DISTRICT",0,FALSE,29
Union,Other,Republican,"State Senate,29TH DISTRICT",20,FALSE,29
Wallowa,Other,Republican,"State Senate,29TH DISTRICT",11,FALSE,29
Harney,"James,Debra M.",Democrat,"State Senate,30TH DISTRICT",595,TRUE,30
Klamath,"James,Debra M.",Democrat,"State Senate,30TH DISTRICT",4256,TRUE,30
Lake,"James,Debra M.",Democrat,"State Senate,30TH DISTRICT",537,TRUE,30
Malheur,"James,Debra M.",Democrat,"State Senate,30TH DISTRICT",1331,TRUE,30
Harney,Other,Democrat,"State Senate,30TH DISTRICT",114,FALSE,30
Klamath,Other,Democrat,"State Senate,30TH DISTRICT",126,FALSE,30
Lake,Other,Democrat,"State Senate,30TH DISTRICT",0,FALSE,30
Malheur,Other,Democrat,"State Senate,30TH DISTRICT",113,FALSE,30
Harney,"Harper,Steve",Republican,"State Senate,30TH DISTRICT",735,TRUE,30
Klamath,"Harper,Steve",Republican,"State Senate,30TH DISTRICT",6351,TRUE,30
Lake,"Harper,Steve",Republican,"State Senate,30TH DISTRICT",582,TRUE,30
Malheur,"Harper,Steve",Republican,"State Senate,30TH DISTRICT",1427,TRUE,30
Harney,"Jones,D.E. (Denny)",Republican,"State Senate,30TH DISTRICT",717,FALSE,30
Klamath,"Jones,D.E. (Denny)",Republican,"State Senate,30TH DISTRICT",2330,FALSE,30
Lake,"Jones,D.E. (Denny)",Republican,"State Senate,30TH DISTRICT",873,FALSE,30
Malheur,"Jones,D.E. (Denny)",Republican,"State Senate,30TH DISTRICT",2326,FALSE,30
Harney,Other,Republican,"State Senate,30TH DISTRICT",7,FALSE,30
Klamath,Other,Republican,"State Senate,30TH DISTRICT",8,FALSE,30
Lake,Other,Republican,"State Senate,30TH DISTRICT",0,FALSE,30
Malheur,Other,Republican,"State Senate,30TH DISTRICT",7,FALSE,30
Clatsop,"Johnson,Elizabeth (Betsy)",Democrat,"State House,1ST DISTRICT",1526,TRUE,1
Columbia,"Johnson,Elizabeth (Betsy)",Democrat,"State House,1ST DISTRICT",5132,TRUE,1
Clatsop,Other,Democrat,"State House,1ST DISTRICT",20,FALSE,1
Columbia,Other,Democrat,"State House,1ST DISTRICT",115,FALSE,1
Clatsop,"Johnson,Elizabeth (Betsy)(WI)",Republican,"State House,1ST DISTRICT",109,TRUE,1
Columbia,"Johnson,Elizabeth (Betsy)(WI)",Republican,"State House,1ST DISTRICT",270,TRUE,1
Clatsop,Other,Republican,"State House,1ST DISTRICT",65,FALSE,1
Columbia,Other,Republican,"State House,1ST DISTRICT",315,FALSE,1
Clatsop,"Hopson,Elaine M.",Democrat,"State House,2ND DISTRICT",2165,TRUE,2
Columbia,"Hopson,Elaine M.",Democrat,"State House,2ND DISTRICT",442,TRUE,2
Tillamook,"Hopson,Elaine M.",Democrat,"State House,2ND DISTRICT",2734,TRUE,2
Washington,"Hopson,Elaine M.",Democrat,"State House,2ND DISTRICT",156,TRUE,2
Clatsop,Other,Democrat,"State House,2ND DISTRICT",22,FALSE,2
Columbia,Other,Democrat,"State House,2ND DISTRICT",5,FALSE,2
Tillamook,Other,Democrat,"State House,2ND DISTRICT",137,FALSE,2
Washington,Other,Democrat,"State House,2ND DISTRICT",0,FALSE,2
Clatsop,"Waldron,Diane",Republican,"State House,2ND DISTRICT",1656,TRUE,2
Columbia,"Waldron,Diane",Republican,"State House,2ND DISTRICT",338,TRUE,2
Tillamook,"Waldron,Diane",Republican,"State House,2ND DISTRICT",1927,TRUE,2
Washington,"Waldron,Diane",Republican,"State House,2ND DISTRICT",187,TRUE,2
Clatsop,Other,Republican,"State House,2ND DISTRICT",22,FALSE,2
Columbia,Other,Republican,"State House,2ND DISTRICT",7,FALSE,2
Tillamook,Other,Republican,"State House,2ND DISTRICT",144,FALSE,2
Washington,Other,Republican,"State House,2ND DISTRICT",0,FALSE,2
Washington,"Lamb-Mullin,Cathy",Democrat,"State House,3RD DISTRICT",3237,TRUE,3
Washington,Other,Democrat,"State House,3RD DISTRICT",6,FALSE,3
Washington,"Starr,Bruce",Republican,"State House,3RD DISTRICT",4307,TRUE,3
Washington,Other,Republican,"State House,3RD DISTRICT",3,FALSE,3
Lane,"Branstiter,Sharon",Democrat,"State House,4TH DISTRICT",117,TRUE,4
Lincoln,"Branstiter,Sharon",Democrat,"State House,4TH DISTRICT",4320,TRUE,4
Polk,"Branstiter,Sharon",Democrat,"State House,4TH DISTRICT",38,TRUE,4
Tillamook,"Branstiter,Sharon",Democrat,"State House,4TH DISTRICT",54,TRUE,4
Yamhill,"Branstiter,Sharon",Democrat,"State House,4TH DISTRICT",285,TRUE,4
Lane,"Bryant,Alberta",Democrat,"State House,4TH DISTRICT",59,FALSE,4
Lincoln,"Bryant,Alberta",Democrat,"State House,4TH DISTRICT",1613,FALSE,4
Polk,"Bryant,Alberta",Democrat,"State House,4TH DISTRICT",19,FALSE,4
Tillamook,"Bryant,Alberta",Democrat,"State House,4TH DISTRICT",18,FALSE,4
Yamhill,"Bryant,Alberta",Democrat,"State House,4TH DISTRICT",152,FALSE,4
Lane,Other,Democrat,"State House,4TH DISTRICT",0,FALSE,4
Lincoln,Other,Democrat,"State House,4TH DISTRICT",49,FALSE,4
Polk,Other,Democrat,"State House,4TH DISTRICT",0,FALSE,4
Tillamook,Other,Democrat,"State House,4TH DISTRICT",1,FALSE,4
Yamhill,Other,Democrat,"State House,4TH DISTRICT",7,FALSE,4
Lane,"Brown,Alan",Republican,"State House,4TH DISTRICT",111,TRUE,4
Lincoln,"Brown,Alan",Republican,"State House,4TH DISTRICT",3761,TRUE,4
Polk,"Brown,Alan",Republican,"State House,4TH DISTRICT",49,TRUE,4
Tillamook,"Brown,Alan",Republican,"State House,4TH DISTRICT",86,TRUE,4
Yamhill,"Brown,Alan",Republican,"State House,4TH DISTRICT",503,TRUE,4
Lane,Other,Republican,"State House,4TH DISTRICT",0,FALSE,4
Lincoln,Other,Republican,"State House,4TH DISTRICT",60,FALSE,4
Polk,Other,Republican,"State House,4TH DISTRICT",0,FALSE,4
Tillamook,Other,Republican,"State House,4TH DISTRICT",1,FALSE,4
Yamhill,Other,Republican,"State House,4TH DISTRICT",4,FALSE,4
Washington,"Draznin,James",Democrat,"State House,5TH DISTRICT",2777,TRUE,5
Washington,Other,Democrat,"State House,5TH DISTRICT",3,FALSE,5
Washington,"Hill,Jim",Republican,"State House,5TH DISTRICT",2895,TRUE,5
Washington,Other,Republican,"State House,5TH DISTRICT",3,FALSE,5
Washington,"Ringo,Charlie",Democrat,"State House,6TH DISTRICT",2974,TRUE,6
Washington,"Gil,Dave",Democrat,"State House,6TH DISTRICT",955,FALSE,6
Washington,Other,Democrat,"State House,6TH DISTRICT",2,FALSE,6
Washington,"Tuleya,Ray J.",Republican,"State House,6TH DISTRICT",115,FALSE,6
Washington,"Stovall,Jacqueline G.",Republican,"State House,6TH DISTRICT",558,FALSE,6
Washington,"Scruggs,John",Republican,"State House,6TH DISTRICT",2157,TRUE,6
Washington,"Iverson,Bryan",Republican,"State House,6TH DISTRICT",766,FALSE,6
Washington,Other,Republican,"State House,6TH DISTRICT",5,FALSE,6
Columbia,"Greenlick,Mitch",Democrat,"State House,7TH DISTRICT",4,TRUE,7
Multnomah,"Greenlick,Mitch",Democrat,"State House,7TH DISTRICT",1025,TRUE,7
Washington,"Greenlick,Mitch",Democrat,"State House,7TH DISTRICT",3915,TRUE,7
Columbia,Other,Democrat,"State House,7TH DISTRICT",0,FALSE,7
Multnomah,Other,Democrat,"State House,7TH DISTRICT",7,FALSE,7
Washington,Other,Democrat,"State House,7TH DISTRICT",1,FALSE,7
Columbia,"Witt,Bill",Republican,"State House,7TH DISTRICT",6,TRUE,7
Multnomah,"Witt,Bill",Republican,"State House,7TH DISTRICT",728,TRUE,7
Washington,"Witt,Bill",Republican,"State House,7TH DISTRICT",4842,TRUE,7
Columbia,Other,Republican,"State House,7TH DISTRICT",1,FALSE,7
Multnomah,Other,Republican,"State House,7TH DISTRICT",35,FALSE,7
Washington,Other,Republican,"State House,7TH DISTRICT",62,FALSE,7
Washington,"Hass,Mark",Democrat,"State House,8TH DISTRICT",4170,TRUE,8
Washington,Other,Democrat,"State House,8TH DISTRICT",1,FALSE,8
Washington,"Michaels,Lisa",Republican,"State House,8TH DISTRICT",3359,TRUE,8
Washington,"Goberman,Pavel",Republican,"State House,8TH DISTRICT",685,FALSE,8
Washington,Other,Republican,"State House,8TH DISTRICT",8,FALSE,8
Washington,"Velji,Raman",Democrat,"State House,9TH DISTRICT",4410,TRUE,9
Washington,Other,Democrat,"State House,9TH DISTRICT",6,FALSE,9
Washington,"Williams,Max",Republican,"State House,9TH DISTRICT",5699,TRUE,9
Washington,Other,Republican,"State House,9TH DISTRICT",1,FALSE,9
Clackamas,"Obrist,Roger S.",Democrat,"State House,10TH DISTRICT",682,FALSE,10
Multnomah,"Obrist,Roger S.",Democrat,"State House,10TH DISTRICT",126,FALSE,10
Clackamas,"Wagner,Mick",Democrat,"State House,10TH DISTRICT",349,FALSE,10
Multnomah,"Wagner,Mick",Democrat,"State House,10TH DISTRICT",71,FALSE,10
Clackamas,"Smith,Mike",Democrat,"State House,10TH DISTRICT",3055,TRUE,10
Multnomah,"Smith,Mike",Democrat,"State House,10TH DISTRICT",525,TRUE,10
Clackamas,Other,Democrat,"State House,10TH DISTRICT",1,FALSE,10
Multnomah,Other,Democrat,"State House,10TH DISTRICT",8,FALSE,10
Clackamas,"Lee,Jan",Republican,"State House,10TH DISTRICT",3009,TRUE,10
Multnomah,"Lee,Jan",Republican,"State House,10TH DISTRICT",433,TRUE,10
Clackamas,Other,Republican,"State House,10TH DISTRICT",5,FALSE,10
Multnomah,Other,Republican,"State House,10TH DISTRICT",10,FALSE,10
Multnomah,"Taylor,Martin",Democrat,"State House,11TH DISTRICT",3097,FALSE,11
Multnomah,"Nolan,Mary",Democrat,"State House,11TH DISTRICT",3114,TRUE,11
Multnomah,"Davis,Jim",Democrat,"State House,11TH DISTRICT",1115,FALSE,11
Multnomah,"Calhoun,John A.",Democrat,"State House,11TH DISTRICT",1801,FALSE,11
Multnomah,Other,Democrat,"State House,11TH DISTRICT",12,FALSE,11
Multnomah,"Barbee,Ward",Republican,"State House,11TH DISTRICT",1707,FALSE,11
Multnomah,"Gardner,Joan",Republican,"State House,11TH DISTRICT",2048,TRUE,11
Multnomah,Other,Republican,"State House,11TH DISTRICT",56,FALSE,11
Multnomah,"Beck,Chris",Democrat,"State House,12TH DISTRICT",5870,TRUE,12
Multnomah,Other,Democrat,"State House,12TH DISTRICT",54,FALSE,12
Multnomah,"Terreault,Steve",Republican,"State House,12TH DISTRICT",948,FALSE,12
Multnomah,"Schoel,Jeanne",Republican,"State House,12TH DISTRICT",1540,TRUE,12
Multnomah,Other,Republican,"State House,12TH DISTRICT",21,FALSE,12
Multnomah,"Gardner,Dan",Democrat,"State House,13TH DISTRICT",5010,TRUE,13
Multnomah,Other,Democrat,"State House,13TH DISTRICT",48,FALSE,13
Multnomah,"Gardner,Dan(WI)",Republican,"State House,13TH DISTRICT",20,TRUE,13
Multnomah,Other,Republican,"State House,13TH DISTRICT",57,FALSE,13
Multnomah,"Rosenbaum,Diane",Democrat,"State House,14TH DISTRICT",5595,TRUE,14
Multnomah,Other,Democrat,"State House,14TH DISTRICT",90,FALSE,14
Multnomah,"Rosenbaum,Diane(WI)",Republican,"State House,14TH DISTRICT",8,TRUE,14
Multnomah,Other,Republican,"State House,14TH DISTRICT",34,FALSE,14
Multnomah,"March,Steve",Democrat,"State House,15TH DISTRICT",5271,TRUE,15
Multnomah,Other,Democrat,"State House,15TH DISTRICT",53,FALSE,15
Multnomah,"Lutz,Scott",Republican,"State House,15TH DISTRICT",1958,TRUE,15
Multnomah,Other,Republican,"State House,15TH DISTRICT",51,FALSE,15
Multnomah,"Merkley,Jeff",Democrat,"State House,16TH DISTRICT",4267,TRUE,16
Multnomah,Other,Democrat,"State House,16TH DISTRICT",59,FALSE,16
Multnomah,"Merkley,Jeff(WI)",Republican,"State House,16TH DISTRICT",31,TRUE,16
Multnomah,Other,Republican,"State House,16TH DISTRICT",94,FALSE,16
Multnomah,"Marcus,Lewis",Democrat,"State House,17TH DISTRICT",2262,FALSE,17
Multnomah,"Hansen,Gary D.",Democrat,"State House,17TH DISTRICT",3831,TRUE,17
Multnomah,Other,Democrat,"State House,17TH DISTRICT",32,FALSE,17
Multnomah,Other,Republican,"State House,17TH DISTRICT",110,FALSE,17
Multnomah,"Kafoury,Deborah",Democrat,"State House,18TH DISTRICT",5481,TRUE,18
Multnomah,Other,Democrat,"State House,18TH DISTRICT",76,FALSE,18
Multnomah,"Kafoury,Deborah(WI)",Republican,"State House,18TH DISTRICT",14,TRUE,18
Multnomah,Other,Republican,"State House,18TH DISTRICT",30,FALSE,18
Multnomah,"Bowman,Jo Ann A.",Democrat,"State House,19TH DISTRICT",6976,TRUE,19
Multnomah,Other,Democrat,"State House,19TH DISTRICT",75,FALSE,19
Multnomah,"Bitans,Ivars",Republican,"State House,19TH DISTRICT",1741,TRUE,19
Multnomah,Other,Republican,"State House,19TH DISTRICT",44,FALSE,19
Multnomah,"Weatherby,Mike",Democrat,"State House,20TH DISTRICT",3802,TRUE,20
Multnomah,Other,Democrat,"State House,20TH DISTRICT",60,FALSE,20
Multnomah,"Minnis,Karen",Republican,"State House,20TH DISTRICT",3797,TRUE,20
Multnomah,Other,Republican,"State House,20TH DISTRICT",61,FALSE,20
Multnomah,"Leonard,Randy",Democrat,"State House,21ST DISTRICT",3411,TRUE,21
Multnomah,Other,Democrat,"State House,21ST DISTRICT",71,FALSE,21
Multnomah,"Leonard,Randy(WI)",Republican,"State House,21ST DISTRICT",22,TRUE,21
Multnomah,Other,Republican,"State House,21ST DISTRICT",90,FALSE,21
Multnomah,"Anderson,Laurie Monnes",Democrat,"State House,22ND DISTRICT",4547,TRUE,22
Multnomah,Other,Democrat,"State House,22ND DISTRICT",86,FALSE,22
Multnomah,"Scariano,Rich",Republican,"State House,22ND DISTRICT",1523,FALSE,22
Multnomah,"Golobay,Edwin",Republican,"State House,22ND DISTRICT",2906,TRUE,22
Multnomah,Other,Republican,"State House,22ND DISTRICT",43,FALSE,22
Clackamas,"Schrader,Kurt",Democrat,"State House,23RD DISTRICT",4066,TRUE,23
Clackamas,Other,Democrat,"State House,23RD DISTRICT",3,FALSE,23
Clackamas,"Schrader,Kurt(WI)",Republican,"State House,23RD DISTRICT",108,TRUE,23
Clackamas,Other,Republican,"State House,23RD DISTRICT",103,FALSE,23
Clackamas,"Devlin,Richard",Democrat,"State House,24TH DISTRICT",3738,TRUE,24
Washington,"Devlin,Richard",Democrat,"State House,24TH DISTRICT",698,TRUE,24
Clackamas,Other,Democrat,"State House,24TH DISTRICT",1,FALSE,24
Washington,Other,Democrat,"State House,24TH DISTRICT",1,FALSE,24
Clackamas,"Schultz,Marilyn",Republican,"State House,24TH DISTRICT",1286,FALSE,24
Washington,"Schultz,Marilyn",Republican,"State House,24TH DISTRICT",211,FALSE,24
Clackamas,"Hansen,Jim",Republican,"State House,24TH DISTRICT",2500,TRUE,24
Washington,"Hansen,Jim",Republican,"State House,24TH DISTRICT",391,TRUE,24
Clackamas,"Barrett,Larry",Republican,"State House,24TH DISTRICT",1320,FALSE,24
Washington,"Barrett,Larry",Republican,"State House,24TH DISTRICT",275,FALSE,24
Clackamas,Other,Republican,"State House,24TH DISTRICT",3,FALSE,24
Washington,Other,Republican,"State House,24TH DISTRICT",0,FALSE,24
Clackamas,"Tomei,Carolyn",Democrat,"State House,25TH DISTRICT",3244,TRUE,25
Clackamas,"Gillispie,Sam",Democrat,"State House,25TH DISTRICT",2417,FALSE,25
Clackamas,Other,Democrat,"State House,25TH DISTRICT",4,FALSE,25
Clackamas,"Jones,Dick",Republican,"State House,25TH DISTRICT",2494,TRUE,25
Clackamas,Other,Republican,"State House,25TH DISTRICT",8,FALSE,25
Clackamas,"Lowe,Kathy",Democrat,"State House,26TH DISTRICT",4585,TRUE,26
Clackamas,Other,Democrat,"State House,26TH DISTRICT",5,FALSE,26
Clackamas,"Ritter,Almon S.",Republican,"State House,26TH DISTRICT",2723,TRUE,26
Clackamas,Other,Republican,"State House,26TH DISTRICT",9,FALSE,26
Clackamas,"Thorn,Jill",Democrat,"State House,27TH DISTRICT",2000,TRUE,27
Washington,"Thorn,Jill",Democrat,"State House,27TH DISTRICT",1262,TRUE,27
Clackamas,"Hedges,David",Democrat,"State House,27TH DISTRICT",1410,FALSE,27
Washington,"Hedges,David",Democrat,"State House,27TH DISTRICT",716,FALSE,27
Clackamas,Other,Democrat,"State House,27TH DISTRICT",1,FALSE,27
Washington,Other,Democrat,"State House,27TH DISTRICT",1,FALSE,27
Clackamas,"Lee,,Jr. John",Republican,"State House,27TH DISTRICT",1331,FALSE,27
Washington,"Lee,,Jr. John",Republican,"State House,27TH DISTRICT",1047,FALSE,27
Clackamas,"Krummel,Jerry",Republican,"State House,27TH DISTRICT",2406,TRUE,27
Washington,"Krummel,Jerry",Republican,"State House,27TH DISTRICT",1702,TRUE,27
Clackamas,Other,Republican,"State House,27TH DISTRICT",4,FALSE,27
Washington,Other,Republican,"State House,27TH DISTRICT",0,FALSE,27
Clackamas,"Clarke,Mike A.",Democrat,"State House,28TH DISTRICT",1332,TRUE,28
Linn,"Clarke,Mike A.",Democrat,"State House,28TH DISTRICT",383,TRUE,28
Marion,"Clarke,Mike A.",Democrat,"State House,28TH DISTRICT",1730,TRUE,28
Clackamas,Other,Democrat,"State House,28TH DISTRICT",6,FALSE,28
Linn,Other,Democrat,"State House,28TH DISTRICT",2,FALSE,28
Marion,Other,Democrat,"State House,28TH DISTRICT",36,FALSE,28
Clackamas,"Sumner,Mac",Republican,"State House,28TH DISTRICT",792,FALSE,28
Linn,"Sumner,Mac",Republican,"State House,28TH DISTRICT",144,FALSE,28
Marion,"Sumner,Mac",Republican,"State House,28TH DISTRICT",706,FALSE,28
Clackamas,"Smith,Tootie",Republican,"State House,28TH DISTRICT",1017,TRUE,28
Linn,"Smith,Tootie",Republican,"State House,28TH DISTRICT",263,TRUE,28
Marion,"Smith,Tootie",Republican,"State House,28TH DISTRICT",1288,TRUE,28
Clackamas,"Goffin,Daniel",Republican,"State House,28TH DISTRICT",159,FALSE,28
Linn,"Goffin,Daniel",Republican,"State House,28TH DISTRICT",104,FALSE,28
Marion,"Goffin,Daniel",Republican,"State House,28TH DISTRICT",566,FALSE,28
Clackamas,"Yeates,R. Walker",Republican,"State House,28TH DISTRICT",176,FALSE,28
Linn,"Yeates,R. Walker",Republican,"State House,28TH DISTRICT",68,FALSE,28
Marion,"Yeates,R. Walker",Republican,"State House,28TH DISTRICT",308,FALSE,28
Clackamas,Other,Republican,"State House,28TH DISTRICT",2,FALSE,28
Linn,Other,Republican,"State House,28TH DISTRICT",0,FALSE,28
Marion,Other,Republican,"State House,28TH DISTRICT",14,FALSE,28
Yamhill,"Nelson,Frank G.",Democrat,"State House,29TH DISTRICT",4367,TRUE,29
Yamhill,Other,Democrat,"State House,29TH DISTRICT",125,FALSE,29
Yamhill,"Nelson,Donna G.",Republican,"State House,29TH DISTRICT",3353,TRUE,29
Yamhill,"Bohnsack,Larry",Republican,"State House,29TH DISTRICT",3074,FALSE,29
Yamhill,Other,Republican,"State House,29TH DISTRICT",50,FALSE,29
Marion,"McCormick,Colby",Democrat,"State House,30TH DISTRICT",4322,TRUE,30
Marion,Other,Democrat,"State House,30TH DISTRICT",110,FALSE,30
Marion,"Bullis,Mike A.",Republican,"State House,30TH DISTRICT",2812,FALSE,30
Marion,"Doyle,Dan",Republican,"State House,30TH DISTRICT",3592,TRUE,30
Marion,Other,Republican,"State House,30TH DISTRICT",36,FALSE,30
Marion,"Kumley,Lloyd",Democrat,"State House,31ST DISTRICT",3450,TRUE,31
Polk,"Kumley,Lloyd",Democrat,"State House,31ST DISTRICT",1389,TRUE,31
Marion,Other,Democrat,"State House,31ST DISTRICT",104,FALSE,31
Polk,Other,Democrat,"State House,31ST DISTRICT",1,FALSE,31
Marion,"Winters,Jackie",Republican,"State House,31ST DISTRICT",4489,TRUE,31
Polk,"Winters,Jackie",Republican,"State House,31ST DISTRICT",2288,TRUE,31
Marion,Other,Republican,"State House,31ST DISTRICT",67,FALSE,31
Polk,Other,Republican,"State House,31ST DISTRICT",0,FALSE,31
Marion,"Bell,George",Democrat,"State House,32ND DISTRICT",4235,TRUE,32
Marion,Other,Democrat,"State House,32ND DISTRICT",46,FALSE,32
Marion,"Carlson,Janet",Republican,"State House,32ND DISTRICT",3786,TRUE,32
Marion,Other,Republican,"State House,32ND DISTRICT",59,FALSE,32
Marion,"Backlund,Vic(WI)",Democrat,"State House,33RD DISTRICT",219,TRUE,33
Marion,Other,Democrat,"State House,33RD DISTRICT",290,FALSE,33
Marion,"Backlund,Vic",Republican,"State House,33RD DISTRICT",4644,TRUE,33
Marion,Other,Republican,"State House,33RD DISTRICT",41,FALSE,33
Benton,"Slizeski,Marilyn L.",Democrat,"State House,34TH DISTRICT",1429,TRUE,34
Polk,"Slizeski,Marilyn L.",Democrat,"State House,34TH DISTRICT",2101,TRUE,34
Benton,Other,Democrat,"State House,34TH DISTRICT",34,FALSE,34
Polk,Other,Democrat,"State House,34TH DISTRICT",11,FALSE,34
Benton,"Shetterly,Lane",Republican,"State House,34TH DISTRICT",1531,TRUE,34
Polk,"Shetterly,Lane",Republican,"State House,34TH DISTRICT",3040,TRUE,34
Benton,Other,Republican,"State House,34TH DISTRICT",14,FALSE,34
Polk,Other,Republican,"State House,34TH DISTRICT",4,FALSE,34
Benton,"Wirth,Kelley",Democrat,"State House,35TH DISTRICT",4614,TRUE,35
Benton,Other,Democrat,"State House,35TH DISTRICT",75,FALSE,35
Benton,"Ringold,Debra",Republican,"State House,35TH DISTRICT",3413,TRUE,35
Benton,Other,Republican,"State House,35TH DISTRICT",27,FALSE,35
Benton,"Donovan,John",Democrat,"State House,36TH DISTRICT",922,TRUE,36
Linn,"Donovan,John",Democrat,"State House,36TH DISTRICT",3064,TRUE,36
Benton,Other,Democrat,"State House,36TH DISTRICT",12,FALSE,36
Linn,Other,Democrat,"State House,36TH DISTRICT",19,FALSE,36
Benton,"Close,Betsy L.",Republican,"State House,36TH DISTRICT",1248,TRUE,36
Linn,"Close,Betsy L.",Republican,"State House,36TH DISTRICT",3238,TRUE,36
Benton,Other,Republican,"State House,36TH DISTRICT",13,FALSE,36
Linn,Other,Republican,"State House,36TH DISTRICT",13,FALSE,36
Linn,"Workman,Lori",Democrat,"State House,37TH DISTRICT",3928,TRUE,37
Linn,Other,Democrat,"State House,37TH DISTRICT",33,FALSE,37
Linn,"Kropf,Jeff",Republican,"State House,37TH DISTRICT",4789,TRUE,37
Linn,Other,Republican,"State House,37TH DISTRICT",5,FALSE,37
Marion,"Fletcher,Irv",Democrat,"State House,38TH DISTRICT",2818,TRUE,38
Yamhill,"Fletcher,Irv",Democrat,"State House,38TH DISTRICT",932,TRUE,38
Marion,Other,Democrat,"State House,38TH DISTRICT",58,FALSE,38
Yamhill,Other,Democrat,"State House,38TH DISTRICT",24,FALSE,38
Marion,"Zauner,Cliff",Republican,"State House,38TH DISTRICT",2467,TRUE,38
Yamhill,"Zauner,Cliff",Republican,"State House,38TH DISTRICT",769,TRUE,38
Marion,"Shannon,Marylin",Republican,"State House,38TH DISTRICT",1582,FALSE,38
Yamhill,"Shannon,Marylin",Republican,"State House,38TH DISTRICT",666,FALSE,38
Marion,Other,Republican,"State House,38TH DISTRICT",7,FALSE,38
Yamhill,Other,Republican,"State House,38TH DISTRICT",10,FALSE,38
Lane,"Ackerman,Robert L.",Democrat,"State House,39TH DISTRICT",5495,TRUE,39
Lane,Other,Democrat,"State House,39TH DISTRICT",3,FALSE,39
Lane,"Bevans,Christopher D.",Republican,"State House,39TH DISTRICT",3499,TRUE,39
Lane,Other,Republican,"State House,39TH DISTRICT",4,FALSE,39
Lane,"Barnhart,Phil",Democrat,"State House,40TH DISTRICT",6780,TRUE,40
Lane,Other,Democrat,"State House,40TH DISTRICT",7,FALSE,40
Lane,"Young,William(WI)",Republican,"State House,40TH DISTRICT",70,TRUE,40
Lane,Other,Republican,"State House,40TH DISTRICT",101,FALSE,40
Lane,"Walker,Vicki L.",Democrat,"State House,41ST DISTRICT",5454,TRUE,41
Lane,Other,Democrat,"State House,41ST DISTRICT",15,FALSE,41
Lane,"Miller,Jeffrey(WI)",Republican,"State House,41ST DISTRICT",548,TRUE,41
Lane,Other,Republican,"State House,41ST DISTRICT",50,FALSE,41
Lane,"Simmons,Fred",Democrat,"State House,42ND DISTRICT",894,FALSE,42
Lane,"Morrisette,Bill",Democrat,"State House,42ND DISTRICT",4900,TRUE,42
Lane,Other,Democrat,"State House,42ND DISTRICT",0,FALSE,42
Lane,"Morrisette,Bill(WI)",Republican,"State House,42ND DISTRICT",90,TRUE,42
Lane,Other,Republican,"State House,42ND DISTRICT",39,FALSE,42
Douglas,"Kilger,Pete",Democrat,"State House,43RD DISTRICT",1039,TRUE,43
Lane,"Kilger,Pete",Democrat,"State House,43RD DISTRICT",3497,TRUE,43
Douglas,Other,Democrat,"State House,43RD DISTRICT",25,FALSE,43
Lane,Other,Democrat,"State House,43RD DISTRICT",1,FALSE,43
Douglas,"Hayden,Cedric",Republican,"State House,43RD DISTRICT",1475,TRUE,43
Lane,"Hayden,Cedric",Republican,"State House,43RD DISTRICT",2988,TRUE,43
Douglas,Other,Republican,"State House,43RD DISTRICT",21,FALSE,43
Lane,Other,Republican,"State House,43RD DISTRICT",8,FALSE,43
Lane,"King,Al",Democrat,"State House,44TH DISTRICT",5027,TRUE,44
Lane,Other,Democrat,"State House,44TH DISTRICT",11,FALSE,44
Lane,"Kemp,Ed",Republican,"State House,44TH DISTRICT",4172,TRUE,44
Lane,Other,Republican,"State House,44TH DISTRICT",8,FALSE,44
Douglas,"Lee,Charles",Democrat,"State House,45TH DISTRICT",4301,TRUE,45
Douglas,Other,Democrat,"State House,45TH DISTRICT",124,FALSE,45
Douglas,"Kruse,Jeff",Republican,"State House,45TH DISTRICT",6612,TRUE,45
Douglas,Other,Republican,"State House,45TH DISTRICT",81,FALSE,45
Douglas,"Calhoun,W. Earl",Democrat,"State House,46TH DISTRICT",2257,TRUE,46
Jackson,"Calhoun,W. Earl",Democrat,"State House,46TH DISTRICT",900,TRUE,46
Josephine,"Calhoun,W. Earl",Democrat,"State House,46TH DISTRICT",864,TRUE,46
Douglas,Other,Democrat,"State House,46TH DISTRICT",98,FALSE,46
Jackson,Other,Democrat,"State House,46TH DISTRICT",30,FALSE,46
Josephine,Other,Democrat,"State House,46TH DISTRICT",36,FALSE,46
Douglas,"Morgan,Susan",Republican,"State House,46TH DISTRICT",3029,TRUE,46
Jackson,"Morgan,Susan",Republican,"State House,46TH DISTRICT",1432,TRUE,46
Josephine,"Morgan,Susan",Republican,"State House,46TH DISTRICT",1667,TRUE,46
Douglas,Other,Republican,"State House,46TH DISTRICT",43,FALSE,46
Jackson,Other,Republican,"State House,46TH DISTRICT",10,FALSE,46
Josephine,Other,Republican,"State House,46TH DISTRICT",62,FALSE,46
Coos,"Verger,Joanne",Democrat,"State House,47TH DISTRICT",3762,TRUE,47
Douglas,"Verger,Joanne",Democrat,"State House,47TH DISTRICT",696,TRUE,47
Lane,"Verger,Joanne",Democrat,"State House,47TH DISTRICT",1279,TRUE,47
Coos,Other,Democrat,"State House,47TH DISTRICT",305,FALSE,47
Douglas,Other,Democrat,"State House,47TH DISTRICT",9,FALSE,47
Lane,Other,Democrat,"State House,47TH DISTRICT",1,FALSE,47
Coos,"Slater,Timm",Republican,"State House,47TH DISTRICT",2760,TRUE,47
Douglas,"Slater,Timm",Republican,"State House,47TH DISTRICT",459,TRUE,47
Lane,"Slater,Timm",Republican,"State House,47TH DISTRICT",1155,TRUE,47
Coos,Other,Republican,"State House,47TH DISTRICT",89,FALSE,47
Douglas,Other,Republican,"State House,47TH DISTRICT",5,FALSE,47
Lane,Other,Republican,"State House,47TH DISTRICT",1,FALSE,47
Coos,"Dodrill,Barbara",Democrat,"State House,48TH DISTRICT",3525,TRUE,48
Curry,"Dodrill,Barbara",Democrat,"State House,48TH DISTRICT",2257,TRUE,48
Coos,Other,Democrat,"State House,48TH DISTRICT",116,FALSE,48
Curry,Other,Democrat,"State House,48TH DISTRICT",115,FALSE,48
Coos,"Krieger,Wayne",Republican,"State House,48TH DISTRICT",2848,TRUE,48
Curry,"Krieger,Wayne",Republican,"State House,48TH DISTRICT",2928,TRUE,48
Coos,Other,Republican,"State House,48TH DISTRICT",68,FALSE,48
Curry,Other,Republican,"State House,48TH DISTRICT",43,FALSE,48
Josephine,"Wilson,Carl(WI)",Democrat,"State House,49TH DISTRICT",489,TRUE,49
Josephine,Other,Democrat,"State House,49TH DISTRICT",131,FALSE,49
Josephine,"Wilson,Carl",Republican,"State House,49TH DISTRICT",8551,TRUE,49
Josephine,Other,Republican,"State House,49TH DISTRICT",107,FALSE,49
Jackson,"Davidson,Barbara",Democrat,"State House,50TH DISTRICT",3702,TRUE,50
Jackson,Other,Democrat,"State House,50TH DISTRICT",55,FALSE,50
Jackson,"Patridge,Rob",Republican,"State House,50TH DISTRICT",6017,TRUE,50
Jackson,Other,Republican,"State House,50TH DISTRICT",104,FALSE,50
Jackson,"Holston,Lon",Democrat,"State House,51ST DISTRICT",3203,TRUE,51
Josephine,"Holston,Lon",Democrat,"State House,51ST DISTRICT",445,TRUE,51
Jackson,Other,Democrat,"State House,51ST DISTRICT",93,FALSE,51
Josephine,Other,Democrat,"State House,51ST DISTRICT",27,FALSE,51
Jackson,"Walker,Cherryl",Republican,"State House,51ST DISTRICT",3196,TRUE,51
Josephine,"Walker,Cherryl",Republican,"State House,51ST DISTRICT",675,TRUE,51
Jackson,"Frank,Larry",Republican,"State House,51ST DISTRICT",3225,FALSE,51
Josephine,"Frank,Larry",Republican,"State House,51ST DISTRICT",363,FALSE,51
Jackson,Other,Republican,"State House,51ST DISTRICT",20,FALSE,51
Josephine,Other,Republican,"State House,51ST DISTRICT",10,FALSE,51
Jackson,"Bates,Alan C.",Democrat,"State House,52ND DISTRICT",5690,TRUE,52
Jackson,Other,Democrat,"State House,52ND DISTRICT",79,FALSE,52
Jackson,"Hunts,Jane",Republican,"State House,52ND DISTRICT",4766,TRUE,52
Jackson,Other,Republican,"State House,52ND DISTRICT",108,FALSE,52
Klamath,"Snoozy,Wayne P.",Democrat,"State House,53RD DISTRICT",4481,TRUE,53
Klamath,Other,Democrat,"State House,53RD DISTRICT",51,FALSE,53
Klamath,"Garrard,Bill",Republican,"State House,53RD DISTRICT",6093,TRUE,53
Klamath,Other,Republican,"State House,53RD DISTRICT",85,FALSE,53
Deschutes,"Cooper,Ken",Democrat,"State House,54TH DISTRICT",4508,TRUE,54
Klamath,"Cooper,Ken",Democrat,"State House,54TH DISTRICT",322,TRUE,54
Deschutes,Other,Democrat,"State House,54TH DISTRICT",109,FALSE,54
Klamath,Other,Democrat,"State House,54TH DISTRICT",6,FALSE,54
Deschutes,"Knopp,Tim",Republican,"State House,54TH DISTRICT",6594,TRUE,54
Klamath,"Knopp,Tim",Republican,"State House,54TH DISTRICT",359,TRUE,54
Deschutes,Other,Republican,"State House,54TH DISTRICT",93,FALSE,54
Klamath,Other,Republican,"State House,54TH DISTRICT",1,FALSE,54
Deschutes,"Dunlap,Douglas",Democrat,"State House,55TH DISTRICT",2855,TRUE,55
Jefferson,"Dunlap,Douglas",Democrat,"State House,55TH DISTRICT",1277,TRUE,55
Wasco,"Dunlap,Douglas",Democrat,"State House,55TH DISTRICT",255,TRUE,55
Deschutes,Other,Democrat,"State House,55TH DISTRICT",97,FALSE,55
Jefferson,Other,Democrat,"State House,55TH DISTRICT",24,FALSE,55
Wasco,Other,Democrat,"State House,55TH DISTRICT",4,FALSE,55
Deschutes,"Westlund,Ben",Republican,"State House,55TH DISTRICT",5190,TRUE,55
Jefferson,"Westlund,Ben",Republican,"State House,55TH DISTRICT",1865,TRUE,55
Wasco,"Westlund,Ben",Republican,"State House,55TH DISTRICT",236,TRUE,55
Deschutes,Other,Republican,"State House,55TH DISTRICT",41,FALSE,55
Jefferson,Other,Republican,"State House,55TH DISTRICT",6,FALSE,55
Wasco,Other,Republican,"State House,55TH DISTRICT",0,FALSE,55
Clackamas,"Zastrow,Paul",Democrat,"State House,56TH DISTRICT",246,TRUE,56
Hood River,"Zastrow,Paul",Democrat,"State House,56TH DISTRICT",1531,TRUE,56
Multnomah,"Zastrow,Paul",Democrat,"State House,56TH DISTRICT",258,TRUE,56
Wasco,"Zastrow,Paul",Democrat,"State House,56TH DISTRICT",1035,TRUE,56
Clackamas,"Bell,Bill",Democrat,"State House,56TH DISTRICT",267,FALSE,56
Hood River,"Bell,Bill",Democrat,"State House,56TH DISTRICT",749,FALSE,56
Multnomah,"Bell,Bill",Democrat,"State House,56TH DISTRICT",288,FALSE,56
Wasco,"Bell,Bill",Democrat,"State House,56TH DISTRICT",1607,FALSE,56
Clackamas,Other,Democrat,"State House,56TH DISTRICT",1,FALSE,56
Hood River,Other,Democrat,"State House,56TH DISTRICT",5,FALSE,56
Multnomah,Other,Democrat,"State House,56TH DISTRICT",14,FALSE,56
Wasco,Other,Democrat,"State House,56TH DISTRICT",51,FALSE,56
Clackamas,"Smith,Patti",Republican,"State House,56TH DISTRICT",342,TRUE,56
Hood River,"Smith,Patti",Republican,"State House,56TH DISTRICT",1271,TRUE,56
Multnomah,"Smith,Patti",Republican,"State House,56TH DISTRICT",544,TRUE,56
Wasco,"Smith,Patti",Republican,"State House,56TH DISTRICT",641,TRUE,56
Clackamas,"McFadden,Bob",Republican,"State House,56TH DISTRICT",134,FALSE,56
Hood River,"McFadden,Bob",Republican,"State House,56TH DISTRICT",460,FALSE,56
Multnomah,"McFadden,Bob",Republican,"State House,56TH DISTRICT",147,FALSE,56
Wasco,"McFadden,Bob",Republican,"State House,56TH DISTRICT",743,FALSE,56
Clackamas,"Van,Valkenburgh M. D.",Republican,"State House,56TH DISTRICT",139,FALSE,56
Hood River,"Van,Valkenburgh M. D.",Republican,"State House,56TH DISTRICT",351,FALSE,56
Multnomah,"Van,Valkenburgh M. D.",Republican,"State House,56TH DISTRICT",106,FALSE,56
Wasco,"Van,Valkenburgh M. D.",Republican,"State House,56TH DISTRICT",979,FALSE,56
Clackamas,Other,Republican,"State House,56TH DISTRICT",0,FALSE,56
Hood River,Other,Republican,"State House,56TH DISTRICT",12,FALSE,56
Multnomah,Other,Republican,"State House,56TH DISTRICT",4,FALSE,56
Wasco,Other,Republican,"State House,56TH DISTRICT",15,FALSE,56
Morrow,"Kirkwood,Keith R.",Democrat,"State House,57TH DISTRICT",234,TRUE,57
Umatilla,"Kirkwood,Keith R.",Democrat,"State House,57TH DISTRICT",1944,TRUE,57
Morrow,Other,Democrat,"State House,57TH DISTRICT",8,FALSE,57
Umatilla,Other,Democrat,"State House,57TH DISTRICT",1,FALSE,57
Morrow,"Jenson,Bob",Republican,"State House,57TH DISTRICT",237,TRUE,57
Umatilla,"Jenson,Bob",Republican,"State House,57TH DISTRICT",2879,TRUE,57
Morrow,Other,Republican,"State House,57TH DISTRICT",2,FALSE,57
Umatilla,Other,Republican,"State House,57TH DISTRICT",0,FALSE,57
Umatilla,"Jones,Christopher",Democrat,"State House,58TH DISTRICT",771,TRUE,58
Union,"Jones,Christopher",Democrat,"State House,58TH DISTRICT",2016,TRUE,58
Wallowa,"Jones,Christopher",Democrat,"State House,58TH DISTRICT",533,TRUE,58
Umatilla,Other,Democrat,"State House,58TH DISTRICT",0,FALSE,58
Union,Other,Democrat,"State House,58TH DISTRICT",56,FALSE,58
Wallowa,Other,Democrat,"State House,58TH DISTRICT",56,FALSE,58
Umatilla,"Simmons,Mark",Republican,"State House,58TH DISTRICT",1191,TRUE,58
Union,"Simmons,Mark",Republican,"State House,58TH DISTRICT",2944,TRUE,58
Wallowa,"Simmons,Mark",Republican,"State House,58TH DISTRICT",1053,TRUE,58
Umatilla,Other,Republican,"State House,58TH DISTRICT",0,FALSE,58
Union,Other,Republican,"State House,58TH DISTRICT",32,FALSE,58
Wallowa,Other,Republican,"State House,58TH DISTRICT",7,FALSE,58
Baker,"Harrington,Linda",Democrat,"State House,59TH DISTRICT",1256,TRUE,59
Crook,"Harrington,Linda",Democrat,"State House,59TH DISTRICT",1444,TRUE,59
Gilliam,"Harrington,Linda",Democrat,"State House,59TH DISTRICT",204,TRUE,59
Grant,"Harrington,Linda",Democrat,"State House,59TH DISTRICT",606,TRUE,59
Morrow,"Harrington,Linda",Democrat,"State House,59TH DISTRICT",242,TRUE,59
Sherman,"Harrington,Linda",Democrat,"State House,59TH DISTRICT",216,TRUE,59
Wasco,"Harrington,Linda",Democrat,"State House,59TH DISTRICT",121,TRUE,59
Wheeler,"Harrington,Linda",Democrat,"State House,59TH DISTRICT",171,TRUE,59
Baker,Other,Democrat,"State House,59TH DISTRICT",19,FALSE,59
Crook,Other,Democrat,"State House,59TH DISTRICT",52,FALSE,59
Gilliam,Other,Democrat,"State House,59TH DISTRICT",8,FALSE,59
Grant,Other,Democrat,"State House,59TH DISTRICT",95,FALSE,59
Morrow,Other,Democrat,"State House,59TH DISTRICT",0,FALSE,59
Sherman,Other,Democrat,"State House,59TH DISTRICT",2,FALSE,59
Wasco,Other,Democrat,"State House,59TH DISTRICT",2,FALSE,59
Wheeler,Other,Democrat,"State House,59TH DISTRICT",3,FALSE,59
Baker,"Smith,Greg",Republican,"State House,59TH DISTRICT",1922,TRUE,59
Crook,"Smith,Greg",Republican,"State House,59TH DISTRICT",1886,TRUE,59
Gilliam,"Smith,Greg",Republican,"State House,59TH DISTRICT",255,TRUE,59
Grant,"Smith,Greg",Republican,"State House,59TH DISTRICT",1152,TRUE,59
Morrow,"Smith,Greg",Republican,"State House,59TH DISTRICT",374,TRUE,59
Sherman,"Smith,Greg",Republican,"State House,59TH DISTRICT",265,TRUE,59
Wasco,"Smith,Greg",Republican,"State House,59TH DISTRICT",239,TRUE,59
Wheeler,"Smith,Greg",Republican,"State House,59TH DISTRICT",239,TRUE,59
Baker,Other,Republican,"State House,59TH DISTRICT",6,FALSE,59
Crook,Other,Republican,"State House,59TH DISTRICT",16,FALSE,59
Gilliam,Other,Republican,"State House,59TH DISTRICT",0,FALSE,59
Grant,Other,Republican,"State House,59TH DISTRICT",22,FALSE,59
Morrow,Other,Republican,"State House,59TH DISTRICT",0,FALSE,59
Sherman,Other,Republican,"State House,59TH DISTRICT",1,FALSE,59
Wasco,Other,Republican,"State House,59TH DISTRICT",0,FALSE,59
Wheeler,Other,Republican,"State House,59TH DISTRICT",0,FALSE,59
Harney,"Butler,R. Thomas(Tom)(WI)",Democrat,"State House,60TH DISTRICT",87,TRUE,60
Klamath,"Butler,R. Thomas(Tom)(WI)",Democrat,"State House,60TH DISTRICT",21,TRUE,60
Lake,"Butler,R. Thomas(Tom)(WI)",Democrat,"State House,60TH DISTRICT",0,TRUE,60
Malheur,"Butler,R. Thomas(Tom)(WI)",Democrat,"State House,60TH DISTRICT",182,TRUE,60
Harney,Other,Democrat,"State House,60TH DISTRICT",11,FALSE,60
Klamath,Other,Democrat,"State House,60TH DISTRICT",9,FALSE,60
Lake,Other,Democrat,"State House,60TH DISTRICT",0,FALSE,60
Malheur,Other,Democrat,"State House,60TH DISTRICT",76,FALSE,60
Harney,"Butler,R. Thomas (Tom)",Republican,"State House,60TH DISTRICT",1112,TRUE,60
Klamath,"Butler,R. Thomas (Tom)",Republican,"State House,60TH DISTRICT",995,TRUE,60
Lake,"Butler,R. Thomas (Tom)",Republican,"State House,60TH DISTRICT",1098,TRUE,60
Malheur,"Butler,R. Thomas (Tom)",Republican,"State House,60TH DISTRICT",3322,TRUE,60
Harney,Other,Republican,"State House,60TH DISTRICT",2,FALSE,60
Klamath,Other,Republican,"State House,60TH DISTRICT",4,FALSE,60
Lake,Other,Republican,"State House,60TH DISTRICT",0,FALSE,60
Malheur,Other,Republican,"State House,60TH DISTRICT",41,FALSE,60
