candidate,office,district,party,county,precinct,votes,
Eric Burnetter,U.S. House,2,DEM,Jefferson,No. 1 Haystack,5,
Michael Byrne,U.S. House,2,DEM,Jefferson,No. 1 Haystack,3,
Tim S White,U.S. House,2,DEM,Jefferson,No. 1 Haystack,5,
Raz Mason,U.S. House,2,DEM,Jefferson,No. 1 Haystack,2,
Jamie McLeod-Skinner,U.S. House,2,DEM,Jefferson,No. 1 Haystack,15,
James (Jim) Crary,U.S. House,2,DEM,Jefferson,No. 1 Haystack,17,
Jennifer (Jenni) Neahring,U.S. House,2,DEM,Jefferson,No. 1 Haystack,18,
Write Ins,U.S. House,2,DEM,Jefferson,No. 1 Haystack,2,
Over Votes,U.S. House,2,DEM,Jefferson,No. 1 Haystack,0,
Under votes,U.S. House,2,DEM,Jefferson,No. 1 Haystack,27,
Ed Jones,Governor,,DEM,Jefferson,No. 1 Haystack,14,
Kate Brown,Governor,,DEM,Jefferson,No. 1 Haystack,48,
Candace Neville,Governor,,DEM,Jefferson,No. 1 Haystack,12,
Write-Ins,Governor,,DEM,Jefferson,No. 1 Haystack,5,
Over votes,Governor,,DEM,Jefferson,No. 1 Haystack,0,
Under votes,Governor,,DEM,Jefferson,No. 1 Haystack,15,
Solea Kabakov,State Senate,30,DEM,Jefferson,No. 1 Haystack,53,
Write In,State Senate,30,DEM,Jefferson,No. 1 Haystack,2,
Over votes,State Senate,30,DEM,Jefferson,No. 1 Haystack,0,
Under votes,State Senate,30,DEM,Jefferson,No. 1 Haystack,39,
Darcy Long-Curtiss,State House,59,DEM,Jefferson,No. 1 Haystack,55,
Write In,State House,59,DEM,Jefferson,No. 1 Haystack,3,
Over votes,State House,59,DEM,Jefferson,No. 1 Haystack,0,
Under votes,State House,59,DEM,Jefferson,No. 1 Haystack,36,
Mark R Roberts,U.S. House,2,IND,Jefferson,No. 1 Haystack,8,
Write In,U.S. House,2,IND,Jefferson,No. 1 Haystack,2,
Over votes,U.S. House,2,IND,Jefferson,No. 1 Haystack,0,
Under votes,U.S. House,2,IND,Jefferson,No. 1 Haystack,11,
Dan (Mr. P) Pistoresi ,Governor,,IND,Jefferson,No. 1 Haystack,0,
Skye J Allen,Governor,,IND,Jefferson,No. 1 Haystack,0,
Patrick Starnes,Governor,,IND,Jefferson,No. 1 Haystack,7,
Over votes,Governor,,IND,Jefferson,No. 1 Haystack,0,
Under votes,Governor,,IND,Jefferson,No. 1 Haystack,6,
Over Votes,State House,59,IND,Jefferson,No. 1 Haystack,0,
Under votes,State House,59,IND,Jefferson,No. 1 Haystack,18,
Randy Pollock,U.S. House,2,REP,Jefferson,No. 1 Haystack,22,
Greg Walden,U.S. House,2,REP,Jefferson,No. 1 Haystack,243,
Paul J Romero Jr. ,U.S. House,2,REP,Jefferson,No. 1 Haystack,46,
Write In,U.S. House,2,REP,Jefferson,No. 1 Haystack,0,
Over votes,U.S. House,2,REP,Jefferson,No. 1 Haystack,0,
Under votes,U.S. House,2,REP,Jefferson,No. 1 Haystack,18,
Knute Buehler,Governor,,REP,Jefferson,No. 1 Haystack,134,
Keenen W Bohach,Governor,,REP,Jefferson,No. 1 Haystack,1,
Greg C Wooldridge,Governor,,REP,Jefferson,No. 1 Haystack,27,
Jonathan I Edwards III,Governor,,REP,Jefferson,No. 1 Haystack,0,
David W Stauffer,Governor,,REP,Jefferson,No. 1 Haystack,2,
Jeff Smith,Governor,,REP,Jefferson,No. 1 Haystack,2,
Jack W Tacy ,Governor,,REP,Jefferson,No. 1 Haystack,0,
Brett Hyland,Governor,,REP,Jefferson,No. 1 Haystack,1,
Bruce Cuff,Governor,,REP,Jefferson,No. 1 Haystack,2,
Sam Carpenter,Governor,,REP,Jefferson,No. 1 Haystack,154,
Write In,Governor,,REP,Jefferson,No. 1 Haystack,1,
Over votes,Governor,,REP,Jefferson,No. 1 Haystack,0,
Under votes,Governor,,REP,Jefferson,No. 1 Haystack,5,
Cliff Bentz,State Senate,30,REP,Jefferson,No. 1 Haystack,201,
Write Ins,State Senate,30,REP,Jefferson,No. 1 Haystack,3,
Over Votes,State Senate,30,REP,Jefferson,No. 1 Haystack,0,
Under votes,State Senate,30,REP,Jefferson,No. 1 Haystack,125,
Daniel G Bonham,State House,59,REP,Jefferson,No. 1 Haystack,195,
Write Ins,State House,59,REP,Jefferson,No. 1 Haystack,2,
Over votes,State House,59,REP,Jefferson,No. 1 Haystack,0,
Under votes,State House,59,REP,Jefferson,No. 1 Haystack,132,
Lou Ogden,Commissioner of the Bureau of Labor and Industries,,NonPartisan,Jefferson,No. 1 Haystack,189,
Val Hoyle,Commissioner of the Bureau of Labor and Industries,,NonPartisan,Jefferson,No. 1 Haystack,116,
Jack Howard,Commissioner of the Bureau of Labor and Industries,,NonPartisan,Jefferson,No. 1 Haystack,61,
Write In,Commissioner of the Bureau of Labor and Industries,,NonPartisan,Jefferson,No. 1 Haystack,2,
Over votes,Commissioner of the Bureau of Labor and Industries,,NonPartisan,Jefferson,No. 1 Haystack,0,
Under votes,Commissioner of the Bureau of Labor and Industries,,NonPartisan,Jefferson,No. 1 Haystack,126,
Eric Burnetter,U.S. House,2,DEM,Jefferson,No. 2 Crooked River,17,
Michael Byrne,U.S. House,2,DEM,Jefferson,No. 2 Crooked River,16,
Tim S White,U.S. House,2,DEM,Jefferson,No. 2 Crooked River,30,
Raz Mason,U.S. House,2,DEM,Jefferson,No. 2 Crooked River,15,
Jamie McLeod-Skinner,U.S. House,2,DEM,Jefferson,No. 2 Crooked River,139,
James (Jim) Crary,U.S. House,2,DEM,Jefferson,No. 2 Crooked River,29,
Jennifer (Jenni) Neahring,U.S. House,2,DEM,Jefferson,No. 2 Crooked River,56,
Write Ins,U.S. House,2,DEM,Jefferson,No. 2 Crooked River,6,
Over Votes,U.S. House,2,DEM,Jefferson,No. 2 Crooked River,0,
Under votes,U.S. House,2,DEM,Jefferson,No. 2 Crooked River,39,
Ed Jones,Governor,,DEM,Jefferson,No. 2 Crooked River,35,
Kate Brown,Governor,,DEM,Jefferson,No. 2 Crooked River,257,
Candace Neville,Governor,,DEM,Jefferson,No. 2 Crooked River,28,
Write-Ins,Governor,,DEM,Jefferson,No. 2 Crooked River,14,
Over votes,Governor,,DEM,Jefferson,No. 2 Crooked River,0,
Under votes,Governor,,DEM,Jefferson,No. 2 Crooked River,13,
Solea Kabakov,State Senate,30,DEM,Jefferson,No. 2 Crooked River,241,
Write In,State Senate,30,DEM,Jefferson,No. 2 Crooked River,9,
Over votes,State Senate,30,DEM,Jefferson,No. 2 Crooked River,0,
Under votes,State Senate,30,DEM,Jefferson,No. 2 Crooked River,97,
Darcy Long-Curtiss,State House,59,DEM,Jefferson,No. 2 Crooked River,240,
Write In,State House,59,DEM,Jefferson,No. 2 Crooked River,8,
Over votes,State House,59,DEM,Jefferson,No. 2 Crooked River,0,
Under votes,State House,59,DEM,Jefferson,No. 2 Crooked River,99,
Mark R Roberts,U.S. House,2,IND,Jefferson,No. 2 Crooked River,28,
Write In,U.S. House,2,IND,Jefferson,No. 2 Crooked River,12,
Over votes,U.S. House,2,IND,Jefferson,No. 2 Crooked River,0,
Under votes,U.S. House,2,IND,Jefferson,No. 2 Crooked River,14,
Dan (Mr. P) Pistoresi ,Governor,,IND,Jefferson,No. 2 Crooked River,1,
Skye J Allen,Governor,,IND,Jefferson,No. 2 Crooked River,7,
Patrick Starnes,Governor,,IND,Jefferson,No. 2 Crooked River,10,
Over votes,Governor,,IND,Jefferson,No. 2 Crooked River,0,
Under votes,Governor,,IND,Jefferson,No. 2 Crooked River,9,
Over Votes,State House,59,IND,Jefferson,No. 2 Crooked River,0,
Under votes,State House,59,IND,Jefferson,No. 2 Crooked River,42,
Randy Pollock,U.S. House,2,REP,Jefferson,No. 2 Crooked River,58,
Greg Walden,U.S. House,2,REP,Jefferson,No. 2 Crooked River,526,
Paul J Romero Jr. ,U.S. House,2,REP,Jefferson,No. 2 Crooked River,104,
Write In,U.S. House,2,REP,Jefferson,No. 2 Crooked River,2,
Over votes,U.S. House,2,REP,Jefferson,No. 2 Crooked River,1,
Under votes,U.S. House,2,REP,Jefferson,No. 2 Crooked River,35,
Knute Buehler,Governor,,REP,Jefferson,No. 2 Crooked River,375,
Keenen W Bohach,Governor,,REP,Jefferson,No. 2 Crooked River,1,
Greg C Wooldridge,Governor,,REP,Jefferson,No. 2 Crooked River,91,
Jonathan I Edwards III,Governor,,REP,Jefferson,No. 2 Crooked River,0,
David W Stauffer,Governor,,REP,Jefferson,No. 2 Crooked River,2,
Jeff Smith,Governor,,REP,Jefferson,No. 2 Crooked River,5,
Jack W Tacy ,Governor,,REP,Jefferson,No. 2 Crooked River,1,
Brett Hyland,Governor,,REP,Jefferson,No. 2 Crooked River,0,
Bruce Cuff,Governor,,REP,Jefferson,No. 2 Crooked River,5,
Sam Carpenter,Governor,,REP,Jefferson,No. 2 Crooked River,236,
Write In,Governor,,REP,Jefferson,No. 2 Crooked River,3,
Over votes,Governor,,REP,Jefferson,No. 2 Crooked River,1,
Under votes,Governor,,REP,Jefferson,No. 2 Crooked River,6,
Cliff Bentz,State Senate,30,REP,Jefferson,No. 2 Crooked River,477,
Write Ins,State Senate,30,REP,Jefferson,No. 2 Crooked River,5,
Over Votes,State Senate,30,REP,Jefferson,No. 2 Crooked River,0,
Under votes,State Senate,30,REP,Jefferson,No. 2 Crooked River,244,
Daniel G Bonham,State House,59,REP,Jefferson,No. 2 Crooked River,484,
Write Ins,State House,59,REP,Jefferson,No. 2 Crooked River,4,
Over votes,State House,59,REP,Jefferson,No. 2 Crooked River,0,
Under votes,State House,59,REP,Jefferson,No. 2 Crooked River,238,
Lou Ogden,Commissioner of the Bureau of Labor and Industries,,NonPartisan,Jefferson,No. 2 Crooked River,414,
Val Hoyle,Commissioner of the Bureau of Labor and Industries,,NonPartisan,Jefferson,No. 2 Crooked River,370,
Jack Howard,Commissioner of the Bureau of Labor and Industries,,NonPartisan,Jefferson,No. 2 Crooked River,186,
Write In,Commissioner of the Bureau of Labor and Industries,,NonPartisan,Jefferson,No. 2 Crooked River,3,
Over votes,Commissioner of the Bureau of Labor and Industries,,NonPartisan,Jefferson,No. 2 Crooked River,0,
Under votes,Commissioner of the Bureau of Labor and Industries,,NonPartisan,Jefferson,No. 2 Crooked River,266,
Eric Burnetter,U.S. House,2,DEM,Jefferson,No. 5 Ashwood,0,
Michael Byrne,U.S. House,2,DEM,Jefferson,No. 5 Ashwood,0,
Tim S White,U.S. House,2,DEM,Jefferson,No. 5 Ashwood,1,
Raz Mason,U.S. House,2,DEM,Jefferson,No. 5 Ashwood,0,
Jamie McLeod-Skinner,U.S. House,2,DEM,Jefferson,No. 5 Ashwood,0,
James (Jim) Crary,U.S. House,2,DEM,Jefferson,No. 5 Ashwood,1,
Jennifer (Jenni) Neahring,U.S. House,2,DEM,Jefferson,No. 5 Ashwood,2,
Write Ins,U.S. House,2,DEM,Jefferson,No. 5 Ashwood,1,
Over Votes,U.S. House,2,DEM,Jefferson,No. 5 Ashwood,0,
Under votes,U.S. House,2,DEM,Jefferson,No. 5 Ashwood,3,
Ed Jones,Governor,,DEM,Jefferson,No. 5 Ashwood,3,
Kate Brown,Governor,,DEM,Jefferson,No. 5 Ashwood,3,
Candace Neville,Governor,,DEM,Jefferson,No. 5 Ashwood,0,
Write-Ins,Governor,,DEM,Jefferson,No. 5 Ashwood,1,
Over votes,Governor,,DEM,Jefferson,No. 5 Ashwood,0,
Under votes,Governor,,DEM,Jefferson,No. 5 Ashwood,1,
Solea Kabakov,State Senate,30,DEM,Jefferson,No. 5 Ashwood,3,
Write In,State Senate,30,DEM,Jefferson,No. 5 Ashwood,1,
Over votes,State Senate,30,DEM,Jefferson,No. 5 Ashwood,0,
Under votes,State Senate,30,DEM,Jefferson,No. 5 Ashwood,4,
Darcy Long-Curtiss,State House,59,DEM,Jefferson,No. 5 Ashwood,3,
Write In,State House,59,DEM,Jefferson,No. 5 Ashwood,1,
Over votes,State House,59,DEM,Jefferson,No. 5 Ashwood,0,
Under votes,State House,59,DEM,Jefferson,No. 5 Ashwood,4,
Mark R Roberts,U.S. House,2,IND,Jefferson,No. 5 Ashwood,0,
Write In,U.S. House,2,IND,Jefferson,No. 5 Ashwood,1,
Over votes,U.S. House,2,IND,Jefferson,No. 5 Ashwood,0,
Under votes,U.S. House,2,IND,Jefferson,No. 5 Ashwood,1,
Dan (Mr. P) Pistoresi ,Governor,,IND,Jefferson,No. 5 Ashwood,0,
Skye J Allen,Governor,,IND,Jefferson,No. 5 Ashwood,0,
Patrick Starnes,Governor,,IND,Jefferson,No. 5 Ashwood,0,
Over votes,Governor,,IND,Jefferson,No. 5 Ashwood,0,
Under votes,Governor,,IND,Jefferson,No. 5 Ashwood,1,
Over Votes,State House,59,IND,Jefferson,No. 5 Ashwood,0,
Under votes,State House,59,IND,Jefferson,No. 5 Ashwood,2,
Randy Pollock,U.S. House,2,REP,Jefferson,No. 5 Ashwood,0,
Greg Walden,U.S. House,2,REP,Jefferson,No. 5 Ashwood,10,
Paul J Romero Jr. ,U.S. House,2,REP,Jefferson,No. 5 Ashwood,4,
Write In,U.S. House,2,REP,Jefferson,No. 5 Ashwood,1,
Over votes,U.S. House,2,REP,Jefferson,No. 5 Ashwood,0,
Under votes,U.S. House,2,REP,Jefferson,No. 5 Ashwood,1,
Knute Buehler,Governor,,REP,Jefferson,No. 5 Ashwood,3,
Keenen W Bohach,Governor,,REP,Jefferson,No. 5 Ashwood,0,
Greg C Wooldridge,Governor,,REP,Jefferson,No. 5 Ashwood,2,
Jonathan I Edwards III,Governor,,REP,Jefferson,No. 5 Ashwood,0,
David W Stauffer,Governor,,REP,Jefferson,No. 5 Ashwood,0,
Jeff Smith,Governor,,REP,Jefferson,No. 5 Ashwood,0,
Jack W Tacy ,Governor,,REP,Jefferson,No. 5 Ashwood,0,
Brett Hyland,Governor,,REP,Jefferson,No. 5 Ashwood,0,
Bruce Cuff,Governor,,REP,Jefferson,No. 5 Ashwood,0,
Sam Carpenter,Governor,,REP,Jefferson,No. 5 Ashwood,10,
Write In,Governor,,REP,Jefferson,No. 5 Ashwood,1,
Over votes,Governor,,REP,Jefferson,No. 5 Ashwood,0,
Under votes,Governor,,REP,Jefferson,No. 5 Ashwood,0,
Cliff Bentz,State Senate,30,REP,Jefferson,No. 5 Ashwood,13,
Write Ins,State Senate,30,REP,Jefferson,No. 5 Ashwood,0,
Over Votes,State Senate,30,REP,Jefferson,No. 5 Ashwood,0,
Under votes,State Senate,30,REP,Jefferson,No. 5 Ashwood,3,
Daniel G Bonham,State House,59,REP,Jefferson,No. 5 Ashwood,13,
Write Ins,State House,59,REP,Jefferson,No. 5 Ashwood,0,
Over votes,State House,59,REP,Jefferson,No. 5 Ashwood,0,
Under votes,State House,59,REP,Jefferson,No. 5 Ashwood,3,
Lou Ogden,Commissioner of the Bureau of Labor and Industries,,NonPartisan,Jefferson,No. 5 Ashwood,9,
Val Hoyle,Commissioner of the Bureau of Labor and Industries,,NonPartisan,Jefferson,No. 5 Ashwood,4,
Jack Howard,Commissioner of the Bureau of Labor and Industries,,NonPartisan,Jefferson,No. 5 Ashwood,5,
Write In,Commissioner of the Bureau of Labor and Industries,,NonPartisan,Jefferson,No. 5 Ashwood,0,
Over votes,Commissioner of the Bureau of Labor and Industries,,NonPartisan,Jefferson,No. 5 Ashwood,0,
Under votes,Commissioner of the Bureau of Labor and Industries,,NonPartisan,Jefferson,No. 5 Ashwood,10,
Eric Burnetter,U.S. House,2,DEM,Jefferson,No. 6 Kutcher,2,
Michael Byrne,U.S. House,2,DEM,Jefferson,No. 6 Kutcher,1,
Tim S White,U.S. House,2,DEM,Jefferson,No. 6 Kutcher,2,
Raz Mason,U.S. House,2,DEM,Jefferson,No. 6 Kutcher,1,
Jamie McLeod-Skinner,U.S. House,2,DEM,Jefferson,No. 6 Kutcher,6,
James (Jim) Crary,U.S. House,2,DEM,Jefferson,No. 6 Kutcher,10,
Jennifer (Jenni) Neahring,U.S. House,2,DEM,Jefferson,No. 6 Kutcher,16,
Write Ins,U.S. House,2,DEM,Jefferson,No. 6 Kutcher,0,
Over Votes,U.S. House,2,DEM,Jefferson,No. 6 Kutcher,0,
Under votes,U.S. House,2,DEM,Jefferson,No. 6 Kutcher,5,
Ed Jones,Governor,,DEM,Jefferson,No. 6 Kutcher,4,
Kate Brown,Governor,,DEM,Jefferson,No. 6 Kutcher,33,
Candace Neville,Governor,,DEM,Jefferson,No. 6 Kutcher,2,
Write-Ins,Governor,,DEM,Jefferson,No. 6 Kutcher,1,
Over votes,Governor,,DEM,Jefferson,No. 6 Kutcher,0,
Under votes,Governor,,DEM,Jefferson,No. 6 Kutcher,3,
Solea Kabakov,State Senate,30,DEM,Jefferson,No. 6 Kutcher,29,
Write In,State Senate,30,DEM,Jefferson,No. 6 Kutcher,0,
Over votes,State Senate,30,DEM,Jefferson,No. 6 Kutcher,0,
Under votes,State Senate,30,DEM,Jefferson,No. 6 Kutcher,14,
Darcy Long-Curtiss,State House,59,DEM,Jefferson,No. 6 Kutcher,29,
Write In,State House,59,DEM,Jefferson,No. 6 Kutcher,0,
Over votes,State House,59,DEM,Jefferson,No. 6 Kutcher,0,
Under votes,State House,59,DEM,Jefferson,No. 6 Kutcher,14,
Mark R Roberts,U.S. House,2,IND,Jefferson,No. 6 Kutcher,6,
Write In,U.S. House,2,IND,Jefferson,No. 6 Kutcher,3,
Over votes,U.S. House,2,IND,Jefferson,No. 6 Kutcher,0,
Under votes,U.S. House,2,IND,Jefferson,No. 6 Kutcher,0,
Dan (Mr. P) Pistoresi ,Governor,,IND,Jefferson,No. 6 Kutcher,0,
Skye J Allen,Governor,,IND,Jefferson,No. 6 Kutcher,2,
Patrick Starnes,Governor,,IND,Jefferson,No. 6 Kutcher,4,
Over votes,Governor,,IND,Jefferson,No. 6 Kutcher,0,
Under votes,Governor,,IND,Jefferson,No. 6 Kutcher,0,
Over Votes,State House,59,IND,Jefferson,No. 6 Kutcher,0,
Under votes,State House,59,IND,Jefferson,No. 6 Kutcher,6,
Randy Pollock,U.S. House,2,REP,Jefferson,No. 6 Kutcher,9,
Greg Walden,U.S. House,2,REP,Jefferson,No. 6 Kutcher,88,
Paul J Romero Jr. ,U.S. House,2,REP,Jefferson,No. 6 Kutcher,8,
Write In,U.S. House,2,REP,Jefferson,No. 6 Kutcher,0,
Over votes,U.S. House,2,REP,Jefferson,No. 6 Kutcher,0,
Under votes,U.S. House,2,REP,Jefferson,No. 6 Kutcher,5,
Knute Buehler,Governor,,REP,Jefferson,No. 6 Kutcher,69,
Keenen W Bohach,Governor,,REP,Jefferson,No. 6 Kutcher,0,
Greg C Wooldridge,Governor,,REP,Jefferson,No. 6 Kutcher,8,
Jonathan I Edwards III,Governor,,REP,Jefferson,No. 6 Kutcher,0,
David W Stauffer,Governor,,REP,Jefferson,No. 6 Kutcher,1,
Jeff Smith,Governor,,REP,Jefferson,No. 6 Kutcher,0,
Jack W Tacy ,Governor,,REP,Jefferson,No. 6 Kutcher,0,
Brett Hyland,Governor,,REP,Jefferson,No. 6 Kutcher,0,
Bruce Cuff,Governor,,REP,Jefferson,No. 6 Kutcher,2,
Sam Carpenter,Governor,,REP,Jefferson,No. 6 Kutcher,27,
Write In,Governor,,REP,Jefferson,No. 6 Kutcher,0,
Over votes,Governor,,REP,Jefferson,No. 6 Kutcher,0,
Under votes,Governor,,REP,Jefferson,No. 6 Kutcher,3,
Cliff Bentz,State Senate,30,REP,Jefferson,No. 6 Kutcher,71,
Write Ins,State Senate,30,REP,Jefferson,No. 6 Kutcher,0,
Over Votes,State Senate,30,REP,Jefferson,No. 6 Kutcher,0,
Under votes,State Senate,30,REP,Jefferson,No. 6 Kutcher,39,
Daniel G Bonham,State House,59,REP,Jefferson,No. 6 Kutcher,70,
Write Ins,State House,59,REP,Jefferson,No. 6 Kutcher,0,
Over votes,State House,59,REP,Jefferson,No. 6 Kutcher,0,
Under votes,State House,59,REP,Jefferson,No. 6 Kutcher,40,
Lou Ogden,Commissioner of the Bureau of Labor and Industries,,NonPartisan,Jefferson,No. 6 Kutcher,65,
Val Hoyle,Commissioner of the Bureau of Labor and Industries,,NonPartisan,Jefferson,No. 6 Kutcher,42,
Jack Howard,Commissioner of the Bureau of Labor and Industries,,NonPartisan,Jefferson,No. 6 Kutcher,32,
Write In,Commissioner of the Bureau of Labor and Industries,,NonPartisan,Jefferson,No. 6 Kutcher,0,
Over votes,Commissioner of the Bureau of Labor and Industries,,NonPartisan,Jefferson,No. 6 Kutcher,0,
Under votes,Commissioner of the Bureau of Labor and Industries,,NonPartisan,Jefferson,No. 6 Kutcher,53,
Eric Burnetter,U.S. House,2,DEM,Jefferson,No. 8 Lyle Gap,1,
Michael Byrne,U.S. House,2,DEM,Jefferson,No. 8 Lyle Gap,0,
Tim S White,U.S. House,2,DEM,Jefferson,No. 8 Lyle Gap,1,
Raz Mason,U.S. House,2,DEM,Jefferson,No. 8 Lyle Gap,0,
Jamie McLeod-Skinner,U.S. House,2,DEM,Jefferson,No. 8 Lyle Gap,0,
James (Jim) Crary,U.S. House,2,DEM,Jefferson,No. 8 Lyle Gap,6,
Jennifer (Jenni) Neahring,U.S. House,2,DEM,Jefferson,No. 8 Lyle Gap,0,
Write Ins,U.S. House,2,DEM,Jefferson,No. 8 Lyle Gap,0,
Over Votes,U.S. House,2,DEM,Jefferson,No. 8 Lyle Gap,0,
Under votes,U.S. House,2,DEM,Jefferson,No. 8 Lyle Gap,2,
Ed Jones,Governor,,DEM,Jefferson,No. 8 Lyle Gap,1,
Kate Brown,Governor,,DEM,Jefferson,No. 8 Lyle Gap,7,
Candace Neville,Governor,,DEM,Jefferson,No. 8 Lyle Gap,1,
Write-Ins,Governor,,DEM,Jefferson,No. 8 Lyle Gap,1,
Over votes,Governor,,DEM,Jefferson,No. 8 Lyle Gap,0,
Under votes,Governor,,DEM,Jefferson,No. 8 Lyle Gap,0,
Solea Kabakov,State Senate,30,DEM,Jefferson,No. 8 Lyle Gap,5,
Write In,State Senate,30,DEM,Jefferson,No. 8 Lyle Gap,0,
Over votes,State Senate,30,DEM,Jefferson,No. 8 Lyle Gap,0,
Under votes,State Senate,30,DEM,Jefferson,No. 8 Lyle Gap,5,
Darcy Long-Curtiss,State House,59,DEM,Jefferson,No. 8 Lyle Gap,6,
Write In,State House,59,DEM,Jefferson,No. 8 Lyle Gap,0,
Over votes,State House,59,DEM,Jefferson,No. 8 Lyle Gap,0,
Under votes,State House,59,DEM,Jefferson,No. 8 Lyle Gap,4,
Mark R Roberts,U.S. House,2,IND,Jefferson,No. 8 Lyle Gap,0,
Write In,U.S. House,2,IND,Jefferson,No. 8 Lyle Gap,1,
Over votes,U.S. House,2,IND,Jefferson,No. 8 Lyle Gap,0,
Under votes,U.S. House,2,IND,Jefferson,No. 8 Lyle Gap,1,
Dan (Mr. P) Pistoresi ,Governor,,IND,Jefferson,No. 8 Lyle Gap,0,
Skye J Allen,Governor,,IND,Jefferson,No. 8 Lyle Gap,0,
Patrick Starnes,Governor,,IND,Jefferson,No. 8 Lyle Gap,0,
Over votes,Governor,,IND,Jefferson,No. 8 Lyle Gap,0,
Under votes,Governor,,IND,Jefferson,No. 8 Lyle Gap,0,
Over Votes,State House,59,IND,Jefferson,No. 8 Lyle Gap,0,
Under votes,State House,59,IND,Jefferson,No. 8 Lyle Gap,2,
Randy Pollock,U.S. House,2,REP,Jefferson,No. 8 Lyle Gap,2,
Greg Walden,U.S. House,2,REP,Jefferson,No. 8 Lyle Gap,23,
Paul J Romero Jr. ,U.S. House,2,REP,Jefferson,No. 8 Lyle Gap,8,
Write In,U.S. House,2,REP,Jefferson,No. 8 Lyle Gap,0,
Over votes,U.S. House,2,REP,Jefferson,No. 8 Lyle Gap,0,
Under votes,U.S. House,2,REP,Jefferson,No. 8 Lyle Gap,2,
Knute Buehler,Governor,,REP,Jefferson,No. 8 Lyle Gap,23,
Keenen W Bohach,Governor,,REP,Jefferson,No. 8 Lyle Gap,0,
Greg C Wooldridge,Governor,,REP,Jefferson,No. 8 Lyle Gap,2,
Jonathan I Edwards III,Governor,,REP,Jefferson,No. 8 Lyle Gap,0,
David W Stauffer,Governor,,REP,Jefferson,No. 8 Lyle Gap,1,
Jeff Smith,Governor,,REP,Jefferson,No. 8 Lyle Gap,1,
Jack W Tacy ,Governor,,REP,Jefferson,No. 8 Lyle Gap,0,
Brett Hyland,Governor,,REP,Jefferson,No. 8 Lyle Gap,0,
Bruce Cuff,Governor,,REP,Jefferson,No. 8 Lyle Gap,0,
Sam Carpenter,Governor,,REP,Jefferson,No. 8 Lyle Gap,7,
Write In,Governor,,REP,Jefferson,No. 8 Lyle Gap,0,
Over votes,Governor,,REP,Jefferson,No. 8 Lyle Gap,0,
Under votes,Governor,,REP,Jefferson,No. 8 Lyle Gap,1,
Cliff Bentz,State Senate,30,REP,Jefferson,No. 8 Lyle Gap,22,
Write Ins,State Senate,30,REP,Jefferson,No. 8 Lyle Gap,0,
Over Votes,State Senate,30,REP,Jefferson,No. 8 Lyle Gap,0,
Under votes,State Senate,30,REP,Jefferson,No. 8 Lyle Gap,13,
Daniel G Bonham,State House,59,REP,Jefferson,No. 8 Lyle Gap,21,
Write Ins,State House,59,REP,Jefferson,No. 8 Lyle Gap,0,
Over votes,State House,59,REP,Jefferson,No. 8 Lyle Gap,0,
Under votes,State House,59,REP,Jefferson,No. 8 Lyle Gap,14,
Lou Ogden,Commissioner of the Bureau of Labor and Industries,,NonPartisan,Jefferson,No. 8 Lyle Gap,13,
Val Hoyle,Commissioner of the Bureau of Labor and Industries,,NonPartisan,Jefferson,No. 8 Lyle Gap,15,
Jack Howard,Commissioner of the Bureau of Labor and Industries,,NonPartisan,Jefferson,No. 8 Lyle Gap,10,
Write In,Commissioner of the Bureau of Labor and Industries,,NonPartisan,Jefferson,No. 8 Lyle Gap,0,
Over votes,Commissioner of the Bureau of Labor and Industries,,NonPartisan,Jefferson,No. 8 Lyle Gap,0,
Under votes,Commissioner of the Bureau of Labor and Industries,,NonPartisan,Jefferson,No. 8 Lyle Gap,18,
Eric Burnetter,U.S. House,2,DEM,Jefferson,No. 11 Metolius,3,
Michael Byrne,U.S. House,2,DEM,Jefferson,No. 11 Metolius,0,
Tim S White,U.S. House,2,DEM,Jefferson,No. 11 Metolius,5,
Raz Mason,U.S. House,2,DEM,Jefferson,No. 11 Metolius,0,
Jamie McLeod-Skinner,U.S. House,2,DEM,Jefferson,No. 11 Metolius,5,
James (Jim) Crary,U.S. House,2,DEM,Jefferson,No. 11 Metolius,4,
Jennifer (Jenni) Neahring,U.S. House,2,DEM,Jefferson,No. 11 Metolius,15,
Write Ins,U.S. House,2,DEM,Jefferson,No. 11 Metolius,0,
Over Votes,U.S. House,2,DEM,Jefferson,No. 11 Metolius,0,
Under votes,U.S. House,2,DEM,Jefferson,No. 11 Metolius,3,
Ed Jones,Governor,,DEM,Jefferson,No. 11 Metolius,9,
Kate Brown,Governor,,DEM,Jefferson,No. 11 Metolius,21,
Candace Neville,Governor,,DEM,Jefferson,No. 11 Metolius,3,
Write-Ins,Governor,,DEM,Jefferson,No. 11 Metolius,1,
Over votes,Governor,,DEM,Jefferson,No. 11 Metolius,0,
Under votes,Governor,,DEM,Jefferson,No. 11 Metolius,1,
Solea Kabakov,State Senate,30,DEM,Jefferson,No. 11 Metolius,25,
Write In,State Senate,30,DEM,Jefferson,No. 11 Metolius,0,
Over votes,State Senate,30,DEM,Jefferson,No. 11 Metolius,0,
Under votes,State Senate,30,DEM,Jefferson,No. 11 Metolius,10,
Darcy Long-Curtiss,State House,59,DEM,Jefferson,No. 11 Metolius,25,
Write In,State House,59,DEM,Jefferson,No. 11 Metolius,0,
Over votes,State House,59,DEM,Jefferson,No. 11 Metolius,0,
Under votes,State House,59,DEM,Jefferson,No. 11 Metolius,10,
Mark R Roberts,U.S. House,2,IND,Jefferson,No. 11 Metolius,4,
Write In,U.S. House,2,IND,Jefferson,No. 11 Metolius,1,
Over votes,U.S. House,2,IND,Jefferson,No. 11 Metolius,0,
Under votes,U.S. House,2,IND,Jefferson,No. 11 Metolius,0,
Dan (Mr. P) Pistoresi ,Governor,,IND,Jefferson,No. 11 Metolius,0,
Skye J Allen,Governor,,IND,Jefferson,No. 11 Metolius,0,
Patrick Starnes,Governor,,IND,Jefferson,No. 11 Metolius,2,
Over votes,Governor,,IND,Jefferson,No. 11 Metolius,0,
Under votes,Governor,,IND,Jefferson,No. 11 Metolius,0,
Over Votes,State House,59,IND,Jefferson,No. 11 Metolius,0,
Under votes,State House,59,IND,Jefferson,No. 11 Metolius,3,
Randy Pollock,U.S. House,2,REP,Jefferson,No. 11 Metolius,9,
Greg Walden,U.S. House,2,REP,Jefferson,No. 11 Metolius,34,
Paul J Romero Jr. ,U.S. House,2,REP,Jefferson,No. 11 Metolius,15,
Write In,U.S. House,2,REP,Jefferson,No. 11 Metolius,0,
Over votes,U.S. House,2,REP,Jefferson,No. 11 Metolius,0,
Under votes,U.S. House,2,REP,Jefferson,No. 11 Metolius,2,
Knute Buehler,Governor,,REP,Jefferson,No. 11 Metolius,26,
Keenen W Bohach,Governor,,REP,Jefferson,No. 11 Metolius,1,
Greg C Wooldridge,Governor,,REP,Jefferson,No. 11 Metolius,4,
Jonathan I Edwards III,Governor,,REP,Jefferson,No. 11 Metolius,0,
David W Stauffer,Governor,,REP,Jefferson,No. 11 Metolius,0,
Jeff Smith,Governor,,REP,Jefferson,No. 11 Metolius,1,
Jack W Tacy ,Governor,,REP,Jefferson,No. 11 Metolius,0,
Brett Hyland,Governor,,REP,Jefferson,No. 11 Metolius,0,
Bruce Cuff,Governor,,REP,Jefferson,No. 11 Metolius,2,
Sam Carpenter,Governor,,REP,Jefferson,No. 11 Metolius,26,
Write In,Governor,,REP,Jefferson,No. 11 Metolius,0,
Over votes,Governor,,REP,Jefferson,No. 11 Metolius,0,
Under votes,Governor,,REP,Jefferson,No. 11 Metolius,0,
Cliff Bentz,State Senate,30,REP,Jefferson,No. 11 Metolius,29,
Write Ins,State Senate,30,REP,Jefferson,No. 11 Metolius,0,
Over Votes,State Senate,30,REP,Jefferson,No. 11 Metolius,0,
Under votes,State Senate,30,REP,Jefferson,No. 11 Metolius,31,
Daniel G Bonham,State House,59,REP,Jefferson,No. 11 Metolius,28,
Write Ins,State House,59,REP,Jefferson,No. 11 Metolius,0,
Over votes,State House,59,REP,Jefferson,No. 11 Metolius,0,
Under votes,State House,59,REP,Jefferson,No. 11 Metolius,32,
Lou Ogden,Commissioner of the Bureau of Labor and Industries,,NonPartisan,Jefferson,No. 11 Metolius,25,
Val Hoyle,Commissioner of the Bureau of Labor and Industries,,NonPartisan,Jefferson,No. 11 Metolius,42,
Jack Howard,Commissioner of the Bureau of Labor and Industries,,NonPartisan,Jefferson,No. 11 Metolius,31,
Write In,Commissioner of the Bureau of Labor and Industries,,NonPartisan,Jefferson,No. 11 Metolius,0,
Over votes,Commissioner of the Bureau of Labor and Industries,,NonPartisan,Jefferson,No. 11 Metolius,0,
Under votes,Commissioner of the Bureau of Labor and Industries,,NonPartisan,Jefferson,No. 11 Metolius,30,
Eric Burnetter,U.S. House,2,DEM,Jefferson,No. 13 East Madras,4,
Michael Byrne,U.S. House,2,DEM,Jefferson,No. 13 East Madras,3,
Tim S White,U.S. House,2,DEM,Jefferson,No. 13 East Madras,9,
Raz Mason,U.S. House,2,DEM,Jefferson,No. 13 East Madras,6,
Jamie McLeod-Skinner,U.S. House,2,DEM,Jefferson,No. 13 East Madras,50,
James (Jim) Crary,U.S. House,2,DEM,Jefferson,No. 13 East Madras,43,
Jennifer (Jenni) Neahring,U.S. House,2,DEM,Jefferson,No. 13 East Madras,48,
Write Ins,U.S. House,2,DEM,Jefferson,No. 13 East Madras,2,
Over Votes,U.S. House,2,DEM,Jefferson,No. 13 East Madras,0,
Under votes,U.S. House,2,DEM,Jefferson,No. 13 East Madras,36,
Ed Jones,Governor,,DEM,Jefferson,No. 13 East Madras,29,
Kate Brown,Governor,,DEM,Jefferson,No. 13 East Madras,132,
Candace Neville,Governor,,DEM,Jefferson,No. 13 East Madras,15,
Write-Ins,Governor,,DEM,Jefferson,No. 13 East Madras,9,
Over votes,Governor,,DEM,Jefferson,No. 13 East Madras,0,
Under votes,Governor,,DEM,Jefferson,No. 13 East Madras,16,
Solea Kabakov,State Senate,30,DEM,Jefferson,No. 13 East Madras,124,
Write In,State Senate,30,DEM,Jefferson,No. 13 East Madras,1,
Over votes,State Senate,30,DEM,Jefferson,No. 13 East Madras,0,
Under votes,State Senate,30,DEM,Jefferson,No. 13 East Madras,76,
Darcy Long-Curtiss,State House,59,DEM,Jefferson,No. 13 East Madras,119,
Write In,State House,59,DEM,Jefferson,No. 13 East Madras,1,
Over votes,State House,59,DEM,Jefferson,No. 13 East Madras,0,
Under votes,State House,59,DEM,Jefferson,No. 13 East Madras,81,
Mark R Roberts,U.S. House,2,IND,Jefferson,No. 13 East Madras,21,
Write In,U.S. House,2,IND,Jefferson,No. 13 East Madras,1,
Over votes,U.S. House,2,IND,Jefferson,No. 13 East Madras,0,
Under votes,U.S. House,2,IND,Jefferson,No. 13 East Madras,15,
Dan (Mr. P) Pistoresi ,Governor,,IND,Jefferson,No. 13 East Madras,3,
Skye J Allen,Governor,,IND,Jefferson,No. 13 East Madras,3,
Patrick Starnes,Governor,,IND,Jefferson,No. 13 East Madras,7,
Over votes,Governor,,IND,Jefferson,No. 13 East Madras,0,
Under votes,Governor,,IND,Jefferson,No. 13 East Madras,9,
Over Votes,State House,59,IND,Jefferson,No. 13 East Madras,0,
Under votes,State House,59,IND,Jefferson,No. 13 East Madras,31,
Randy Pollock,U.S. House,2,REP,Jefferson,No. 13 East Madras,24,
Greg Walden,U.S. House,2,REP,Jefferson,No. 13 East Madras,223,
Paul J Romero Jr. ,U.S. House,2,REP,Jefferson,No. 13 East Madras,49,
Write In,U.S. House,2,REP,Jefferson,No. 13 East Madras,0,
Over votes,U.S. House,2,REP,Jefferson,No. 13 East Madras,0,
Under votes,U.S. House,2,REP,Jefferson,No. 13 East Madras,26,
Knute Buehler,Governor,,REP,Jefferson,No. 13 East Madras,128,
Keenen W Bohach,Governor,,REP,Jefferson,No. 13 East Madras,2,
Greg C Wooldridge,Governor,,REP,Jefferson,No. 13 East Madras,48,
Jonathan I Edwards III,Governor,,REP,Jefferson,No. 13 East Madras,2,
David W Stauffer,Governor,,REP,Jefferson,No. 13 East Madras,5,
Jeff Smith,Governor,,REP,Jefferson,No. 13 East Madras,2,
Jack W Tacy ,Governor,,REP,Jefferson,No. 13 East Madras,0,
Brett Hyland,Governor,,REP,Jefferson,No. 13 East Madras,1,
Bruce Cuff,Governor,,REP,Jefferson,No. 13 East Madras,5,
Sam Carpenter,Governor,,REP,Jefferson,No. 13 East Madras,116,
Write In,Governor,,REP,Jefferson,No. 13 East Madras,1,
Over votes,Governor,,REP,Jefferson,No. 13 East Madras,0,
Under votes,Governor,,REP,Jefferson,No. 13 East Madras,12,
Cliff Bentz,State Senate,30,REP,Jefferson,No. 13 East Madras,209,
Write Ins,State Senate,30,REP,Jefferson,No. 13 East Madras,2,
Over Votes,State Senate,30,REP,Jefferson,No. 13 East Madras,0,
Under votes,State Senate,30,REP,Jefferson,No. 13 East Madras,111,
Daniel G Bonham,State House,59,REP,Jefferson,No. 13 East Madras,221,
Write Ins,State House,59,REP,Jefferson,No. 13 East Madras,2,
Over votes,State House,59,REP,Jefferson,No. 13 East Madras,0,
Under votes,State House,59,REP,Jefferson,No. 13 East Madras,99,
Lou Ogden,Commissioner of the Bureau of Labor and Industries,,NonPartisan,Jefferson,No. 13 East Madras,203,
Val Hoyle,Commissioner of the Bureau of Labor and Industries,,NonPartisan,Jefferson,No. 13 East Madras,179,
Jack Howard,Commissioner of the Bureau of Labor and Industries,,NonPartisan,Jefferson,No. 13 East Madras,99,
Write In,Commissioner of the Bureau of Labor and Industries,,NonPartisan,Jefferson,No. 13 East Madras,1,
Over votes,Commissioner of the Bureau of Labor and Industries,,NonPartisan,Jefferson,No. 13 East Madras,0,
Under votes,Commissioner of the Bureau of Labor and Industries,,NonPartisan,Jefferson,No. 13 East Madras,172,
Eric Burnetter,U.S. House,2,DEM,Jefferson,No. 14 Warm Springs,5,
Michael Byrne,U.S. House,2,DEM,Jefferson,No. 14 Warm Springs,3,
Tim S White,U.S. House,2,DEM,Jefferson,No. 14 Warm Springs,5,
Raz Mason,U.S. House,2,DEM,Jefferson,No. 14 Warm Springs,4,
Jamie McLeod-Skinner,U.S. House,2,DEM,Jefferson,No. 14 Warm Springs,18,
James (Jim) Crary,U.S. House,2,DEM,Jefferson,No. 14 Warm Springs,8,
Jennifer (Jenni) Neahring,U.S. House,2,DEM,Jefferson,No. 14 Warm Springs,25,
Write Ins,U.S. House,2,DEM,Jefferson,No. 14 Warm Springs,0,
Over Votes,U.S. House,2,DEM,Jefferson,No. 14 Warm Springs,0,
Under votes,U.S. House,2,DEM,Jefferson,No. 14 Warm Springs,10,
Ed Jones,Governor,,DEM,Jefferson,No. 14 Warm Springs,8,
Kate Brown,Governor,,DEM,Jefferson,No. 14 Warm Springs,65,
Candace Neville,Governor,,DEM,Jefferson,No. 14 Warm Springs,3,
Write-Ins,Governor,,DEM,Jefferson,No. 14 Warm Springs,0,
Over votes,Governor,,DEM,Jefferson,No. 14 Warm Springs,0,
Under votes,Governor,,DEM,Jefferson,No. 14 Warm Springs,2,
Solea Kabakov,State Senate,30,DEM,Jefferson,No. 14 Warm Springs,62,
Write In,State Senate,30,DEM,Jefferson,No. 14 Warm Springs,0,
Over votes,State Senate,30,DEM,Jefferson,No. 14 Warm Springs,0,
Under votes,State Senate,30,DEM,Jefferson,No. 14 Warm Springs,16,
Darcy Long-Curtiss,State House,59,DEM,Jefferson,No. 14 Warm Springs,63,
Write In,State House,59,DEM,Jefferson,No. 14 Warm Springs,0,
Over votes,State House,59,DEM,Jefferson,No. 14 Warm Springs,0,
Under votes,State House,59,DEM,Jefferson,No. 14 Warm Springs,15,
Mark R Roberts,U.S. House,2,IND,Jefferson,No. 14 Warm Springs,6,
Write In,U.S. House,2,IND,Jefferson,No. 14 Warm Springs,0,
Over votes,U.S. House,2,IND,Jefferson,No. 14 Warm Springs,0,
Under votes,U.S. House,2,IND,Jefferson,No. 14 Warm Springs,2,
Dan (Mr. P) Pistoresi ,Governor,,IND,Jefferson,No. 14 Warm Springs,0,
Skye J Allen,Governor,,IND,Jefferson,No. 14 Warm Springs,1,
Patrick Starnes,Governor,,IND,Jefferson,No. 14 Warm Springs,3,
Over votes,Governor,,IND,Jefferson,No. 14 Warm Springs,0,
Under votes,Governor,,IND,Jefferson,No. 14 Warm Springs,1,
Over Votes,State House,59,IND,Jefferson,No. 14 Warm Springs,0,
Under votes,State House,59,IND,Jefferson,No. 14 Warm Springs,6,
Randy Pollock,U.S. House,2,REP,Jefferson,No. 14 Warm Springs,1,
Greg Walden,U.S. House,2,REP,Jefferson,No. 14 Warm Springs,16,
Paul J Romero Jr. ,U.S. House,2,REP,Jefferson,No. 14 Warm Springs,3,
Write In,U.S. House,2,REP,Jefferson,No. 14 Warm Springs,0,
Over votes,U.S. House,2,REP,Jefferson,No. 14 Warm Springs,0,
Under votes,U.S. House,2,REP,Jefferson,No. 14 Warm Springs,0,
Knute Buehler,Governor,,REP,Jefferson,No. 14 Warm Springs,8,
Keenen W Bohach,Governor,,REP,Jefferson,No. 14 Warm Springs,0,
Greg C Wooldridge,Governor,,REP,Jefferson,No. 14 Warm Springs,2,
Jonathan I Edwards III,Governor,,REP,Jefferson,No. 14 Warm Springs,1,
David W Stauffer,Governor,,REP,Jefferson,No. 14 Warm Springs,0,
Jeff Smith,Governor,,REP,Jefferson,No. 14 Warm Springs,0,
Jack W Tacy ,Governor,,REP,Jefferson,No. 14 Warm Springs,0,
Brett Hyland,Governor,,REP,Jefferson,No. 14 Warm Springs,0,
Bruce Cuff,Governor,,REP,Jefferson,No. 14 Warm Springs,2,
Sam Carpenter,Governor,,REP,Jefferson,No. 14 Warm Springs,4,
Write In,Governor,,REP,Jefferson,No. 14 Warm Springs,2,
Over votes,Governor,,REP,Jefferson,No. 14 Warm Springs,0,
Under votes,Governor,,REP,Jefferson,No. 14 Warm Springs,1,
Cliff Bentz,State Senate,30,REP,Jefferson,No. 14 Warm Springs,17,
Write Ins,State Senate,30,REP,Jefferson,No. 14 Warm Springs,1,
Over Votes,State Senate,30,REP,Jefferson,No. 14 Warm Springs,0,
Under votes,State Senate,30,REP,Jefferson,No. 14 Warm Springs,2,
Daniel G Bonham,State House,59,REP,Jefferson,No. 14 Warm Springs,18,
Write Ins,State House,59,REP,Jefferson,No. 14 Warm Springs,0,
Over votes,State House,59,REP,Jefferson,No. 14 Warm Springs,0,
Under votes,State House,59,REP,Jefferson,No. 14 Warm Springs,2,
Lou Ogden,Commissioner of the Bureau of Labor and Industries,,NonPartisan,Jefferson,No. 14 Warm Springs,37,
Val Hoyle,Commissioner of the Bureau of Labor and Industries,,NonPartisan,Jefferson,No. 14 Warm Springs,70,
Jack Howard,Commissioner of the Bureau of Labor and Industries,,NonPartisan,Jefferson,No. 14 Warm Springs,28,
Write In,Commissioner of the Bureau of Labor and Industries,,NonPartisan,Jefferson,No. 14 Warm Springs,1,
Over votes,Commissioner of the Bureau of Labor and Industries,,NonPartisan,Jefferson,No. 14 Warm Springs,0,
Under votes,Commissioner of the Bureau of Labor and Industries,,NonPartisan,Jefferson,No. 14 Warm Springs,15,
Eric Burnetter,U.S. House,2,DEM,Jefferson,No. 16 Camp Sherman,0,
Michael Byrne,U.S. House,2,DEM,Jefferson,No. 16 Camp Sherman,1,
Tim S White,U.S. House,2,DEM,Jefferson,No. 16 Camp Sherman,2,
Raz Mason,U.S. House,2,DEM,Jefferson,No. 16 Camp Sherman,8,
Jamie McLeod-Skinner,U.S. House,2,DEM,Jefferson,No. 16 Camp Sherman,28,
James (Jim) Crary,U.S. House,2,DEM,Jefferson,No. 16 Camp Sherman,3,
Jennifer (Jenni) Neahring,U.S. House,2,DEM,Jefferson,No. 16 Camp Sherman,18,
Write Ins,U.S. House,2,DEM,Jefferson,No. 16 Camp Sherman,0,
Over Votes,U.S. House,2,DEM,Jefferson,No. 16 Camp Sherman,0,
Under votes,U.S. House,2,DEM,Jefferson,No. 16 Camp Sherman,3,
Ed Jones,Governor,,DEM,Jefferson,No. 16 Camp Sherman,5,
Kate Brown,Governor,,DEM,Jefferson,No. 16 Camp Sherman,55,
Candace Neville,Governor,,DEM,Jefferson,No. 16 Camp Sherman,2,
Write-Ins,Governor,,DEM,Jefferson,No. 16 Camp Sherman,0,
Over votes,Governor,,DEM,Jefferson,No. 16 Camp Sherman,0,
Under votes,Governor,,DEM,Jefferson,No. 16 Camp Sherman,1,
Solea Kabakov,State Senate,30,DEM,Jefferson,No. 16 Camp Sherman,47,
Write In,State Senate,30,DEM,Jefferson,No. 16 Camp Sherman,2,
Over votes,State Senate,30,DEM,Jefferson,No. 16 Camp Sherman,0,
Under votes,State Senate,30,DEM,Jefferson,No. 16 Camp Sherman,14,
Darcy Long-Curtiss,State House,59,DEM,Jefferson,No. 16 Camp Sherman,48,
Write In,State House,59,DEM,Jefferson,No. 16 Camp Sherman,1,
Over votes,State House,59,DEM,Jefferson,No. 16 Camp Sherman,0,
Under votes,State House,59,DEM,Jefferson,No. 16 Camp Sherman,14,
Mark R Roberts,U.S. House,2,IND,Jefferson,No. 16 Camp Sherman,5,
Write In,U.S. House,2,IND,Jefferson,No. 16 Camp Sherman,2,
Over votes,U.S. House,2,IND,Jefferson,No. 16 Camp Sherman,0,
Under votes,U.S. House,2,IND,Jefferson,No. 16 Camp Sherman,0,
Dan (Mr. P) Pistoresi ,Governor,,IND,Jefferson,No. 16 Camp Sherman,1,
Skye J Allen,Governor,,IND,Jefferson,No. 16 Camp Sherman,0,
Patrick Starnes,Governor,,IND,Jefferson,No. 16 Camp Sherman,2,
Over votes,Governor,,IND,Jefferson,No. 16 Camp Sherman,0,
Under votes,Governor,,IND,Jefferson,No. 16 Camp Sherman,3,
Over Votes,State House,59,IND,Jefferson,No. 16 Camp Sherman,0,
Under votes,State House,59,IND,Jefferson,No. 16 Camp Sherman,5,
Randy Pollock,U.S. House,2,REP,Jefferson,No. 16 Camp Sherman,0,
Greg Walden,U.S. House,2,REP,Jefferson,No. 16 Camp Sherman,20,
Paul J Romero Jr. ,U.S. House,2,REP,Jefferson,No. 16 Camp Sherman,7,
Write In,U.S. House,2,REP,Jefferson,No. 16 Camp Sherman,0,
Over votes,U.S. House,2,REP,Jefferson,No. 16 Camp Sherman,0,
Under votes,U.S. House,2,REP,Jefferson,No. 16 Camp Sherman,2,
Knute Buehler,Governor,,REP,Jefferson,No. 16 Camp Sherman,17,
Keenen W Bohach,Governor,,REP,Jefferson,No. 16 Camp Sherman,0,
Greg C Wooldridge,Governor,,REP,Jefferson,No. 16 Camp Sherman,1,
Jonathan I Edwards III,Governor,,REP,Jefferson,No. 16 Camp Sherman,0,
David W Stauffer,Governor,,REP,Jefferson,No. 16 Camp Sherman,0,
Jeff Smith,Governor,,REP,Jefferson,No. 16 Camp Sherman,0,
Jack W Tacy ,Governor,,REP,Jefferson,No. 16 Camp Sherman,0,
Brett Hyland,Governor,,REP,Jefferson,No. 16 Camp Sherman,0,
Bruce Cuff,Governor,,REP,Jefferson,No. 16 Camp Sherman,0,
Sam Carpenter,Governor,,REP,Jefferson,No. 16 Camp Sherman,10,
Write In,Governor,,REP,Jefferson,No. 16 Camp Sherman,0,
Over votes,Governor,,REP,Jefferson,No. 16 Camp Sherman,0,
Under votes,Governor,,REP,Jefferson,No. 16 Camp Sherman,1,
Cliff Bentz,State Senate,30,REP,Jefferson,No. 16 Camp Sherman,14,
Write Ins,State Senate,30,REP,Jefferson,No. 16 Camp Sherman,0,
Over Votes,State Senate,30,REP,Jefferson,No. 16 Camp Sherman,0,
Under votes,State Senate,30,REP,Jefferson,No. 16 Camp Sherman,15,
Daniel G Bonham,State House,59,REP,Jefferson,No. 16 Camp Sherman,17,
Write Ins,State House,59,REP,Jefferson,No. 16 Camp Sherman,0,
Over votes,State House,59,REP,Jefferson,No. 16 Camp Sherman,0,
Under votes,State House,59,REP,Jefferson,No. 16 Camp Sherman,12,
Lou Ogden,Commissioner of the Bureau of Labor and Industries,,NonPartisan,Jefferson,No. 16 Camp Sherman,29,
Val Hoyle,Commissioner of the Bureau of Labor and Industries,,NonPartisan,Jefferson,No. 16 Camp Sherman,59,
Jack Howard,Commissioner of the Bureau of Labor and Industries,,NonPartisan,Jefferson,No. 16 Camp Sherman,7,
Write In,Commissioner of the Bureau of Labor and Industries,,NonPartisan,Jefferson,No. 16 Camp Sherman,1,
Over votes,Commissioner of the Bureau of Labor and Industries,,NonPartisan,Jefferson,No. 16 Camp Sherman,0,
Under votes,Commissioner of the Bureau of Labor and Industries,,NonPartisan,Jefferson,No. 16 Camp Sherman,14,
Eric Burnetter,U.S. House,2,DEM,Jefferson,No. 17 Culver,4,
Michael Byrne,U.S. House,2,DEM,Jefferson,No. 17 Culver,2,
Tim S White,U.S. House,2,DEM,Jefferson,No. 17 Culver,3,
Raz Mason,U.S. House,2,DEM,Jefferson,No. 17 Culver,6,
Jamie McLeod-Skinner,U.S. House,2,DEM,Jefferson,No. 17 Culver,10,
James (Jim) Crary,U.S. House,2,DEM,Jefferson,No. 17 Culver,12,
Jennifer (Jenni) Neahring,U.S. House,2,DEM,Jefferson,No. 17 Culver,8,
Write Ins,U.S. House,2,DEM,Jefferson,No. 17 Culver,2,
Over Votes,U.S. House,2,DEM,Jefferson,No. 17 Culver,0,
Under votes,U.S. House,2,DEM,Jefferson,No. 17 Culver,8,
Ed Jones,Governor,,DEM,Jefferson,No. 17 Culver,9,
Kate Brown,Governor,,DEM,Jefferson,No. 17 Culver,31,
Candace Neville,Governor,,DEM,Jefferson,No. 17 Culver,13,
Write-Ins,Governor,,DEM,Jefferson,No. 17 Culver,1,
Over votes,Governor,,DEM,Jefferson,No. 17 Culver,0,
Under votes,Governor,,DEM,Jefferson,No. 17 Culver,1,
Solea Kabakov,State Senate,30,DEM,Jefferson,No. 17 Culver,30,
Write In,State Senate,30,DEM,Jefferson,No. 17 Culver,0,
Over votes,State Senate,30,DEM,Jefferson,No. 17 Culver,0,
Under votes,State Senate,30,DEM,Jefferson,No. 17 Culver,25,
Darcy Long-Curtiss,State House,59,DEM,Jefferson,No. 17 Culver,32,
Write In,State House,59,DEM,Jefferson,No. 17 Culver,0,
Over votes,State House,59,DEM,Jefferson,No. 17 Culver,0,
Under votes,State House,59,DEM,Jefferson,No. 17 Culver,23,
Mark R Roberts,U.S. House,2,IND,Jefferson,No. 17 Culver,13,
Write In,U.S. House,2,IND,Jefferson,No. 17 Culver,0,
Over votes,U.S. House,2,IND,Jefferson,No. 17 Culver,0,
Under votes,U.S. House,2,IND,Jefferson,No. 17 Culver,0,
Dan (Mr. P) Pistoresi ,Governor,,IND,Jefferson,No. 17 Culver,3,
Skye J Allen,Governor,,IND,Jefferson,No. 17 Culver,0,
Patrick Starnes,Governor,,IND,Jefferson,No. 17 Culver,5,
Over votes,Governor,,IND,Jefferson,No. 17 Culver,0,
Under votes,Governor,,IND,Jefferson,No. 17 Culver,1,
Over Votes,State House,59,IND,Jefferson,No. 17 Culver,0,
Under votes,State House,59,IND,Jefferson,No. 17 Culver,11,
Randy Pollock,U.S. House,2,REP,Jefferson,No. 17 Culver,9,
Greg Walden,U.S. House,2,REP,Jefferson,No. 17 Culver,80,
Paul J Romero Jr. ,U.S. House,2,REP,Jefferson,No. 17 Culver,24,
Write In,U.S. House,2,REP,Jefferson,No. 17 Culver,1,
Over votes,U.S. House,2,REP,Jefferson,No. 17 Culver,0,
Under votes,U.S. House,2,REP,Jefferson,No. 17 Culver,10,
Knute Buehler,Governor,,REP,Jefferson,No. 17 Culver,43,
Keenen W Bohach,Governor,,REP,Jefferson,No. 17 Culver,1,
Greg C Wooldridge,Governor,,REP,Jefferson,No. 17 Culver,20,
Jonathan I Edwards III,Governor,,REP,Jefferson,No. 17 Culver,0,
David W Stauffer,Governor,,REP,Jefferson,No. 17 Culver,0,
Jeff Smith,Governor,,REP,Jefferson,No. 17 Culver,1,
Jack W Tacy ,Governor,,REP,Jefferson,No. 17 Culver,0,
Brett Hyland,Governor,,REP,Jefferson,No. 17 Culver,0,
Bruce Cuff,Governor,,REP,Jefferson,No. 17 Culver,1,
Sam Carpenter,Governor,,REP,Jefferson,No. 17 Culver,55,
Write In,Governor,,REP,Jefferson,No. 17 Culver,0,
Over votes,Governor,,REP,Jefferson,No. 17 Culver,1,
Under votes,Governor,,REP,Jefferson,No. 17 Culver,2,
Cliff Bentz,State Senate,30,REP,Jefferson,No. 17 Culver,86,
Write Ins,State Senate,30,REP,Jefferson,No. 17 Culver,0,
Over Votes,State Senate,30,REP,Jefferson,No. 17 Culver,0,
Under votes,State Senate,30,REP,Jefferson,No. 17 Culver,38,
Daniel G Bonham,State House,59,REP,Jefferson,No. 17 Culver,89,
Write Ins,State House,59,REP,Jefferson,No. 17 Culver,1,
Over votes,State House,59,REP,Jefferson,No. 17 Culver,0,
Under votes,State House,59,REP,Jefferson,No. 17 Culver,34,
Lou Ogden,Commissioner of the Bureau of Labor and Industries,,NonPartisan,Jefferson,No. 17 Culver,75,
Val Hoyle,Commissioner of the Bureau of Labor and Industries,,NonPartisan,Jefferson,No. 17 Culver,62,
Jack Howard,Commissioner of the Bureau of Labor and Industries,,NonPartisan,Jefferson,No. 17 Culver,44,
Write In,Commissioner of the Bureau of Labor and Industries,,NonPartisan,Jefferson,No. 17 Culver,1,
Over votes,Commissioner of the Bureau of Labor and Industries,,NonPartisan,Jefferson,No. 17 Culver,0,
Under votes,Commissioner of the Bureau of Labor and Industries,,NonPartisan,Jefferson,No. 17 Culver,46,
Eric Burnetter,U.S. House,2,DEM,Jefferson,No. 18 Round Butte,4,
Michael Byrne,U.S. House,2,DEM,Jefferson,No. 18 Round Butte,3,
Tim S White,U.S. House,2,DEM,Jefferson,No. 18 Round Butte,0,
Raz Mason,U.S. House,2,DEM,Jefferson,No. 18 Round Butte,2,
Jamie McLeod-Skinner,U.S. House,2,DEM,Jefferson,No. 18 Round Butte,4,
James (Jim) Crary,U.S. House,2,DEM,Jefferson,No. 18 Round Butte,10,
Jennifer (Jenni) Neahring,U.S. House,2,DEM,Jefferson,No. 18 Round Butte,6,
Write Ins,U.S. House,2,DEM,Jefferson,No. 18 Round Butte,1,
Over Votes,U.S. House,2,DEM,Jefferson,No. 18 Round Butte,0,
Under votes,U.S. House,2,DEM,Jefferson,No. 18 Round Butte,11,
Ed Jones,Governor,,DEM,Jefferson,No. 18 Round Butte,13,
Kate Brown,Governor,,DEM,Jefferson,No. 18 Round Butte,17,
Candace Neville,Governor,,DEM,Jefferson,No. 18 Round Butte,3,
Write-Ins,Governor,,DEM,Jefferson,No. 18 Round Butte,4,
Over votes,Governor,,DEM,Jefferson,No. 18 Round Butte,0,
Under votes,Governor,,DEM,Jefferson,No. 18 Round Butte,4,
Solea Kabakov,State Senate,30,DEM,Jefferson,No. 18 Round Butte,22,
Write In,State Senate,30,DEM,Jefferson,No. 18 Round Butte,1,
Over votes,State Senate,30,DEM,Jefferson,No. 18 Round Butte,0,
Under votes,State Senate,30,DEM,Jefferson,No. 18 Round Butte,18,
Darcy Long-Curtiss,State House,59,DEM,Jefferson,No. 18 Round Butte,22,
Write In,State House,59,DEM,Jefferson,No. 18 Round Butte,0,
Over votes,State House,59,DEM,Jefferson,No. 18 Round Butte,0,
Under votes,State House,59,DEM,Jefferson,No. 18 Round Butte,19,
Mark R Roberts,U.S. House,2,IND,Jefferson,No. 18 Round Butte,7,
Write In,U.S. House,2,IND,Jefferson,No. 18 Round Butte,1,
Over votes,U.S. House,2,IND,Jefferson,No. 18 Round Butte,0,
Under votes,U.S. House,2,IND,Jefferson,No. 18 Round Butte,3,
Dan (Mr. P) Pistoresi ,Governor,,IND,Jefferson,No. 18 Round Butte,1,
Skye J Allen,Governor,,IND,Jefferson,No. 18 Round Butte,1,
Patrick Starnes,Governor,,IND,Jefferson,No. 18 Round Butte,0,
Over votes,Governor,,IND,Jefferson,No. 18 Round Butte,0,
Under votes,Governor,,IND,Jefferson,No. 18 Round Butte,6,
Over Votes,State House,59,IND,Jefferson,No. 18 Round Butte,0,
Under votes,State House,59,IND,Jefferson,No. 18 Round Butte,11,
Randy Pollock,U.S. House,2,REP,Jefferson,No. 18 Round Butte,6,
Greg Walden,U.S. House,2,REP,Jefferson,No. 18 Round Butte,75,
Paul J Romero Jr. ,U.S. House,2,REP,Jefferson,No. 18 Round Butte,21,
Write In,U.S. House,2,REP,Jefferson,No. 18 Round Butte,1,
Over votes,U.S. House,2,REP,Jefferson,No. 18 Round Butte,0,
Under votes,U.S. House,2,REP,Jefferson,No. 18 Round Butte,7,
Knute Buehler,Governor,,REP,Jefferson,No. 18 Round Butte,60,
Keenen W Bohach,Governor,,REP,Jefferson,No. 18 Round Butte,1,
Greg C Wooldridge,Governor,,REP,Jefferson,No. 18 Round Butte,7,
Jonathan I Edwards III,Governor,,REP,Jefferson,No. 18 Round Butte,0,
David W Stauffer,Governor,,REP,Jefferson,No. 18 Round Butte,0,
Jeff Smith,Governor,,REP,Jefferson,No. 18 Round Butte,1,
Jack W Tacy ,Governor,,REP,Jefferson,No. 18 Round Butte,0,
Brett Hyland,Governor,,REP,Jefferson,No. 18 Round Butte,0,
Bruce Cuff,Governor,,REP,Jefferson,No. 18 Round Butte,0,
Sam Carpenter,Governor,,REP,Jefferson,No. 18 Round Butte,37,
Write In,Governor,,REP,Jefferson,No. 18 Round Butte,0,
Over votes,Governor,,REP,Jefferson,No. 18 Round Butte,0,
Under votes,Governor,,REP,Jefferson,No. 18 Round Butte,4,
Cliff Bentz,State Senate,30,REP,Jefferson,No. 18 Round Butte,71,
Write Ins,State Senate,30,REP,Jefferson,No. 18 Round Butte,3,
Over Votes,State Senate,30,REP,Jefferson,No. 18 Round Butte,0,
Under votes,State Senate,30,REP,Jefferson,No. 18 Round Butte,36,
Daniel G Bonham,State House,59,REP,Jefferson,No. 18 Round Butte,70,
Write Ins,State House,59,REP,Jefferson,No. 18 Round Butte,0,
Over votes,State House,59,REP,Jefferson,No. 18 Round Butte,0,
Under votes,State House,59,REP,Jefferson,No. 18 Round Butte,40,
Lou Ogden,Commissioner of the Bureau of Labor and Industries,,NonPartisan,Jefferson,No. 18 Round Butte,66,
Val Hoyle,Commissioner of the Bureau of Labor and Industries,,NonPartisan,Jefferson,No. 18 Round Butte,38,
Jack Howard,Commissioner of the Bureau of Labor and Industries,,NonPartisan,Jefferson,No. 18 Round Butte,29,
Write In,Commissioner of the Bureau of Labor and Industries,,NonPartisan,Jefferson,No. 18 Round Butte,0,
Over votes,Commissioner of the Bureau of Labor and Industries,,NonPartisan,Jefferson,No. 18 Round Butte,0,
Under votes,Commissioner of the Bureau of Labor and Industries,,NonPartisan,Jefferson,No. 18 Round Butte,49,
Eric Burnetter,U.S. House,2,DEM,Jefferson,No. 19 West Madras,5,
Michael Byrne,U.S. House,2,DEM,Jefferson,No. 19 West Madras,7,
Tim S White,U.S. House,2,DEM,Jefferson,No. 19 West Madras,10,
Raz Mason,U.S. House,2,DEM,Jefferson,No. 19 West Madras,8,
Jamie McLeod-Skinner,U.S. House,2,DEM,Jefferson,No. 19 West Madras,24,
James (Jim) Crary,U.S. House,2,DEM,Jefferson,No. 19 West Madras,13,
Jennifer (Jenni) Neahring,U.S. House,2,DEM,Jefferson,No. 19 West Madras,28,
Write Ins,U.S. House,2,DEM,Jefferson,No. 19 West Madras,2,
Over Votes,U.S. House,2,DEM,Jefferson,No. 19 West Madras,0,
Under votes,U.S. House,2,DEM,Jefferson,No. 19 West Madras,19,
Ed Jones,Governor,,DEM,Jefferson,No. 19 West Madras,23,
Kate Brown,Governor,,DEM,Jefferson,No. 19 West Madras,66,
Candace Neville,Governor,,DEM,Jefferson,No. 19 West Madras,13,
Write-Ins,Governor,,DEM,Jefferson,No. 19 West Madras,7,
Over votes,Governor,,DEM,Jefferson,No. 19 West Madras,0,
Under votes,Governor,,DEM,Jefferson,No. 19 West Madras,7,
Solea Kabakov,State Senate,30,DEM,Jefferson,No. 19 West Madras,78,
Write In,State Senate,30,DEM,Jefferson,No. 19 West Madras,3,
Over votes,State Senate,30,DEM,Jefferson,No. 19 West Madras,0,
Under votes,State Senate,30,DEM,Jefferson,No. 19 West Madras,35,
Darcy Long-Curtiss,State House,59,DEM,Jefferson,No. 19 West Madras,81,
Write In,State House,59,DEM,Jefferson,No. 19 West Madras,2,
Over votes,State House,59,DEM,Jefferson,No. 19 West Madras,0,
Under votes,State House,59,DEM,Jefferson,No. 19 West Madras,33,
Mark R Roberts,U.S. House,2,IND,Jefferson,No. 19 West Madras,15,
Write In,U.S. House,2,IND,Jefferson,No. 19 West Madras,2,
Over votes,U.S. House,2,IND,Jefferson,No. 19 West Madras,0,
Under votes,U.S. House,2,IND,Jefferson,No. 19 West Madras,4,
Dan (Mr. P) Pistoresi ,Governor,,IND,Jefferson,No. 19 West Madras,1,
Skye J Allen,Governor,,IND,Jefferson,No. 19 West Madras,5,
Patrick Starnes,Governor,,IND,Jefferson,No. 19 West Madras,7,
Over votes,Governor,,IND,Jefferson,No. 19 West Madras,0,
Under votes,Governor,,IND,Jefferson,No. 19 West Madras,3,
Over Votes,State House,59,IND,Jefferson,No. 19 West Madras,0,
Under votes,State House,59,IND,Jefferson,No. 19 West Madras,20,
Randy Pollock,U.S. House,2,REP,Jefferson,No. 19 West Madras,13,
Greg Walden,U.S. House,2,REP,Jefferson,No. 19 West Madras,85,
Paul J Romero Jr. ,U.S. House,2,REP,Jefferson,No. 19 West Madras,26,
Write In,U.S. House,2,REP,Jefferson,No. 19 West Madras,0,
Over votes,U.S. House,2,REP,Jefferson,No. 19 West Madras,1,
Under votes,U.S. House,2,REP,Jefferson,No. 19 West Madras,7,
Knute Buehler,Governor,,REP,Jefferson,No. 19 West Madras,46,
Keenen W Bohach,Governor,,REP,Jefferson,No. 19 West Madras,0,
Greg C Wooldridge,Governor,,REP,Jefferson,No. 19 West Madras,21,
Jonathan I Edwards III,Governor,,REP,Jefferson,No. 19 West Madras,1,
David W Stauffer,Governor,,REP,Jefferson,No. 19 West Madras,1,
Jeff Smith,Governor,,REP,Jefferson,No. 19 West Madras,1,
Jack W Tacy ,Governor,,REP,Jefferson,No. 19 West Madras,0,
Brett Hyland,Governor,,REP,Jefferson,No. 19 West Madras,0,
Bruce Cuff,Governor,,REP,Jefferson,No. 19 West Madras,4,
Sam Carpenter,Governor,,REP,Jefferson,No. 19 West Madras,55,
Write In,Governor,,REP,Jefferson,No. 19 West Madras,0,
Over votes,Governor,,REP,Jefferson,No. 19 West Madras,0,
Under votes,Governor,,REP,Jefferson,No. 19 West Madras,3,
Cliff Bentz,State Senate,30,REP,Jefferson,No. 19 West Madras,90,
Write Ins,State Senate,30,REP,Jefferson,No. 19 West Madras,1,
Over Votes,State Senate,30,REP,Jefferson,No. 19 West Madras,0,
Under votes,State Senate,30,REP,Jefferson,No. 19 West Madras,41,
Daniel G Bonham,State House,59,REP,Jefferson,No. 19 West Madras,92,
Write Ins,State House,59,REP,Jefferson,No. 19 West Madras,0,
Over votes,State House,59,REP,Jefferson,No. 19 West Madras,0,
Under votes,State House,59,REP,Jefferson,No. 19 West Madras,40,
Lou Ogden,Commissioner of the Bureau of Labor and Industries,,NonPartisan,Jefferson,No. 19 West Madras,107,
Val Hoyle,Commissioner of the Bureau of Labor and Industries,,NonPartisan,Jefferson,No. 19 West Madras,91,
Jack Howard,Commissioner of the Bureau of Labor and Industries,,NonPartisan,Jefferson,No. 19 West Madras,80,
Write In,Commissioner of the Bureau of Labor and Industries,,NonPartisan,Jefferson,No. 19 West Madras,0,
Over votes,Commissioner of the Bureau of Labor and Industries,,NonPartisan,Jefferson,No. 19 West Madras,0,
Under votes,Commissioner of the Bureau of Labor and Industries,,NonPartisan,Jefferson,No. 19 West Madras,59,
Eric Burnetter,U.S. House,2,DEM,Jefferson,No. 20 Circle M,6,
Michael Byrne,U.S. House,2,DEM,Jefferson,No. 20 Circle M,1,
Tim S White,U.S. House,2,DEM,Jefferson,No. 20 Circle M,3,
Raz Mason,U.S. House,2,DEM,Jefferson,No. 20 Circle M,2,
Jamie McLeod-Skinner,U.S. House,2,DEM,Jefferson,No. 20 Circle M,1,
James (Jim) Crary,U.S. House,2,DEM,Jefferson,No. 20 Circle M,3,
Jennifer (Jenni) Neahring,U.S. House,2,DEM,Jefferson,No. 20 Circle M,8,
Write Ins,U.S. House,2,DEM,Jefferson,No. 20 Circle M,1,
Over Votes,U.S. House,2,DEM,Jefferson,No. 20 Circle M,1,
Under votes,U.S. House,2,DEM,Jefferson,No. 20 Circle M,3,
Ed Jones,Governor,,DEM,Jefferson,No. 20 Circle M,5,
Kate Brown,Governor,,DEM,Jefferson,No. 20 Circle M,16,
Candace Neville,Governor,,DEM,Jefferson,No. 20 Circle M,2,
Write-Ins,Governor,,DEM,Jefferson,No. 20 Circle M,4,
Over votes,Governor,,DEM,Jefferson,No. 20 Circle M,0,
Under votes,Governor,,DEM,Jefferson,No. 20 Circle M,2,
Solea Kabakov,State Senate,30,DEM,Jefferson,No. 20 Circle M,20,
Write In,State Senate,30,DEM,Jefferson,No. 20 Circle M,3,
Over votes,State Senate,30,DEM,Jefferson,No. 20 Circle M,0,
Under votes,State Senate,30,DEM,Jefferson,No. 20 Circle M,6,
Darcy Long-Curtiss,State House,59,DEM,Jefferson,No. 20 Circle M,19,
Write In,State House,59,DEM,Jefferson,No. 20 Circle M,3,
Over votes,State House,59,DEM,Jefferson,No. 20 Circle M,0,
Under votes,State House,59,DEM,Jefferson,No. 20 Circle M,7,
Mark R Roberts,U.S. House,2,IND,Jefferson,No. 20 Circle M,2,
Write In,U.S. House,2,IND,Jefferson,No. 20 Circle M,0,
Over votes,U.S. House,2,IND,Jefferson,No. 20 Circle M,0,
Under votes,U.S. House,2,IND,Jefferson,No. 20 Circle M,1,
Dan (Mr. P) Pistoresi ,Governor,,IND,Jefferson,No. 20 Circle M,0,
Skye J Allen,Governor,,IND,Jefferson,No. 20 Circle M,1,
Patrick Starnes,Governor,,IND,Jefferson,No. 20 Circle M,1,
Over votes,Governor,,IND,Jefferson,No. 20 Circle M,0,
Under votes,Governor,,IND,Jefferson,No. 20 Circle M,1,
Over Votes,State House,59,IND,Jefferson,No. 20 Circle M,0,
Under votes,State House,59,IND,Jefferson,No. 20 Circle M,3,
Randy Pollock,U.S. House,2,REP,Jefferson,No. 20 Circle M,3,
Greg Walden,U.S. House,2,REP,Jefferson,No. 20 Circle M,20,
Paul J Romero Jr. ,U.S. House,2,REP,Jefferson,No. 20 Circle M,8,
Write In,U.S. House,2,REP,Jefferson,No. 20 Circle M,0,
Over votes,U.S. House,2,REP,Jefferson,No. 20 Circle M,0,
Under votes,U.S. House,2,REP,Jefferson,No. 20 Circle M,2,
Knute Buehler,Governor,,REP,Jefferson,No. 20 Circle M,8,
Keenen W Bohach,Governor,,REP,Jefferson,No. 20 Circle M,0,
Greg C Wooldridge,Governor,,REP,Jefferson,No. 20 Circle M,3,
Jonathan I Edwards III,Governor,,REP,Jefferson,No. 20 Circle M,0,
David W Stauffer,Governor,,REP,Jefferson,No. 20 Circle M,0,
Jeff Smith,Governor,,REP,Jefferson,No. 20 Circle M,1,
Jack W Tacy ,Governor,,REP,Jefferson,No. 20 Circle M,0,
Brett Hyland,Governor,,REP,Jefferson,No. 20 Circle M,0,
Bruce Cuff,Governor,,REP,Jefferson,No. 20 Circle M,0,
Sam Carpenter,Governor,,REP,Jefferson,No. 20 Circle M,20,
Write In,Governor,,REP,Jefferson,No. 20 Circle M,0,
Over votes,Governor,,REP,Jefferson,No. 20 Circle M,0,
Under votes,Governor,,REP,Jefferson,No. 20 Circle M,1,
Cliff Bentz,State Senate,30,REP,Jefferson,No. 20 Circle M,20,
Write Ins,State Senate,30,REP,Jefferson,No. 20 Circle M,0,
Over Votes,State Senate,30,REP,Jefferson,No. 20 Circle M,0,
Under votes,State Senate,30,REP,Jefferson,No. 20 Circle M,13,
Daniel G Bonham,State House,59,REP,Jefferson,No. 20 Circle M,15,
Write Ins,State House,59,REP,Jefferson,No. 20 Circle M,0,
Over votes,State House,59,REP,Jefferson,No. 20 Circle M,0,
Under votes,State House,59,REP,Jefferson,No. 20 Circle M,18,
Lou Ogden,Commissioner of the Bureau of Labor and Industries,,NonPartisan,Jefferson,No. 20 Circle M,27,
Val Hoyle,Commissioner of the Bureau of Labor and Industries,,NonPartisan,Jefferson,No. 20 Circle M,24,
Jack Howard,Commissioner of the Bureau of Labor and Industries,,NonPartisan,Jefferson,No. 20 Circle M,13,
Write In,Commissioner of the Bureau of Labor and Industries,,NonPartisan,Jefferson,No. 20 Circle M,0,
Over votes,Commissioner of the Bureau of Labor and Industries,,NonPartisan,Jefferson,No. 20 Circle M,0,
Under votes,Commissioner of the Bureau of Labor and Industries,,NonPartisan,Jefferson,No. 20 Circle M,19,
Eric Burnetter,U.S. House,2,DEM,Jefferson,No. 21 Central,5,
Michael Byrne,U.S. House,2,DEM,Jefferson,No. 21 Central,3,
Tim S White,U.S. House,2,DEM,Jefferson,No. 21 Central,10,
Raz Mason,U.S. House,2,DEM,Jefferson,No. 21 Central,12,
Jamie McLeod-Skinner,U.S. House,2,DEM,Jefferson,No. 21 Central,23,
James (Jim) Crary,U.S. House,2,DEM,Jefferson,No. 21 Central,36,
Jennifer (Jenni) Neahring,U.S. House,2,DEM,Jefferson,No. 21 Central,50,
Write Ins,U.S. House,2,DEM,Jefferson,No. 21 Central,1,
Over Votes,U.S. House,2,DEM,Jefferson,No. 21 Central,1,
Under votes,U.S. House,2,DEM,Jefferson,No. 21 Central,31,
Ed Jones,Governor,,DEM,Jefferson,No. 21 Central,30,
Kate Brown,Governor,,DEM,Jefferson,No. 21 Central,103,
Candace Neville,Governor,,DEM,Jefferson,No. 21 Central,20,
Write-Ins,Governor,,DEM,Jefferson,No. 21 Central,4,
Over votes,Governor,,DEM,Jefferson,No. 21 Central,0,
Under votes,Governor,,DEM,Jefferson,No. 21 Central,15,
Solea Kabakov,State Senate,30,DEM,Jefferson,No. 21 Central,98,
Write In,State Senate,30,DEM,Jefferson,No. 21 Central,2,
Over votes,State Senate,30,DEM,Jefferson,No. 21 Central,0,
Under votes,State Senate,30,DEM,Jefferson,No. 21 Central,72,
Darcy Long-Curtiss,State House,59,DEM,Jefferson,No. 21 Central,105,
Write In,State House,59,DEM,Jefferson,No. 21 Central,1,
Over votes,State House,59,DEM,Jefferson,No. 21 Central,0,
Under votes,State House,59,DEM,Jefferson,No. 21 Central,66,
Mark R Roberts,U.S. House,2,IND,Jefferson,No. 21 Central,4,
Write In,U.S. House,2,IND,Jefferson,No. 21 Central,7,
Over votes,U.S. House,2,IND,Jefferson,No. 21 Central,0,
Under votes,U.S. House,2,IND,Jefferson,No. 21 Central,4,
Dan (Mr. P) Pistoresi ,Governor,,IND,Jefferson,No. 21 Central,1,
Skye J Allen,Governor,,IND,Jefferson,No. 21 Central,0,
Patrick Starnes,Governor,,IND,Jefferson,No. 21 Central,2,
Over votes,Governor,,IND,Jefferson,No. 21 Central,0,
Under votes,Governor,,IND,Jefferson,No. 21 Central,2,
Over Votes,State House,59,IND,Jefferson,No. 21 Central,0,
Under votes,State House,59,IND,Jefferson,No. 21 Central,12,
Randy Pollock,U.S. House,2,REP,Jefferson,No. 21 Central,20,
Greg Walden,U.S. House,2,REP,Jefferson,No. 21 Central,195,
Paul J Romero Jr. ,U.S. House,2,REP,Jefferson,No. 21 Central,37,
Write In,U.S. House,2,REP,Jefferson,No. 21 Central,1,
Over votes,U.S. House,2,REP,Jefferson,No. 21 Central,1,
Under votes,U.S. House,2,REP,Jefferson,No. 21 Central,14,
Knute Buehler,Governor,,REP,Jefferson,No. 21 Central,111,
Keenen W Bohach,Governor,,REP,Jefferson,No. 21 Central,0,
Greg C Wooldridge,Governor,,REP,Jefferson,No. 21 Central,37,
Jonathan I Edwards III,Governor,,REP,Jefferson,No. 21 Central,0,
David W Stauffer,Governor,,REP,Jefferson,No. 21 Central,0,
Jeff Smith,Governor,,REP,Jefferson,No. 21 Central,6,
Jack W Tacy ,Governor,,REP,Jefferson,No. 21 Central,0,
Brett Hyland,Governor,,REP,Jefferson,No. 21 Central,0,
Bruce Cuff,Governor,,REP,Jefferson,No. 21 Central,3,
Sam Carpenter,Governor,,REP,Jefferson,No. 21 Central,100,
Write In,Governor,,REP,Jefferson,No. 21 Central,1,
Over votes,Governor,,REP,Jefferson,No. 21 Central,0,
Under votes,Governor,,REP,Jefferson,No. 21 Central,10,
Cliff Bentz,State Senate,30,REP,Jefferson,No. 21 Central,163,
Write Ins,State Senate,30,REP,Jefferson,No. 21 Central,1,
Over Votes,State Senate,30,REP,Jefferson,No. 21 Central,0,
Under votes,State Senate,30,REP,Jefferson,No. 21 Central,104,
Daniel G Bonham,State House,59,REP,Jefferson,No. 21 Central,164,
Write Ins,State House,59,REP,Jefferson,No. 21 Central,0,
Over votes,State House,59,REP,Jefferson,No. 21 Central,0,
Under votes,State House,59,REP,Jefferson,No. 21 Central,104,
Lou Ogden,Commissioner of the Bureau of Labor and Industries,,NonPartisan,Jefferson,No. 21 Central,158,
Val Hoyle,Commissioner of the Bureau of Labor and Industries,,NonPartisan,Jefferson,No. 21 Central,139,
Jack Howard,Commissioner of the Bureau of Labor and Industries,,NonPartisan,Jefferson,No. 21 Central,65,
Write In,Commissioner of the Bureau of Labor and Industries,,NonPartisan,Jefferson,No. 21 Central,0,
Over votes,Commissioner of the Bureau of Labor and Industries,,NonPartisan,Jefferson,No. 21 Central,1,
Under votes,Commissioner of the Bureau of Labor and Industries,,NonPartisan,Jefferson,No. 21 Central,165,
Eric Burnetter,U.S. House,2,DEM,Jefferson,No. 22 Sunset,1,
Michael Byrne,U.S. House,2,DEM,Jefferson,No. 22 Sunset,0,
Tim S White,U.S. House,2,DEM,Jefferson,No. 22 Sunset,7,
Raz Mason,U.S. House,2,DEM,Jefferson,No. 22 Sunset,6,
Jamie McLeod-Skinner,U.S. House,2,DEM,Jefferson,No. 22 Sunset,9,
James (Jim) Crary,U.S. House,2,DEM,Jefferson,No. 22 Sunset,22,
Jennifer (Jenni) Neahring,U.S. House,2,DEM,Jefferson,No. 22 Sunset,17,
Write Ins,U.S. House,2,DEM,Jefferson,No. 22 Sunset,2,
Over Votes,U.S. House,2,DEM,Jefferson,No. 22 Sunset,0,
Under votes,U.S. House,2,DEM,Jefferson,No. 22 Sunset,17,
Ed Jones,Governor,,DEM,Jefferson,No. 22 Sunset,8,
Kate Brown,Governor,,DEM,Jefferson,No. 22 Sunset,50,
Candace Neville,Governor,,DEM,Jefferson,No. 22 Sunset,9,
Write-Ins,Governor,,DEM,Jefferson,No. 22 Sunset,5,
Over votes,Governor,,DEM,Jefferson,No. 22 Sunset,0,
Under votes,Governor,,DEM,Jefferson,No. 22 Sunset,9,
Solea Kabakov,State Senate,30,DEM,Jefferson,No. 22 Sunset,46,
Write In,State Senate,30,DEM,Jefferson,No. 22 Sunset,1,
Over votes,State Senate,30,DEM,Jefferson,No. 22 Sunset,0,
Under votes,State Senate,30,DEM,Jefferson,No. 22 Sunset,34,
Darcy Long-Curtiss,State House,59,DEM,Jefferson,No. 22 Sunset,48,
Write In,State House,59,DEM,Jefferson,No. 22 Sunset,1,
Over votes,State House,59,DEM,Jefferson,No. 22 Sunset,0,
Under votes,State House,59,DEM,Jefferson,No. 22 Sunset,32,
Mark R Roberts,U.S. House,2,IND,Jefferson,No. 22 Sunset,4,
Write In,U.S. House,2,IND,Jefferson,No. 22 Sunset,3,
Over votes,U.S. House,2,IND,Jefferson,No. 22 Sunset,0,
Under votes,U.S. House,2,IND,Jefferson,No. 22 Sunset,4,
Dan (Mr. P) Pistoresi ,Governor,,IND,Jefferson,No. 22 Sunset,0,
Skye J Allen,Governor,,IND,Jefferson,No. 22 Sunset,1,
Patrick Starnes,Governor,,IND,Jefferson,No. 22 Sunset,1,
Over votes,Governor,,IND,Jefferson,No. 22 Sunset,0,
Under votes,Governor,,IND,Jefferson,No. 22 Sunset,3,
Over Votes,State House,59,IND,Jefferson,No. 22 Sunset,0,
Under votes,State House,59,IND,Jefferson,No. 22 Sunset,8,
Randy Pollock,U.S. House,2,REP,Jefferson,No. 22 Sunset,11,
Greg Walden,U.S. House,2,REP,Jefferson,No. 22 Sunset,170,
Paul J Romero Jr. ,U.S. House,2,REP,Jefferson,No. 22 Sunset,32,
Write In,U.S. House,2,REP,Jefferson,No. 22 Sunset,0,
Over votes,U.S. House,2,REP,Jefferson,No. 22 Sunset,0,
Under votes,U.S. House,2,REP,Jefferson,No. 22 Sunset,21,
Knute Buehler,Governor,,REP,Jefferson,No. 22 Sunset,101,
Keenen W Bohach,Governor,,REP,Jefferson,No. 22 Sunset,0,
Greg C Wooldridge,Governor,,REP,Jefferson,No. 22 Sunset,33,
Jonathan I Edwards III,Governor,,REP,Jefferson,No. 22 Sunset,0,
David W Stauffer,Governor,,REP,Jefferson,No. 22 Sunset,0,
Jeff Smith,Governor,,REP,Jefferson,No. 22 Sunset,1,
Jack W Tacy ,Governor,,REP,Jefferson,No. 22 Sunset,0,
Brett Hyland,Governor,,REP,Jefferson,No. 22 Sunset,0,
Bruce Cuff,Governor,,REP,Jefferson,No. 22 Sunset,3,
Sam Carpenter,Governor,,REP,Jefferson,No. 22 Sunset,87,
Write In,Governor,,REP,Jefferson,No. 22 Sunset,0,
Over votes,Governor,,REP,Jefferson,No. 22 Sunset,0,
Under votes,Governor,,REP,Jefferson,No. 22 Sunset,9,
Cliff Bentz,State Senate,30,REP,Jefferson,No. 22 Sunset,133,
Write Ins,State Senate,30,REP,Jefferson,No. 22 Sunset,3,
Over Votes,State Senate,30,REP,Jefferson,No. 22 Sunset,0,
Under votes,State Senate,30,REP,Jefferson,No. 22 Sunset,98,
Daniel G Bonham,State House,59,REP,Jefferson,No. 22 Sunset,131,
Write Ins,State House,59,REP,Jefferson,No. 22 Sunset,1,
Over votes,State House,59,REP,Jefferson,No. 22 Sunset,0,
Under votes,State House,59,REP,Jefferson,No. 22 Sunset,102,
Lou Ogden,Commissioner of the Bureau of Labor and Industries,,NonPartisan,Jefferson,No. 22 Sunset,147,
Val Hoyle,Commissioner of the Bureau of Labor and Industries,,NonPartisan,Jefferson,No. 22 Sunset,79,
Jack Howard,Commissioner of the Bureau of Labor and Industries,,NonPartisan,Jefferson,No. 22 Sunset,42,
Write In,Commissioner of the Bureau of Labor and Industries,,NonPartisan,Jefferson,No. 22 Sunset,2,
Over votes,Commissioner of the Bureau of Labor and Industries,,NonPartisan,Jefferson,No. 22 Sunset,0,
Under votes,Commissioner of the Bureau of Labor and Industries,,NonPartisan,Jefferson,No. 22 Sunset,111,