candidate,office,district,party,county,precinct,votes
Peter Wright,U.S. House,5,DEM,Lincoln,01 Waldport,54
Kurt Schrader,U.S. House,5,DEM,Lincoln,01 Waldport,286
Write Ins,U.S. House,5,DEM,Lincoln,01 Waldport,1
Overvotes,U.S. House,5,DEM,Lincoln,01 Waldport,0
Undervotes,U.S. House,5,DEM,Lincoln,01 Waldport,28
Ed Jones,Governor,,DEM,Lincoln,01 Waldport,28
Kate Brown,Governor,,DEM,Lincoln,01 Waldport,284
Candace Neville,Governor,,DEM,Lincoln,01 Waldport,26
Write-Ins,Governor,,DEM,Lincoln,01 Waldport,5
Overvotes,Governor,,DEM,Lincoln,01 Waldport,0
Undervotes,Governor,,DEM,Lincoln,01 Waldport,26
Mark Dally,State House,9,DEM,Lincoln,01 Waldport,
Caddy McKeown,State House,9,DEM,Lincoln,01 Waldport,
Write-Ins,State House,9,DEM,Lincoln,01 Waldport,
Overvotes,State House,9,DEM,Lincoln,01 Waldport,
Undervotes,State House,9,DEM,Lincoln,01 Waldport,
David Gomberg,State House,10,DEM,Lincoln,01 Waldport,272
Write Ins,State House,10,DEM,Lincoln,01 Waldport,2
Overvotes,State House,10,DEM,Lincoln,01 Waldport,0
Undervotes,State House,10,DEM,Lincoln,01 Waldport,95
Robert L Reynolds,U.S. House,5,REP,Lincoln,01 Waldport,33
Mark Callahan,U.S. House,5,REP,Lincoln,01 Waldport,108
Joey Nations,U.S. House,5,REP,Lincoln,01 Waldport,50
Write Ins,U.S. House,5,REP,Lincoln,01 Waldport,1
Overvotes,U.S. House,5,REP,Lincoln,01 Waldport,0
Undervotes,U.S. House,5,REP,Lincoln,01 Waldport,63
Knute Buehler,Governor,,REP,Lincoln,01 Waldport,111
Keenen W Bohach,Governor,,REP,Lincoln,01 Waldport,1
Greg C Wooldridge,Governor,,REP,Lincoln,01 Waldport,32
Jonathan I Edwards III,Governor,,REP,Lincoln,01 Waldport,1
David W Stauffer,Governor,,REP,Lincoln,01 Waldport,2
Jeff Smith,Governor,,REP,Lincoln,01 Waldport,4
Jack W Tacy,Governor,,REP,Lincoln,01 Waldport,0
Brett Hyland,Governor,,REP,Lincoln,01 Waldport,4
Bruce Cuff,Governor,,REP,Lincoln,01 Waldport,4
Sam Carpenter,Governor,,REP,Lincoln,01 Waldport,71
Write Ins,Governor,,REP,Lincoln,01 Waldport,3
Overvotes,Governor,,REP,Lincoln,01 Waldport,0
Undervotes,Governor,,REP,Lincoln,01 Waldport,22
Teri Grler,State House,9,REP,Lincoln,01 Waldport,
Write Ins,State House,9,REP,Lincoln,01 Waldport,
Overvotes,State House,9,REP,Lincoln,01 Waldport,
Undervotes,State House,9,REP,Lincoln,01 Waldport,
Thomas M Donohue,State House,10,REP,Lincoln,01 Waldport,154
Write Ins,State House,10,REP,Lincoln,01 Waldport,1
Overvotes,State House,10,REP,Lincoln,01 Waldport,0
Undervotes,State House,10,REP,Lincoln,01 Waldport,10
Peter Wright,U.S. House,5,DEM,Lincoln,02 Alsea,21
Kurt Schrader,U.S. House,5,DEM,Lincoln,02 Alsea,93
Write Ins,U.S. House,5,DEM,Lincoln,02 Alsea,3
Overvotes,U.S. House,5,DEM,Lincoln,02 Alsea,0
Undervotes,U.S. House,5,DEM,Lincoln,02 Alsea,19
Ed Jones,Governor,,DEM,Lincoln,02 Alsea,25
Kate Brown,Governor,,DEM,Lincoln,02 Alsea,84
Candace Neville,Governor,,DEM,Lincoln,02 Alsea,13
Write-Ins,Governor,,DEM,Lincoln,02 Alsea,4
Overvotes,Governor,,DEM,Lincoln,02 Alsea,0
Undervotes,Governor,,DEM,Lincoln,02 Alsea,10
Mark Dally,State House,9,DEM,Lincoln,02 Alsea,
Caddy McKeown,State House,9,DEM,Lincoln,02 Alsea,
Write-Ins,State House,9,DEM,Lincoln,02 Alsea,
Overvotes,State House,9,DEM,Lincoln,02 Alsea,
Undervotes,State House,9,DEM,Lincoln,02 Alsea,
David Gomberg,State House,10,DEM,Lincoln,02 Alsea,92
Write Ins,State House,10,DEM,Lincoln,02 Alsea,3
Overvotes,State House,10,DEM,Lincoln,02 Alsea,0
Undervotes,State House,10,DEM,Lincoln,02 Alsea,41
Robert L Reynolds,U.S. House,5,REP,Lincoln,02 Alsea,18
Mark Callahan,U.S. House,5,REP,Lincoln,02 Alsea,55
Joey Nations,U.S. House,5,REP,Lincoln,02 Alsea,28
Write Ins,U.S. House,5,REP,Lincoln,02 Alsea,0
Overvotes,U.S. House,5,REP,Lincoln,02 Alsea,0
Undervotes,U.S. House,5,REP,Lincoln,02 Alsea,32
Knute Buehler,Governor,,REP,Lincoln,02 Alsea,51
Keenen W Bohach,Governor,,REP,Lincoln,02 Alsea,0
Greg C Wooldridge,Governor,,REP,Lincoln,02 Alsea,13
Jonathan I Edwards III,Governor,,REP,Lincoln,02 Alsea,0
David W Stauffer,Governor,,REP,Lincoln,02 Alsea,0
Jeff Smith,Governor,,REP,Lincoln,02 Alsea,5
Jack W Tacy,Governor,,REP,Lincoln,02 Alsea,1
Brett Hyland,Governor,,REP,Lincoln,02 Alsea,0
Bruce Cuff,Governor,,REP,Lincoln,02 Alsea,3
Sam Carpenter,Governor,,REP,Lincoln,02 Alsea,49
Write Ins,Governor,,REP,Lincoln,02 Alsea,2
Overvotes,Governor,,REP,Lincoln,02 Alsea,1
Undervotes,Governor,,REP,Lincoln,02 Alsea,8
Teri Grler,State House,9,REP,Lincoln,02 Alsea,
Write Ins,State House,9,REP,Lincoln,02 Alsea,
Overvotes,State House,9,REP,Lincoln,02 Alsea,
Undervotes,State House,9,REP,Lincoln,02 Alsea,
Thomas M Donohue,State House,10,REP,Lincoln,02 Alsea,72
Write Ins,State House,10,REP,Lincoln,02 Alsea,1
Overvotes,State House,10,REP,Lincoln,02 Alsea,0
Undervotes,State House,10,REP,Lincoln,02 Alsea,60
Peter Wright,U.S. House,5,DEM,Lincoln,03 Seaview,30
Kurt Schrader,U.S. House,5,DEM,Lincoln,03 Seaview,155
Write Ins,U.S. House,5,DEM,Lincoln,03 Seaview,3
Overvotes,U.S. House,5,DEM,Lincoln,03 Seaview,0
Undervotes,U.S. House,5,DEM,Lincoln,03 Seaview,27
Ed Jones,Governor,,DEM,Lincoln,03 Seaview,21
Kate Brown,Governor,,DEM,Lincoln,03 Seaview,161
Candace Neville,Governor,,DEM,Lincoln,03 Seaview,20
Write-Ins,Governor,,DEM,Lincoln,03 Seaview,2
Overvotes,Governor,,DEM,Lincoln,03 Seaview,0
Undervotes,Governor,,DEM,Lincoln,03 Seaview,11
Mark Dally,State House,9,DEM,Lincoln,03 Seaview,
Caddy McKeown,State House,9,DEM,Lincoln,03 Seaview,
Write-Ins,State House,9,DEM,Lincoln,03 Seaview,
Overvotes,State House,9,DEM,Lincoln,03 Seaview,
Undervotes,State House,9,DEM,Lincoln,03 Seaview,
David Gomberg,State House,10,DEM,Lincoln,03 Seaview,150
Write Ins,State House,10,DEM,Lincoln,03 Seaview,2
Overvotes,State House,10,DEM,Lincoln,03 Seaview,0
Undervotes,State House,10,DEM,Lincoln,03 Seaview,63
Robert L Reynolds,U.S. House,5,REP,Lincoln,03 Seaview,15
Mark Callahan,U.S. House,5,REP,Lincoln,03 Seaview,51
Joey Nations,U.S. House,5,REP,Lincoln,03 Seaview,27
Write Ins,U.S. House,5,REP,Lincoln,03 Seaview,0
Overvotes,U.S. House,5,REP,Lincoln,03 Seaview,0
Undervotes,U.S. House,5,REP,Lincoln,03 Seaview,29
Knute Buehler,Governor,,REP,Lincoln,03 Seaview,57
Keenen W Bohach,Governor,,REP,Lincoln,03 Seaview,0
Greg C Wooldridge,Governor,,REP,Lincoln,03 Seaview,16
Jonathan I Edwards III,Governor,,REP,Lincoln,03 Seaview,0
David W Stauffer,Governor,,REP,Lincoln,03 Seaview,3
Jeff Smith,Governor,,REP,Lincoln,03 Seaview,1
Jack W Tacy,Governor,,REP,Lincoln,03 Seaview,0
Brett Hyland,Governor,,REP,Lincoln,03 Seaview,0
Bruce Cuff,Governor,,REP,Lincoln,03 Seaview,3
Sam Carpenter,Governor,,REP,Lincoln,03 Seaview,30
Write Ins,Governor,,REP,Lincoln,03 Seaview,0
Overvotes,Governor,,REP,Lincoln,03 Seaview,0
Undervotes,Governor,,REP,Lincoln,03 Seaview,12
Teri Grler,State House,9,REP,Lincoln,03 Seaview,
Write Ins,State House,9,REP,Lincoln,03 Seaview,
Overvotes,State House,9,REP,Lincoln,03 Seaview,
Undervotes,State House,9,REP,Lincoln,03 Seaview,
Thomas M Donohue,State House,10,REP,Lincoln,03 Seaview,75
Write Ins,State House,10,REP,Lincoln,03 Seaview,2
Overvotes,State House,10,REP,Lincoln,03 Seaview,0
Undervotes,State House,10,REP,Lincoln,03 Seaview,45
Peter Wright,U.S. House,5,DEM,Lincoln,04 Tidewater,12
Kurt Schrader,U.S. House,5,DEM,Lincoln,04 Tidewater,74
Write Ins,U.S. House,5,DEM,Lincoln,04 Tidewater,1
Overvotes,U.S. House,5,DEM,Lincoln,04 Tidewater,0
Undervotes,U.S. House,5,DEM,Lincoln,04 Tidewater,9
Ed Jones,Governor,,DEM,Lincoln,04 Tidewater,14
Kate Brown,Governor,,DEM,Lincoln,04 Tidewater,62
Candace Neville,Governor,,DEM,Lincoln,04 Tidewater,9
Write-Ins,Governor,,DEM,Lincoln,04 Tidewater,3
Overvotes,Governor,,DEM,Lincoln,04 Tidewater,0
Undervotes,Governor,,DEM,Lincoln,04 Tidewater,8
Mark Dally,State House,9,DEM,Lincoln,04 Tidewater,
Caddy McKeown,State House,9,DEM,Lincoln,04 Tidewater,
Write-Ins,State House,9,DEM,Lincoln,04 Tidewater,
Overvotes,State House,9,DEM,Lincoln,04 Tidewater,
Undervotes,State House,9,DEM,Lincoln,04 Tidewater,
David Gomberg,State House,10,DEM,Lincoln,04 Tidewater,61
Write Ins,State House,10,DEM,Lincoln,04 Tidewater,0
Overvotes,State House,10,DEM,Lincoln,04 Tidewater,0
Undervotes,State House,10,DEM,Lincoln,04 Tidewater,35
Robert L Reynolds,U.S. House,5,REP,Lincoln,04 Tidewater,10
Mark Callahan,U.S. House,5,REP,Lincoln,04 Tidewater,36
Joey Nations,U.S. House,5,REP,Lincoln,04 Tidewater,14
Write Ins,U.S. House,5,REP,Lincoln,04 Tidewater,0
Overvotes,U.S. House,5,REP,Lincoln,04 Tidewater,0
Undervotes,U.S. House,5,REP,Lincoln,04 Tidewater,30
Knute Buehler,Governor,,REP,Lincoln,04 Tidewater,36
Keenen W Bohach,Governor,,REP,Lincoln,04 Tidewater,0
Greg C Wooldridge,Governor,,REP,Lincoln,04 Tidewater,9
Jonathan I Edwards III,Governor,,REP,Lincoln,04 Tidewater,0
David W Stauffer,Governor,,REP,Lincoln,04 Tidewater,1
Jeff Smith,Governor,,REP,Lincoln,04 Tidewater,3
Jack W Tacy,Governor,,REP,Lincoln,04 Tidewater,0
Brett Hyland,Governor,,REP,Lincoln,04 Tidewater,0
Bruce Cuff,Governor,,REP,Lincoln,04 Tidewater,3
Sam Carpenter,Governor,,REP,Lincoln,04 Tidewater,30
Write Ins,Governor,,REP,Lincoln,04 Tidewater,1
Overvotes,Governor,,REP,Lincoln,04 Tidewater,0
Undervotes,Governor,,REP,Lincoln,04 Tidewater,7
Teri Grler,State House,9,REP,Lincoln,04 Tidewater,
Write Ins,State House,9,REP,Lincoln,04 Tidewater,
Overvotes,State House,9,REP,Lincoln,04 Tidewater,
Undervotes,State House,9,REP,Lincoln,04 Tidewater,
Thomas M Donohue,State House,10,REP,Lincoln,04 Tidewater,44
Write Ins,State House,10,REP,Lincoln,04 Tidewater,1
Overvotes,State House,10,REP,Lincoln,04 Tidewater,0
Undervotes,State House,10,REP,Lincoln,04 Tidewater,45
Peter Wright,U.S. House,5,DEM,Lincoln,05 Tachats,34
Kurt Schrader,U.S. House,5,DEM,Lincoln,05 Tachats,285
Write Ins,U.S. House,5,DEM,Lincoln,05 Tachats,0
Overvotes,U.S. House,5,DEM,Lincoln,05 Tachats,1
Undervotes,U.S. House,5,DEM,Lincoln,05 Tachats,38
Ed Jones,Governor,,DEM,Lincoln,05 Tachats,11
Kate Brown,Governor,,DEM,Lincoln,05 Tachats,312
Candace Neville,Governor,,DEM,Lincoln,05 Tachats,15
Write-Ins,Governor,,DEM,Lincoln,05 Tachats,2
Overvotes,Governor,,DEM,Lincoln,05 Tachats,0
Undervotes,Governor,,DEM,Lincoln,05 Tachats,18
Mark Dally,State House,9,DEM,Lincoln,05 Tachats,9
Caddy McKeown,State House,9,DEM,Lincoln,05 Tachats,201
Write-Ins,State House,9,DEM,Lincoln,05 Tachats,1
Overvotes,State House,9,DEM,Lincoln,05 Tachats,1
Undervotes,State House,9,DEM,Lincoln,05 Tachats,42
David Gomberg,State House,10,DEM,Lincoln,05 Tachats,76
Write Ins,State House,10,DEM,Lincoln,05 Tachats,0
Overvotes,State House,10,DEM,Lincoln,05 Tachats,0
Undervotes,State House,10,DEM,Lincoln,05 Tachats,28
Robert L Reynolds,U.S. House,5,REP,Lincoln,05 Tachats,11
Mark Callahan,U.S. House,5,REP,Lincoln,05 Tachats,47
Joey Nations,U.S. House,5,REP,Lincoln,05 Tachats,18
Write Ins,U.S. House,5,REP,Lincoln,05 Tachats,0
Overvotes,U.S. House,5,REP,Lincoln,05 Tachats,0
Undervotes,U.S. House,5,REP,Lincoln,05 Tachats,31
Knute Buehler,Governor,,REP,Lincoln,05 Tachats,50
Keenen W Bohach,Governor,,REP,Lincoln,05 Tachats,0
Greg C Wooldridge,Governor,,REP,Lincoln,05 Tachats,11
Jonathan I Edwards III,Governor,,REP,Lincoln,05 Tachats,1
David W Stauffer,Governor,,REP,Lincoln,05 Tachats,1
Jeff Smith,Governor,,REP,Lincoln,05 Tachats,4
Jack W Tacy,Governor,,REP,Lincoln,05 Tachats,0
Brett Hyland,Governor,,REP,Lincoln,05 Tachats,0
Bruce Cuff,Governor,,REP,Lincoln,05 Tachats,3
Sam Carpenter,Governor,,REP,Lincoln,05 Tachats,23
Write Ins,Governor,,REP,Lincoln,05 Tachats,1
Overvotes,Governor,,REP,Lincoln,05 Tachats,0
Undervotes,Governor,,REP,Lincoln,05 Tachats,13
Teri Grler,State House,9,REP,Lincoln,05 Tachats,40
Write Ins,State House,9,REP,Lincoln,05 Tachats,2
Overvotes,State House,9,REP,Lincoln,05 Tachats,0
Undervotes,State House,9,REP,Lincoln,05 Tachats,25
Thomas M Donohue,State House,10,REP,Lincoln,05 Tachats,14
Write Ins,State House,10,REP,Lincoln,05 Tachats,0
Overvotes,State House,10,REP,Lincoln,05 Tachats,0
Undervotes,State House,10,REP,Lincoln,05 Tachats,26
Peter Wright,U.S. House,5,DEM,Lincoln,06 Bayview,32
Kurt Schrader,U.S. House,5,DEM,Lincoln,06 Bayview,278
Write Ins,U.S. House,5,DEM,Lincoln,06 Bayview,1
Overvotes,U.S. House,5,DEM,Lincoln,06 Bayview,0
Undervotes,U.S. House,5,DEM,Lincoln,06 Bayview,30
Ed Jones,Governor,,DEM,Lincoln,06 Bayview,23
Kate Brown,Governor,,DEM,Lincoln,06 Bayview,272
Candace Neville,Governor,,DEM,Lincoln,06 Bayview,29
Write-Ins,Governor,,DEM,Lincoln,06 Bayview,6
Overvotes,Governor,,DEM,Lincoln,06 Bayview,0
Undervotes,Governor,,DEM,Lincoln,06 Bayview,11
Mark Dally,State House,9,DEM,Lincoln,06 Bayview,
Caddy McKeown,State House,9,DEM,Lincoln,06 Bayview,
Write-Ins,State House,9,DEM,Lincoln,06 Bayview,
Overvotes,State House,9,DEM,Lincoln,06 Bayview,
Undervotes,State House,9,DEM,Lincoln,06 Bayview,
David Gomberg,State House,10,DEM,Lincoln,06 Bayview,246
Write Ins,State House,10,DEM,Lincoln,06 Bayview,2
Overvotes,State House,10,DEM,Lincoln,06 Bayview,0
Undervotes,State House,10,DEM,Lincoln,06 Bayview,93
Robert L Reynolds,U.S. House,5,REP,Lincoln,06 Bayview,27
Mark Callahan,U.S. House,5,REP,Lincoln,06 Bayview,96
Joey Nations,U.S. House,5,REP,Lincoln,06 Bayview,31
Write Ins,U.S. House,5,REP,Lincoln,06 Bayview,1
Overvotes,U.S. House,5,REP,Lincoln,06 Bayview,0
Undervotes,U.S. House,5,REP,Lincoln,06 Bayview,40
Knute Buehler,Governor,,REP,Lincoln,06 Bayview,85
Keenen W Bohach,Governor,,REP,Lincoln,06 Bayview,1
Greg C Wooldridge,Governor,,REP,Lincoln,06 Bayview,37
Jonathan I Edwards III,Governor,,REP,Lincoln,06 Bayview,0
David W Stauffer,Governor,,REP,Lincoln,06 Bayview,1
Jeff Smith,Governor,,REP,Lincoln,06 Bayview,3
Jack W Tacy,Governor,,REP,Lincoln,06 Bayview,0
Brett Hyland,Governor,,REP,Lincoln,06 Bayview,0
Bruce Cuff,Governor,,REP,Lincoln,06 Bayview,2
Sam Carpenter,Governor,,REP,Lincoln,06 Bayview,51
Write Ins,Governor,,REP,Lincoln,06 Bayview,2
Overvotes,Governor,,REP,Lincoln,06 Bayview,0
Undervotes,Governor,,REP,Lincoln,06 Bayview,13
Teri Grler,State House,9,REP,Lincoln,06 Bayview,
Write Ins,State House,9,REP,Lincoln,06 Bayview,
Overvotes,State House,9,REP,Lincoln,06 Bayview,
Undervotes,State House,9,REP,Lincoln,06 Bayview,
Thomas M Donohue,State House,10,REP,Lincoln,06 Bayview,112
Write Ins,State House,10,REP,Lincoln,06 Bayview,2
Overvotes,State House,10,REP,Lincoln,06 Bayview,0
Undervotes,State House,10,REP,Lincoln,06 Bayview,81
Peter Wright,U.S. House,5,DEM,Lincoln,07 Seal Rock,41
Kurt Schrader,U.S. House,5,DEM,Lincoln,07 Seal Rock,290
Write Ins,U.S. House,5,DEM,Lincoln,07 Seal Rock,0
Overvotes,U.S. House,5,DEM,Lincoln,07 Seal Rock,0
Undervotes,U.S. House,5,DEM,Lincoln,07 Seal Rock,26
Ed Jones,Governor,,DEM,Lincoln,07 Seal Rock,34
Kate Brown,Governor,,DEM,Lincoln,07 Seal Rock,289
Candace Neville,Governor,,DEM,Lincoln,07 Seal Rock,14
Write-Ins,Governor,,DEM,Lincoln,07 Seal Rock,4
Overvotes,Governor,,DEM,Lincoln,07 Seal Rock,0
Undervotes,Governor,,DEM,Lincoln,07 Seal Rock,16
Mark Dally,State House,9,DEM,Lincoln,07 Seal Rock,
Caddy McKeown,State House,9,DEM,Lincoln,07 Seal Rock,
Write-Ins,State House,9,DEM,Lincoln,07 Seal Rock,
Overvotes,State House,9,DEM,Lincoln,07 Seal Rock,
Undervotes,State House,9,DEM,Lincoln,07 Seal Rock,
David Gomberg,State House,10,DEM,Lincoln,07 Seal Rock,281
Write Ins,State House,10,DEM,Lincoln,07 Seal Rock,0
Overvotes,State House,10,DEM,Lincoln,07 Seal Rock,0
Undervotes,State House,10,DEM,Lincoln,07 Seal Rock,76
Robert L Reynolds,U.S. House,5,REP,Lincoln,07 Seal Rock,25
Mark Callahan,U.S. House,5,REP,Lincoln,07 Seal Rock,81
Joey Nations,U.S. House,5,REP,Lincoln,07 Seal Rock,35
Write Ins,U.S. House,5,REP,Lincoln,07 Seal Rock,2
Overvotes,U.S. House,5,REP,Lincoln,07 Seal Rock,0
Undervotes,U.S. House,5,REP,Lincoln,07 Seal Rock,48
Knute Buehler,Governor,,REP,Lincoln,07 Seal Rock,77
Keenen W Bohach,Governor,,REP,Lincoln,07 Seal Rock,2
Greg C Wooldridge,Governor,,REP,Lincoln,07 Seal Rock,30
Jonathan I Edwards III,Governor,,REP,Lincoln,07 Seal Rock,0
David W Stauffer,Governor,,REP,Lincoln,07 Seal Rock,0
Jeff Smith,Governor,,REP,Lincoln,07 Seal Rock,1
Jack W Tacy,Governor,,REP,Lincoln,07 Seal Rock,0
Brett Hyland,Governor,,REP,Lincoln,07 Seal Rock,2
Bruce Cuff,Governor,,REP,Lincoln,07 Seal Rock,1
Sam Carpenter,Governor,,REP,Lincoln,07 Seal Rock,52
Write Ins,Governor,,REP,Lincoln,07 Seal Rock,2
Overvotes,Governor,,REP,Lincoln,07 Seal Rock,0
Undervotes,Governor,,REP,Lincoln,07 Seal Rock,24
Teri Grler,State House,9,REP,Lincoln,07 Seal Rock,
Write Ins,State House,9,REP,Lincoln,07 Seal Rock,
Overvotes,State House,9,REP,Lincoln,07 Seal Rock,
Undervotes,State House,9,REP,Lincoln,07 Seal Rock,
Thomas M Donohue,State House,10,REP,Lincoln,07 Seal Rock,116
Write Ins,State House,10,REP,Lincoln,07 Seal Rock,4
Overvotes,State House,10,REP,Lincoln,07 Seal Rock,0
Undervotes,State House,10,REP,Lincoln,07 Seal Rock,71
Peter Wright,U.S. House,5,DEM,Lincoln,08 South Beach,36
Kurt Schrader,U.S. House,5,DEM,Lincoln,08 South Beach,216
Write Ins,U.S. House,5,DEM,Lincoln,08 South Beach,1
Overvotes,U.S. House,5,DEM,Lincoln,08 South Beach,0
Undervotes,U.S. House,5,DEM,Lincoln,08 South Beach,22
Ed Jones,Governor,,DEM,Lincoln,08 South Beach,16
Kate Brown,Governor,,DEM,Lincoln,08 South Beach,221
Candace Neville,Governor,,DEM,Lincoln,08 South Beach,17
Write-Ins,Governor,,DEM,Lincoln,08 South Beach,6
Overvotes,Governor,,DEM,Lincoln,08 South Beach,0
Undervotes,Governor,,DEM,Lincoln,08 South Beach,15
Mark Dally,State House,9,DEM,Lincoln,08 South Beach,
Caddy McKeown,State House,9,DEM,Lincoln,08 South Beach,
Write-Ins,State House,9,DEM,Lincoln,08 South Beach,
Overvotes,State House,9,DEM,Lincoln,08 South Beach,
Undervotes,State House,9,DEM,Lincoln,08 South Beach,
David Gomberg,State House,10,DEM,Lincoln,08 South Beach,215
Write Ins,State House,10,DEM,Lincoln,08 South Beach,4
Overvotes,State House,10,DEM,Lincoln,08 South Beach,0
Undervotes,State House,10,DEM,Lincoln,08 South Beach,56
Robert L Reynolds,U.S. House,5,REP,Lincoln,08 South Beach,18
Mark Callahan,U.S. House,5,REP,Lincoln,08 South Beach,68
Joey Nations,U.S. House,5,REP,Lincoln,08 South Beach,29
Write Ins,U.S. House,5,REP,Lincoln,08 South Beach,0
Overvotes,U.S. House,5,REP,Lincoln,08 South Beach,0
Undervotes,U.S. House,5,REP,Lincoln,08 South Beach,25
Knute Buehler,Governor,,REP,Lincoln,08 South Beach,68
Keenen W Bohach,Governor,,REP,Lincoln,08 South Beach,0
Greg C Wooldridge,Governor,,REP,Lincoln,08 South Beach,30
Jonathan I Edwards III,Governor,,REP,Lincoln,08 South Beach,1
David W Stauffer,Governor,,REP,Lincoln,08 South Beach,1
Jeff Smith,Governor,,REP,Lincoln,08 South Beach,3
Jack W Tacy,Governor,,REP,Lincoln,08 South Beach,0
Brett Hyland,Governor,,REP,Lincoln,08 South Beach,1
Bruce Cuff,Governor,,REP,Lincoln,08 South Beach,2
Sam Carpenter,Governor,,REP,Lincoln,08 South Beach,28
Write Ins,Governor,,REP,Lincoln,08 South Beach,0
Overvotes,Governor,,REP,Lincoln,08 South Beach,0
Undervotes,Governor,,REP,Lincoln,08 South Beach,6
Teri Grler,State House,9,REP,Lincoln,08 South Beach,
Write Ins,State House,9,REP,Lincoln,08 South Beach,
Overvotes,State House,9,REP,Lincoln,08 South Beach,
Undervotes,State House,9,REP,Lincoln,08 South Beach,
Thomas M Donohue,State House,10,REP,Lincoln,08 South Beach,84
Write Ins,State House,10,REP,Lincoln,08 South Beach,0
Overvotes,State House,10,REP,Lincoln,08 South Beach,0
Undervotes,State House,10,REP,Lincoln,08 South Beach,56
Peter Wright,U.S. House,5,DEM,Lincoln,09 Nye Creek,32
Kurt Schrader,U.S. House,5,DEM,Lincoln,09 Nye Creek,215
Write Ins,U.S. House,5,DEM,Lincoln,09 Nye Creek,0
Overvotes,U.S. House,5,DEM,Lincoln,09 Nye Creek,0
Undervotes,U.S. House,5,DEM,Lincoln,09 Nye Creek,20
Ed Jones,Governor,,DEM,Lincoln,09 Nye Creek,13
Kate Brown,Governor,,DEM,Lincoln,09 Nye Creek,220
Candace Neville,Governor,,DEM,Lincoln,09 Nye Creek,16
Write-Ins,Governor,,DEM,Lincoln,09 Nye Creek,6
Overvotes,Governor,,DEM,Lincoln,09 Nye Creek,0
Undervotes,Governor,,DEM,Lincoln,09 Nye Creek,12
Mark Dally,State House,9,DEM,Lincoln,09 Nye Creek,
Caddy McKeown,State House,9,DEM,Lincoln,09 Nye Creek,
Write-Ins,State House,9,DEM,Lincoln,09 Nye Creek,
Overvotes,State House,9,DEM,Lincoln,09 Nye Creek,
Undervotes,State House,9,DEM,Lincoln,09 Nye Creek,
David Gomberg,State House,10,DEM,Lincoln,09 Nye Creek,214
Write Ins,State House,10,DEM,Lincoln,09 Nye Creek,2
Overvotes,State House,10,DEM,Lincoln,09 Nye Creek,0
Undervotes,State House,10,DEM,Lincoln,09 Nye Creek,51
Robert L Reynolds,U.S. House,5,REP,Lincoln,09 Nye Creek,9
Mark Callahan,U.S. House,5,REP,Lincoln,09 Nye Creek,45
Joey Nations,U.S. House,5,REP,Lincoln,09 Nye Creek,29
Write Ins,U.S. House,5,REP,Lincoln,09 Nye Creek,0
Overvotes,U.S. House,5,REP,Lincoln,09 Nye Creek,0
Undervotes,U.S. House,5,REP,Lincoln,09 Nye Creek,17
Knute Buehler,Governor,,REP,Lincoln,09 Nye Creek,40
Keenen W Bohach,Governor,,REP,Lincoln,09 Nye Creek,0
Greg C Wooldridge,Governor,,REP,Lincoln,09 Nye Creek,13
Jonathan I Edwards III,Governor,,REP,Lincoln,09 Nye Creek,0
David W Stauffer,Governor,,REP,Lincoln,09 Nye Creek,1
Jeff Smith,Governor,,REP,Lincoln,09 Nye Creek,2
Jack W Tacy,Governor,,REP,Lincoln,09 Nye Creek,0
Brett Hyland,Governor,,REP,Lincoln,09 Nye Creek,0
Bruce Cuff,Governor,,REP,Lincoln,09 Nye Creek,1
Sam Carpenter,Governor,,REP,Lincoln,09 Nye Creek,30
Write Ins,Governor,,REP,Lincoln,09 Nye Creek,1
Overvotes,Governor,,REP,Lincoln,09 Nye Creek,0
Undervotes,Governor,,REP,Lincoln,09 Nye Creek,12
Teri Grler,State House,9,REP,Lincoln,09 Nye Creek,
Write Ins,State House,9,REP,Lincoln,09 Nye Creek,
Overvotes,State House,9,REP,Lincoln,09 Nye Creek,
Undervotes,State House,9,REP,Lincoln,09 Nye Creek,
Thomas M Donohue,State House,10,REP,Lincoln,09 Nye Creek,70
Write Ins,State House,10,REP,Lincoln,09 Nye Creek,1
Overvotes,State House,10,REP,Lincoln,09 Nye Creek,0
Undervotes,State House,10,REP,Lincoln,09 Nye Creek,29
Peter Wright,U.S. House,5,DEM,Lincoln,10 Newport Bay,20
Kurt Schrader,U.S. House,5,DEM,Lincoln,10 Newport Bay,148
Write Ins,U.S. House,5,DEM,Lincoln,10 Newport Bay,5
Overvotes,U.S. House,5,DEM,Lincoln,10 Newport Bay,0
Undervotes,U.S. House,5,DEM,Lincoln,10 Newport Bay,12
Ed Jones,Governor,,DEM,Lincoln,10 Newport Bay,12
Kate Brown,Governor,,DEM,Lincoln,10 Newport Bay,148
Candace Neville,Governor,,DEM,Lincoln,10 Newport Bay,12
Write-Ins,Governor,,DEM,Lincoln,10 Newport Bay,6
Overvotes,Governor,,DEM,Lincoln,10 Newport Bay,0
Undervotes,Governor,,DEM,Lincoln,10 Newport Bay,7
Mark Dally,State House,9,DEM,Lincoln,10 Newport Bay,
Caddy McKeown,State House,9,DEM,Lincoln,10 Newport Bay,
Write-Ins,State House,9,DEM,Lincoln,10 Newport Bay,
Overvotes,State House,9,DEM,Lincoln,10 Newport Bay,
Undervotes,State House,9,DEM,Lincoln,10 Newport Bay,
David Gomberg,State House,10,DEM,Lincoln,10 Newport Bay,138
Write Ins,State House,10,DEM,Lincoln,10 Newport Bay,4
Overvotes,State House,10,DEM,Lincoln,10 Newport Bay,0
Undervotes,State House,10,DEM,Lincoln,10 Newport Bay,43
Robert L Reynolds,U.S. House,5,REP,Lincoln,10 Newport Bay,12
Mark Callahan,U.S. House,5,REP,Lincoln,10 Newport Bay,32
Joey Nations,U.S. House,5,REP,Lincoln,10 Newport Bay,9
Write Ins,U.S. House,5,REP,Lincoln,10 Newport Bay,1
Overvotes,U.S. House,5,REP,Lincoln,10 Newport Bay,0
Undervotes,U.S. House,5,REP,Lincoln,10 Newport Bay,13
Knute Buehler,Governor,,REP,Lincoln,10 Newport Bay,29
Keenen W Bohach,Governor,,REP,Lincoln,10 Newport Bay,1
Greg C Wooldridge,Governor,,REP,Lincoln,10 Newport Bay,12
Jonathan I Edwards III,Governor,,REP,Lincoln,10 Newport Bay,0
David W Stauffer,Governor,,REP,Lincoln,10 Newport Bay,0
Jeff Smith,Governor,,REP,Lincoln,10 Newport Bay,0
Jack W Tacy,Governor,,REP,Lincoln,10 Newport Bay,0
Brett Hyland,Governor,,REP,Lincoln,10 Newport Bay,1
Bruce Cuff,Governor,,REP,Lincoln,10 Newport Bay,1
Sam Carpenter,Governor,,REP,Lincoln,10 Newport Bay,20
Write Ins,Governor,,REP,Lincoln,10 Newport Bay,0
Overvotes,Governor,,REP,Lincoln,10 Newport Bay,0
Undervotes,Governor,,REP,Lincoln,10 Newport Bay,3
Teri Grler,State House,9,REP,Lincoln,10 Newport Bay,
Write Ins,State House,9,REP,Lincoln,10 Newport Bay,
Overvotes,State House,9,REP,Lincoln,10 Newport Bay,
Undervotes,State House,9,REP,Lincoln,10 Newport Bay,
Thomas M Donohue,State House,10,REP,Lincoln,10 Newport Bay,39
Write Ins,State House,10,REP,Lincoln,10 Newport Bay,1
Overvotes,State House,10,REP,Lincoln,10 Newport Bay,0
Undervotes,State House,10,REP,Lincoln,10 Newport Bay,27
Peter Wright,U.S. House,5,DEM,Lincoln,11 Oceanview,41
Kurt Schrader,U.S. House,5,DEM,Lincoln,11 Oceanview,201
Write Ins,U.S. House,5,DEM,Lincoln,11 Oceanview,0
Overvotes,U.S. House,5,DEM,Lincoln,11 Oceanview,0
Undervotes,U.S. House,5,DEM,Lincoln,11 Oceanview,24
Ed Jones,Governor,,DEM,Lincoln,11 Oceanview,27
Kate Brown,Governor,,DEM,Lincoln,11 Oceanview,200
Candace Neville,Governor,,DEM,Lincoln,11 Oceanview,21
Write-Ins,Governor,,DEM,Lincoln,11 Oceanview,7
Overvotes,Governor,,DEM,Lincoln,11 Oceanview,0
Undervotes,Governor,,DEM,Lincoln,11 Oceanview,11
Mark Dally,State House,9,DEM,Lincoln,11 Oceanview,
Caddy McKeown,State House,9,DEM,Lincoln,11 Oceanview,
Write-Ins,State House,9,DEM,Lincoln,11 Oceanview,
Overvotes,State House,9,DEM,Lincoln,11 Oceanview,
Undervotes,State House,9,DEM,Lincoln,11 Oceanview,
David Gomberg,State House,10,DEM,Lincoln,11 Oceanview,201
Write Ins,State House,10,DEM,Lincoln,11 Oceanview,0
Overvotes,State House,10,DEM,Lincoln,11 Oceanview,0
Undervotes,State House,10,DEM,Lincoln,11 Oceanview,65
Robert L Reynolds,U.S. House,5,REP,Lincoln,11 Oceanview,21
Mark Callahan,U.S. House,5,REP,Lincoln,11 Oceanview,62
Joey Nations,U.S. House,5,REP,Lincoln,11 Oceanview,14
Write Ins,U.S. House,5,REP,Lincoln,11 Oceanview,1
Overvotes,U.S. House,5,REP,Lincoln,11 Oceanview,0
Undervotes,U.S. House,5,REP,Lincoln,11 Oceanview,21
Knute Buehler,Governor,,REP,Lincoln,11 Oceanview,46
Keenen W Bohach,Governor,,REP,Lincoln,11 Oceanview,0
Greg C Wooldridge,Governor,,REP,Lincoln,11 Oceanview,33
Jonathan I Edwards III,Governor,,REP,Lincoln,11 Oceanview,1
David W Stauffer,Governor,,REP,Lincoln,11 Oceanview,2
Jeff Smith,Governor,,REP,Lincoln,11 Oceanview,4
Jack W Tacy,Governor,,REP,Lincoln,11 Oceanview,0
Brett Hyland,Governor,,REP,Lincoln,11 Oceanview,1
Bruce Cuff,Governor,,REP,Lincoln,11 Oceanview,0
Sam Carpenter,Governor,,REP,Lincoln,11 Oceanview,24
Write Ins,Governor,,REP,Lincoln,11 Oceanview,1
Overvotes,Governor,,REP,Lincoln,11 Oceanview,0
Undervotes,Governor,,REP,Lincoln,11 Oceanview,7
Teri Grler,State House,9,REP,Lincoln,11 Oceanview,
Write Ins,State House,9,REP,Lincoln,11 Oceanview,
Overvotes,State House,9,REP,Lincoln,11 Oceanview,
Undervotes,State House,9,REP,Lincoln,11 Oceanview,
Thomas M Donohue,State House,10,REP,Lincoln,11 Oceanview,75
Write Ins,State House,10,REP,Lincoln,11 Oceanview,3
Overvotes,State House,10,REP,Lincoln,11 Oceanview,0
Undervotes,State House,10,REP,Lincoln,11 Oceanview,41
Peter Wright,U.S. House,5,DEM,Lincoln,12 Yaquina,41
Kurt Schrader,U.S. House,5,DEM,Lincoln,12 Yaquina,254
Write Ins,U.S. House,5,DEM,Lincoln,12 Yaquina,3
Overvotes,U.S. House,5,DEM,Lincoln,12 Yaquina,0
Undervotes,U.S. House,5,DEM,Lincoln,12 Yaquina,25
Ed Jones,Governor,,DEM,Lincoln,12 Yaquina,30
Kate Brown,Governor,,DEM,Lincoln,12 Yaquina,248
Candace Neville,Governor,,DEM,Lincoln,12 Yaquina,22
Write-Ins,Governor,,DEM,Lincoln,12 Yaquina,5
Overvotes,Governor,,DEM,Lincoln,12 Yaquina,0
Undervotes,Governor,,DEM,Lincoln,12 Yaquina,18
Mark Dally,State House,9,DEM,Lincoln,12 Yaquina,
Caddy McKeown,State House,9,DEM,Lincoln,12 Yaquina,
Write-Ins,State House,9,DEM,Lincoln,12 Yaquina,
Overvotes,State House,9,DEM,Lincoln,12 Yaquina,
Undervotes,State House,9,DEM,Lincoln,12 Yaquina,
David Gomberg,State House,10,DEM,Lincoln,12 Yaquina,258
Write Ins,State House,10,DEM,Lincoln,12 Yaquina,3
Overvotes,State House,10,DEM,Lincoln,12 Yaquina,0
Undervotes,State House,10,DEM,Lincoln,12 Yaquina,62
Robert L Reynolds,U.S. House,5,REP,Lincoln,12 Yaquina,36
Mark Callahan,U.S. House,5,REP,Lincoln,12 Yaquina,96
Joey Nations,U.S. House,5,REP,Lincoln,12 Yaquina,31
Write Ins,U.S. House,5,REP,Lincoln,12 Yaquina,2
Overvotes,U.S. House,5,REP,Lincoln,12 Yaquina,0
Undervotes,U.S. House,5,REP,Lincoln,12 Yaquina,66
Knute Buehler,Governor,,REP,Lincoln,12 Yaquina,99
Keenen W Bohach,Governor,,REP,Lincoln,12 Yaquina,2
Greg C Wooldridge,Governor,,REP,Lincoln,12 Yaquina,45
Jonathan I Edwards III,Governor,,REP,Lincoln,12 Yaquina,1
David W Stauffer,Governor,,REP,Lincoln,12 Yaquina,1
Jeff Smith,Governor,,REP,Lincoln,12 Yaquina,1
Jack W Tacy,Governor,,REP,Lincoln,12 Yaquina,0
Brett Hyland,Governor,,REP,Lincoln,12 Yaquina,0
Bruce Cuff,Governor,,REP,Lincoln,12 Yaquina,6
Sam Carpenter,Governor,,REP,Lincoln,12 Yaquina,51
Write Ins,Governor,,REP,Lincoln,12 Yaquina,2
Overvotes,Governor,,REP,Lincoln,12 Yaquina,0
Undervotes,Governor,,REP,Lincoln,12 Yaquina,23
Teri Grler,State House,9,REP,Lincoln,12 Yaquina,
Write Ins,State House,9,REP,Lincoln,12 Yaquina,
Overvotes,State House,9,REP,Lincoln,12 Yaquina,
Undervotes,State House,9,REP,Lincoln,12 Yaquina,
Thomas M Donohue,State House,10,REP,Lincoln,12 Yaquina,108
Write Ins,State House,10,REP,Lincoln,12 Yaquina,2
Overvotes,State House,10,REP,Lincoln,12 Yaquina,0
Undervotes,State House,10,REP,Lincoln,12 Yaquina,121
Peter Wright,U.S. House,5,DEM,Lincoln,13 Pacific,44
Kurt Schrader,U.S. House,5,DEM,Lincoln,13 Pacific,280
Write Ins,U.S. House,5,DEM,Lincoln,13 Pacific,3
Overvotes,U.S. House,5,DEM,Lincoln,13 Pacific,0
Undervotes,U.S. House,5,DEM,Lincoln,13 Pacific,23
Ed Jones,Governor,,DEM,Lincoln,13 Pacific,24
Kate Brown,Governor,,DEM,Lincoln,13 Pacific,274
Candace Neville,Governor,,DEM,Lincoln,13 Pacific,29
Write-Ins,Governor,,DEM,Lincoln,13 Pacific,4
Overvotes,Governor,,DEM,Lincoln,13 Pacific,0
Undervotes,Governor,,DEM,Lincoln,13 Pacific,19
Mark Dally,State House,9,DEM,Lincoln,13 Pacific,
Caddy McKeown,State House,9,DEM,Lincoln,13 Pacific,
Write-Ins,State House,9,DEM,Lincoln,13 Pacific,
Overvotes,State House,9,DEM,Lincoln,13 Pacific,
Undervotes,State House,9,DEM,Lincoln,13 Pacific,
David Gomberg,State House,10,DEM,Lincoln,13 Pacific,274
Write Ins,State House,10,DEM,Lincoln,13 Pacific,4
Overvotes,State House,10,DEM,Lincoln,13 Pacific,0
Undervotes,State House,10,DEM,Lincoln,13 Pacific,72
Robert L Reynolds,U.S. House,5,REP,Lincoln,13 Pacific,21
Mark Callahan,U.S. House,5,REP,Lincoln,13 Pacific,97
Joey Nations,U.S. House,5,REP,Lincoln,13 Pacific,31
Write Ins,U.S. House,5,REP,Lincoln,13 Pacific,1
Overvotes,U.S. House,5,REP,Lincoln,13 Pacific,0
Undervotes,U.S. House,5,REP,Lincoln,13 Pacific,44
Knute Buehler,Governor,,REP,Lincoln,13 Pacific,84
Keenen W Bohach,Governor,,REP,Lincoln,13 Pacific,1
Greg C Wooldridge,Governor,,REP,Lincoln,13 Pacific,33
Jonathan I Edwards III,Governor,,REP,Lincoln,13 Pacific,1
David W Stauffer,Governor,,REP,Lincoln,13 Pacific,2
Jeff Smith,Governor,,REP,Lincoln,13 Pacific,7
Jack W Tacy,Governor,,REP,Lincoln,13 Pacific,1
Brett Hyland,Governor,,REP,Lincoln,13 Pacific,0
Bruce Cuff,Governor,,REP,Lincoln,13 Pacific,6
Sam Carpenter,Governor,,REP,Lincoln,13 Pacific,43
Write Ins,Governor,,REP,Lincoln,13 Pacific,3
Overvotes,Governor,,REP,Lincoln,13 Pacific,1
Undervotes,Governor,,REP,Lincoln,13 Pacific,12
Teri Grler,State House,9,REP,Lincoln,13 Pacific,
Write Ins,State House,9,REP,Lincoln,13 Pacific,
Overvotes,State House,9,REP,Lincoln,13 Pacific,
Undervotes,State House,9,REP,Lincoln,13 Pacific,
Thomas M Donohue,State House,10,REP,Lincoln,13 Pacific,107
Write Ins,State House,10,REP,Lincoln,13 Pacific,4
Overvotes,State House,10,REP,Lincoln,13 Pacific,0
Undervotes,State House,10,REP,Lincoln,13 Pacific,83
Peter Wright,U.S. House,5,DEM,Lincoln,14 Agate Beach,23
Kurt Schrader,U.S. House,5,DEM,Lincoln,14 Agate Beach,214
Write Ins,U.S. House,5,DEM,Lincoln,14 Agate Beach,0
Overvotes,U.S. House,5,DEM,Lincoln,14 Agate Beach,0
Undervotes,U.S. House,5,DEM,Lincoln,14 Agate Beach,15
Ed Jones,Governor,,DEM,Lincoln,14 Agate Beach,20
Kate Brown,Governor,,DEM,Lincoln,14 Agate Beach,197
Candace Neville,Governor,,DEM,Lincoln,14 Agate Beach,22
Write-Ins,Governor,,DEM,Lincoln,14 Agate Beach,3
Overvotes,Governor,,DEM,Lincoln,14 Agate Beach,0
Undervotes,Governor,,DEM,Lincoln,14 Agate Beach,10
Mark Dally,State House,9,DEM,Lincoln,14 Agate Beach,
Caddy McKeown,State House,9,DEM,Lincoln,14 Agate Beach,
Write-Ins,State House,9,DEM,Lincoln,14 Agate Beach,
Overvotes,State House,9,DEM,Lincoln,14 Agate Beach,
Undervotes,State House,9,DEM,Lincoln,14 Agate Beach,
David Gomberg,State House,10,DEM,Lincoln,14 Agate Beach,201
Write Ins,State House,10,DEM,Lincoln,14 Agate Beach,5
Overvotes,State House,10,DEM,Lincoln,14 Agate Beach,0
Undervotes,State House,10,DEM,Lincoln,14 Agate Beach,46
Robert L Reynolds,U.S. House,5,REP,Lincoln,14 Agate Beach,26
Mark Callahan,U.S. House,5,REP,Lincoln,14 Agate Beach,98
Joey Nations,U.S. House,5,REP,Lincoln,14 Agate Beach,29
Write Ins,U.S. House,5,REP,Lincoln,14 Agate Beach,1
Overvotes,U.S. House,5,REP,Lincoln,14 Agate Beach,0
Undervotes,U.S. House,5,REP,Lincoln,14 Agate Beach,44
Knute Buehler,Governor,,REP,Lincoln,14 Agate Beach,87
Keenen W Bohach,Governor,,REP,Lincoln,14 Agate Beach,0
Greg C Wooldridge,Governor,,REP,Lincoln,14 Agate Beach,31
Jonathan I Edwards III,Governor,,REP,Lincoln,14 Agate Beach,4
David W Stauffer,Governor,,REP,Lincoln,14 Agate Beach,2
Jeff Smith,Governor,,REP,Lincoln,14 Agate Beach,3
Jack W Tacy,Governor,,REP,Lincoln,14 Agate Beach,0
Brett Hyland,Governor,,REP,Lincoln,14 Agate Beach,0
Bruce Cuff,Governor,,REP,Lincoln,14 Agate Beach,0
Sam Carpenter,Governor,,REP,Lincoln,14 Agate Beach,55
Write Ins,Governor,,REP,Lincoln,14 Agate Beach,0
Overvotes,Governor,,REP,Lincoln,14 Agate Beach,0
Undervotes,Governor,,REP,Lincoln,14 Agate Beach,16
Teri Grler,State House,9,REP,Lincoln,14 Agate Beach,
Write Ins,State House,9,REP,Lincoln,14 Agate Beach,
Overvotes,State House,9,REP,Lincoln,14 Agate Beach,
Undervotes,State House,9,REP,Lincoln,14 Agate Beach,
Thomas M Donohue,State House,10,REP,Lincoln,14 Agate Beach,122
Write Ins,State House,10,REP,Lincoln,14 Agate Beach,1
Overvotes,State House,10,REP,Lincoln,14 Agate Beach,0
Undervotes,State House,10,REP,Lincoln,14 Agate Beach,75
Peter Wright,U.S. House,5,DEM,Lincoln,15 Otter Rock,13
Kurt Schrader,U.S. House,5,DEM,Lincoln,15 Otter Rock,68
Write Ins,U.S. House,5,DEM,Lincoln,15 Otter Rock,1
Overvotes,U.S. House,5,DEM,Lincoln,15 Otter Rock,0
Undervotes,U.S. House,5,DEM,Lincoln,15 Otter Rock,8
Ed Jones,Governor,,DEM,Lincoln,15 Otter Rock,4
Kate Brown,Governor,,DEM,Lincoln,15 Otter Rock,76
Candace Neville,Governor,,DEM,Lincoln,15 Otter Rock,6
Write-Ins,Governor,,DEM,Lincoln,15 Otter Rock,0
Overvotes,Governor,,DEM,Lincoln,15 Otter Rock,0
Undervotes,Governor,,DEM,Lincoln,15 Otter Rock,4
Mark Dally,State House,9,DEM,Lincoln,15 Otter Rock,
Caddy McKeown,State House,9,DEM,Lincoln,15 Otter Rock,
Write-Ins,State House,9,DEM,Lincoln,15 Otter Rock,
Overvotes,State House,9,DEM,Lincoln,15 Otter Rock,
Undervotes,State House,9,DEM,Lincoln,15 Otter Rock,
David Gomberg,State House,10,DEM,Lincoln,15 Otter Rock,68
Write Ins,State House,10,DEM,Lincoln,15 Otter Rock,0
Overvotes,State House,10,DEM,Lincoln,15 Otter Rock,0
Undervotes,State House,10,DEM,Lincoln,15 Otter Rock,22
Robert L Reynolds,U.S. House,5,REP,Lincoln,15 Otter Rock,5
Mark Callahan,U.S. House,5,REP,Lincoln,15 Otter Rock,30
Joey Nations,U.S. House,5,REP,Lincoln,15 Otter Rock,5
Write Ins,U.S. House,5,REP,Lincoln,15 Otter Rock,0
Overvotes,U.S. House,5,REP,Lincoln,15 Otter Rock,0
Undervotes,U.S. House,5,REP,Lincoln,15 Otter Rock,10
Knute Buehler,Governor,,REP,Lincoln,15 Otter Rock,28
Keenen W Bohach,Governor,,REP,Lincoln,15 Otter Rock,0
Greg C Wooldridge,Governor,,REP,Lincoln,15 Otter Rock,9
Jonathan I Edwards III,Governor,,REP,Lincoln,15 Otter Rock,0
David W Stauffer,Governor,,REP,Lincoln,15 Otter Rock,0
Jeff Smith,Governor,,REP,Lincoln,15 Otter Rock,4
Jack W Tacy,Governor,,REP,Lincoln,15 Otter Rock,0
Brett Hyland,Governor,,REP,Lincoln,15 Otter Rock,0
Bruce Cuff,Governor,,REP,Lincoln,15 Otter Rock,0
Sam Carpenter,Governor,,REP,Lincoln,15 Otter Rock,8
Write Ins,Governor,,REP,Lincoln,15 Otter Rock,0
Overvotes,Governor,,REP,Lincoln,15 Otter Rock,0
Undervotes,Governor,,REP,Lincoln,15 Otter Rock,1
Teri Grler,State House,9,REP,Lincoln,15 Otter Rock,
Write Ins,State House,9,REP,Lincoln,15 Otter Rock,
Overvotes,State House,9,REP,Lincoln,15 Otter Rock,
Undervotes,State House,9,REP,Lincoln,15 Otter Rock,
Thomas M Donohue,State House,10,REP,Lincoln,15 Otter Rock,30
Write Ins,State House,10,REP,Lincoln,15 Otter Rock,0
Overvotes,State House,10,REP,Lincoln,15 Otter Rock,0
Undervotes,State House,10,REP,Lincoln,15 Otter Rock,20
Peter Wright,U.S. House,5,DEM,Lincoln,16 Depoe Bay,24
Kurt Schrader,U.S. House,5,DEM,Lincoln,16 Depoe Bay,211
Write Ins,U.S. House,5,DEM,Lincoln,16 Depoe Bay,5
Overvotes,U.S. House,5,DEM,Lincoln,16 Depoe Bay,0
Undervotes,U.S. House,5,DEM,Lincoln,16 Depoe Bay,18
Ed Jones,Governor,,DEM,Lincoln,16 Depoe Bay,12
Kate Brown,Governor,,DEM,Lincoln,16 Depoe Bay,218
Candace Neville,Governor,,DEM,Lincoln,16 Depoe Bay,13
Write-Ins,Governor,,DEM,Lincoln,16 Depoe Bay,6
Overvotes,Governor,,DEM,Lincoln,16 Depoe Bay,0
Undervotes,Governor,,DEM,Lincoln,16 Depoe Bay,9
Mark Dally,State House,9,DEM,Lincoln,16 Depoe Bay,
Caddy McKeown,State House,9,DEM,Lincoln,16 Depoe Bay,
Write-Ins,State House,9,DEM,Lincoln,16 Depoe Bay,
Overvotes,State House,9,DEM,Lincoln,16 Depoe Bay,
Undervotes,State House,9,DEM,Lincoln,16 Depoe Bay,
David Gomberg,State House,10,DEM,Lincoln,16 Depoe Bay,199
Write Ins,State House,10,DEM,Lincoln,16 Depoe Bay,6
Overvotes,State House,10,DEM,Lincoln,16 Depoe Bay,0
Undervotes,State House,10,DEM,Lincoln,16 Depoe Bay,53
Robert L Reynolds,U.S. House,5,REP,Lincoln,16 Depoe Bay,14
Mark Callahan,U.S. House,5,REP,Lincoln,16 Depoe Bay,85
Joey Nations,U.S. House,5,REP,Lincoln,16 Depoe Bay,41
Write Ins,U.S. House,5,REP,Lincoln,16 Depoe Bay,2
Overvotes,U.S. House,5,REP,Lincoln,16 Depoe Bay,0
Undervotes,U.S. House,5,REP,Lincoln,16 Depoe Bay,33
Knute Buehler,Governor,,REP,Lincoln,16 Depoe Bay,90
Keenen W Bohach,Governor,,REP,Lincoln,16 Depoe Bay,0
Greg C Wooldridge,Governor,,REP,Lincoln,16 Depoe Bay,26
Jonathan I Edwards III,Governor,,REP,Lincoln,16 Depoe Bay,0
David W Stauffer,Governor,,REP,Lincoln,16 Depoe Bay,1
Jeff Smith,Governor,,REP,Lincoln,16 Depoe Bay,1
Jack W Tacy,Governor,,REP,Lincoln,16 Depoe Bay,1
Brett Hyland,Governor,,REP,Lincoln,16 Depoe Bay,1
Bruce Cuff,Governor,,REP,Lincoln,16 Depoe Bay,2
Sam Carpenter,Governor,,REP,Lincoln,16 Depoe Bay,44
Write Ins,Governor,,REP,Lincoln,16 Depoe Bay,2
Overvotes,Governor,,REP,Lincoln,16 Depoe Bay,0
Undervotes,Governor,,REP,Lincoln,16 Depoe Bay,7
Teri Grler,State House,9,REP,Lincoln,16 Depoe Bay,
Write Ins,State House,9,REP,Lincoln,16 Depoe Bay,
Overvotes,State House,9,REP,Lincoln,16 Depoe Bay,
Undervotes,State House,9,REP,Lincoln,16 Depoe Bay,
Thomas M Donohue,State House,10,REP,Lincoln,16 Depoe Bay,117
Write Ins,State House,10,REP,Lincoln,16 Depoe Bay,3
Overvotes,State House,10,REP,Lincoln,16 Depoe Bay,0
Undervotes,State House,10,REP,Lincoln,16 Depoe Bay,55
Peter Wright,U.S. House,5,DEM,Lincoln,17 Fogarty,41
Kurt Schrader,U.S. House,5,DEM,Lincoln,17 Fogarty,193
Write Ins,U.S. House,5,DEM,Lincoln,17 Fogarty,1
Overvotes,U.S. House,5,DEM,Lincoln,17 Fogarty,0
Undervotes,U.S. House,5,DEM,Lincoln,17 Fogarty,26
Ed Jones,Governor,,DEM,Lincoln,17 Fogarty,26
Kate Brown,Governor,,DEM,Lincoln,17 Fogarty,204
Candace Neville,Governor,,DEM,Lincoln,17 Fogarty,15
Write-Ins,Governor,,DEM,Lincoln,17 Fogarty,9
Overvotes,Governor,,DEM,Lincoln,17 Fogarty,0
Undervotes,Governor,,DEM,Lincoln,17 Fogarty,7
Mark Dally,State House,9,DEM,Lincoln,17 Fogarty,
Caddy McKeown,State House,9,DEM,Lincoln,17 Fogarty,
Write-Ins,State House,9,DEM,Lincoln,17 Fogarty,
Overvotes,State House,9,DEM,Lincoln,17 Fogarty,
Undervotes,State House,9,DEM,Lincoln,17 Fogarty,
David Gomberg,State House,10,DEM,Lincoln,17 Fogarty,200
Write Ins,State House,10,DEM,Lincoln,17 Fogarty,3
Overvotes,State House,10,DEM,Lincoln,17 Fogarty,0
Undervotes,State House,10,DEM,Lincoln,17 Fogarty,58
Robert L Reynolds,U.S. House,5,REP,Lincoln,17 Fogarty,26
Mark Callahan,U.S. House,5,REP,Lincoln,17 Fogarty,85
Joey Nations,U.S. House,5,REP,Lincoln,17 Fogarty,26
Write Ins,U.S. House,5,REP,Lincoln,17 Fogarty,2
Overvotes,U.S. House,5,REP,Lincoln,17 Fogarty,0
Undervotes,U.S. House,5,REP,Lincoln,17 Fogarty,34
Knute Buehler,Governor,,REP,Lincoln,17 Fogarty,90
Keenen W Bohach,Governor,,REP,Lincoln,17 Fogarty,2
Greg C Wooldridge,Governor,,REP,Lincoln,17 Fogarty,23
Jonathan I Edwards III,Governor,,REP,Lincoln,17 Fogarty,1
David W Stauffer,Governor,,REP,Lincoln,17 Fogarty,1
Jeff Smith,Governor,,REP,Lincoln,17 Fogarty,4
Jack W Tacy,Governor,,REP,Lincoln,17 Fogarty,0
Brett Hyland,Governor,,REP,Lincoln,17 Fogarty,0
Bruce Cuff,Governor,,REP,Lincoln,17 Fogarty,3
Sam Carpenter,Governor,,REP,Lincoln,17 Fogarty,39
Write Ins,Governor,,REP,Lincoln,17 Fogarty,2
Overvotes,Governor,,REP,Lincoln,17 Fogarty,0
Undervotes,Governor,,REP,Lincoln,17 Fogarty,8
Teri Grler,State House,9,REP,Lincoln,17 Fogarty,
Write Ins,State House,9,REP,Lincoln,17 Fogarty,
Overvotes,State House,9,REP,Lincoln,17 Fogarty,
Undervotes,State House,9,REP,Lincoln,17 Fogarty,
Thomas M Donohue,State House,10,REP,Lincoln,17 Fogarty,88
Write Ins,State House,10,REP,Lincoln,17 Fogarty,1
Overvotes,State House,10,REP,Lincoln,17 Fogarty,0
Undervotes,State House,10,REP,Lincoln,17 Fogarty,84
Peter Wright,U.S. House,5,DEM,Lincoln,18 Kern,42
Kurt Schrader,U.S. House,5,DEM,Lincoln,18 Kern,210
Write Ins,U.S. House,5,DEM,Lincoln,18 Kern,1
Overvotes,U.S. House,5,DEM,Lincoln,18 Kern,0
Undervotes,U.S. House,5,DEM,Lincoln,18 Kern,21
Ed Jones,Governor,,DEM,Lincoln,18 Kern,32
Kate Brown,Governor,,DEM,Lincoln,18 Kern,200
Candace Neville,Governor,,DEM,Lincoln,18 Kern,25
Write-Ins,Governor,,DEM,Lincoln,18 Kern,5
Overvotes,Governor,,DEM,Lincoln,18 Kern,0
Undervotes,Governor,,DEM,Lincoln,18 Kern,12
Mark Dally,State House,9,DEM,Lincoln,18 Kern,
Caddy McKeown,State House,9,DEM,Lincoln,18 Kern,
Write-Ins,State House,9,DEM,Lincoln,18 Kern,
Overvotes,State House,9,DEM,Lincoln,18 Kern,
Undervotes,State House,9,DEM,Lincoln,18 Kern,
David Gomberg,State House,10,DEM,Lincoln,18 Kern,210
Write Ins,State House,10,DEM,Lincoln,18 Kern,2
Overvotes,State House,10,DEM,Lincoln,18 Kern,0
Undervotes,State House,10,DEM,Lincoln,18 Kern,62
Robert L Reynolds,U.S. House,5,REP,Lincoln,18 Kern,16
Mark Callahan,U.S. House,5,REP,Lincoln,18 Kern,64
Joey Nations,U.S. House,5,REP,Lincoln,18 Kern,28
Write Ins,U.S. House,5,REP,Lincoln,18 Kern,1
Overvotes,U.S. House,5,REP,Lincoln,18 Kern,0
Undervotes,U.S. House,5,REP,Lincoln,18 Kern,38
Knute Buehler,Governor,,REP,Lincoln,18 Kern,90
Keenen W Bohach,Governor,,REP,Lincoln,18 Kern,1
Greg C Wooldridge,Governor,,REP,Lincoln,18 Kern,22
Jonathan I Edwards III,Governor,,REP,Lincoln,18 Kern,0
David W Stauffer,Governor,,REP,Lincoln,18 Kern,1
Jeff Smith,Governor,,REP,Lincoln,18 Kern,1
Jack W Tacy,Governor,,REP,Lincoln,18 Kern,0
Brett Hyland,Governor,,REP,Lincoln,18 Kern,0
Bruce Cuff,Governor,,REP,Lincoln,18 Kern,0
Sam Carpenter,Governor,,REP,Lincoln,18 Kern,22
Write Ins,Governor,,REP,Lincoln,18 Kern,2
Overvotes,Governor,,REP,Lincoln,18 Kern,0
Undervotes,Governor,,REP,Lincoln,18 Kern,8
Teri Grler,State House,9,REP,Lincoln,18 Kern,
Write Ins,State House,9,REP,Lincoln,18 Kern,
Overvotes,State House,9,REP,Lincoln,18 Kern,
Undervotes,State House,9,REP,Lincoln,18 Kern,
Thomas M Donohue,State House,10,REP,Lincoln,18 Kern,98
Write Ins,State House,10,REP,Lincoln,18 Kern,1
Overvotes,State House,10,REP,Lincoln,18 Kern,0
Undervotes,State House,10,REP,Lincoln,18 Kern,48
Peter Wright,U.S. House,5,DEM,Lincoln,19 Schooner Ck,31
Kurt Schrader,U.S. House,5,DEM,Lincoln,19 Schooner Ck,207
Write Ins,U.S. House,5,DEM,Lincoln,19 Schooner Ck,4
Overvotes,U.S. House,5,DEM,Lincoln,19 Schooner Ck,0
Undervotes,U.S. House,5,DEM,Lincoln,19 Schooner Ck,21
Ed Jones,Governor,,DEM,Lincoln,19 Schooner Ck,35
Kate Brown,Governor,,DEM,Lincoln,19 Schooner Ck,188
Candace Neville,Governor,,DEM,Lincoln,19 Schooner Ck,23
Write-Ins,Governor,,DEM,Lincoln,19 Schooner Ck,7
Overvotes,Governor,,DEM,Lincoln,19 Schooner Ck,0
Undervotes,Governor,,DEM,Lincoln,19 Schooner Ck,10
Mark Dally,State House,9,DEM,Lincoln,19 Schooner Ck,
Caddy McKeown,State House,9,DEM,Lincoln,19 Schooner Ck,
Write-Ins,State House,9,DEM,Lincoln,19 Schooner Ck,
Overvotes,State House,9,DEM,Lincoln,19 Schooner Ck,
Undervotes,State House,9,DEM,Lincoln,19 Schooner Ck,
David Gomberg,State House,10,DEM,Lincoln,19 Schooner Ck,211
Write Ins,State House,10,DEM,Lincoln,19 Schooner Ck,2
Overvotes,State House,10,DEM,Lincoln,19 Schooner Ck,0
Undervotes,State House,10,DEM,Lincoln,19 Schooner Ck,50
Robert L Reynolds,U.S. House,5,REP,Lincoln,19 Schooner Ck,20
Mark Callahan,U.S. House,5,REP,Lincoln,19 Schooner Ck,86
Joey Nations,U.S. House,5,REP,Lincoln,19 Schooner Ck,29
Write Ins,U.S. House,5,REP,Lincoln,19 Schooner Ck,4
Overvotes,U.S. House,5,REP,Lincoln,19 Schooner Ck,0
Undervotes,U.S. House,5,REP,Lincoln,19 Schooner Ck,52
Knute Buehler,Governor,,REP,Lincoln,19 Schooner Ck,79
Keenen W Bohach,Governor,,REP,Lincoln,19 Schooner Ck,2
Greg C Wooldridge,Governor,,REP,Lincoln,19 Schooner Ck,35
Jonathan I Edwards III,Governor,,REP,Lincoln,19 Schooner Ck,2
David W Stauffer,Governor,,REP,Lincoln,19 Schooner Ck,3
Jeff Smith,Governor,,REP,Lincoln,19 Schooner Ck,4
Jack W Tacy,Governor,,REP,Lincoln,19 Schooner Ck,0
Brett Hyland,Governor,,REP,Lincoln,19 Schooner Ck,1
Bruce Cuff,Governor,,REP,Lincoln,19 Schooner Ck,3
Sam Carpenter,Governor,,REP,Lincoln,19 Schooner Ck,49
Write Ins,Governor,,REP,Lincoln,19 Schooner Ck,1
Overvotes,Governor,,REP,Lincoln,19 Schooner Ck,0
Undervotes,Governor,,REP,Lincoln,19 Schooner Ck,12
Teri Grler,State House,9,REP,Lincoln,19 Schooner Ck,
Write Ins,State House,9,REP,Lincoln,19 Schooner Ck,
Overvotes,State House,9,REP,Lincoln,19 Schooner Ck,
Undervotes,State House,9,REP,Lincoln,19 Schooner Ck,
Thomas M Donohue,State House,10,REP,Lincoln,19 Schooner Ck,105
Write Ins,State House,10,REP,Lincoln,19 Schooner Ck,4
Overvotes,State House,10,REP,Lincoln,19 Schooner Ck,0
Undervotes,State House,10,REP,Lincoln,19 Schooner Ck,82
Peter Wright,U.S. House,5,DEM,Lincoln,20 Delake,53
Kurt Schrader,U.S. House,5,DEM,Lincoln,20 Delake,277
Write Ins,U.S. House,5,DEM,Lincoln,20 Delake,1
Overvotes,U.S. House,5,DEM,Lincoln,20 Delake,0
Undervotes,U.S. House,5,DEM,Lincoln,20 Delake,16
Ed Jones,Governor,,DEM,Lincoln,20 Delake,32
Kate Brown,Governor,,DEM,Lincoln,20 Delake,267
Candace Neville,Governor,,DEM,Lincoln,20 Delake,27
Write-Ins,Governor,,DEM,Lincoln,20 Delake,7
Overvotes,Governor,,DEM,Lincoln,20 Delake,0
Undervotes,Governor,,DEM,Lincoln,20 Delake,14
Mark Dally,State House,9,DEM,Lincoln,20 Delake,
Caddy McKeown,State House,9,DEM,Lincoln,20 Delake,
Write-Ins,State House,9,DEM,Lincoln,20 Delake,
Overvotes,State House,9,DEM,Lincoln,20 Delake,
Undervotes,State House,9,DEM,Lincoln,20 Delake,
David Gomberg,State House,10,DEM,Lincoln,20 Delake,269
Write Ins,State House,10,DEM,Lincoln,20 Delake,2
Overvotes,State House,10,DEM,Lincoln,20 Delake,0
Undervotes,State House,10,DEM,Lincoln,20 Delake,76
Robert L Reynolds,U.S. House,5,REP,Lincoln,20 Delake,24
Mark Callahan,U.S. House,5,REP,Lincoln,20 Delake,88
Joey Nations,U.S. House,5,REP,Lincoln,20 Delake,43
Write Ins,U.S. House,5,REP,Lincoln,20 Delake,1
Overvotes,U.S. House,5,REP,Lincoln,20 Delake,0
Undervotes,U.S. House,5,REP,Lincoln,20 Delake,36
Knute Buehler,Governor,,REP,Lincoln,20 Delake,83
Keenen W Bohach,Governor,,REP,Lincoln,20 Delake,0
Greg C Wooldridge,Governor,,REP,Lincoln,20 Delake,36
Jonathan I Edwards III,Governor,,REP,Lincoln,20 Delake,0
David W Stauffer,Governor,,REP,Lincoln,20 Delake,2
Jeff Smith,Governor,,REP,Lincoln,20 Delake,10
Jack W Tacy,Governor,,REP,Lincoln,20 Delake,0
Brett Hyland,Governor,,REP,Lincoln,20 Delake,1
Bruce Cuff,Governor,,REP,Lincoln,20 Delake,1
Sam Carpenter,Governor,,REP,Lincoln,20 Delake,43
Write Ins,Governor,,REP,Lincoln,20 Delake,2
Overvotes,Governor,,REP,Lincoln,20 Delake,0
Undervotes,Governor,,REP,Lincoln,20 Delake,14
Teri Grler,State House,9,REP,Lincoln,20 Delake,
Write Ins,State House,9,REP,Lincoln,20 Delake,
Overvotes,State House,9,REP,Lincoln,20 Delake,
Undervotes,State House,9,REP,Lincoln,20 Delake,
Thomas M Donohue,State House,10,REP,Lincoln,20 Delake,126
Write Ins,State House,10,REP,Lincoln,20 Delake,1
Overvotes,State House,10,REP,Lincoln,20 Delake,0
Undervotes,State House,10,REP,Lincoln,20 Delake,65
Peter Wright,U.S. House,5,DEM,Lincoln,21 Oceanlake,38
Kurt Schrader,U.S. House,5,DEM,Lincoln,21 Oceanlake,222
Write Ins,U.S. House,5,DEM,Lincoln,21 Oceanlake,1
Overvotes,U.S. House,5,DEM,Lincoln,21 Oceanlake,0
Undervotes,U.S. House,5,DEM,Lincoln,21 Oceanlake,26
Ed Jones,Governor,,DEM,Lincoln,21 Oceanlake,33
Kate Brown,Governor,,DEM,Lincoln,21 Oceanlake,212
Candace Neville,Governor,,DEM,Lincoln,21 Oceanlake,29
Write-Ins,Governor,,DEM,Lincoln,21 Oceanlake,3
Overvotes,Governor,,DEM,Lincoln,21 Oceanlake,0
Undervotes,Governor,,DEM,Lincoln,21 Oceanlake,10
Mark Dally,State House,9,DEM,Lincoln,21 Oceanlake,
Caddy McKeown,State House,9,DEM,Lincoln,21 Oceanlake,
Write-Ins,State House,9,DEM,Lincoln,21 Oceanlake,
Overvotes,State House,9,DEM,Lincoln,21 Oceanlake,
Undervotes,State House,9,DEM,Lincoln,21 Oceanlake,
David Gomberg,State House,10,DEM,Lincoln,21 Oceanlake,210
Write Ins,State House,10,DEM,Lincoln,21 Oceanlake,4
Overvotes,State House,10,DEM,Lincoln,21 Oceanlake,0
Undervotes,State House,10,DEM,Lincoln,21 Oceanlake,73
Robert L Reynolds,U.S. House,5,REP,Lincoln,21 Oceanlake,20
Mark Callahan,U.S. House,5,REP,Lincoln,21 Oceanlake,76
Joey Nations,U.S. House,5,REP,Lincoln,21 Oceanlake,36
Write Ins,U.S. House,5,REP,Lincoln,21 Oceanlake,0
Overvotes,U.S. House,5,REP,Lincoln,21 Oceanlake,0
Undervotes,U.S. House,5,REP,Lincoln,21 Oceanlake,33
Knute Buehler,Governor,,REP,Lincoln,21 Oceanlake,69
Keenen W Bohach,Governor,,REP,Lincoln,21 Oceanlake,0
Greg C Wooldridge,Governor,,REP,Lincoln,21 Oceanlake,37
Jonathan I Edwards III,Governor,,REP,Lincoln,21 Oceanlake,0
David W Stauffer,Governor,,REP,Lincoln,21 Oceanlake,2
Jeff Smith,Governor,,REP,Lincoln,21 Oceanlake,4
Jack W Tacy,Governor,,REP,Lincoln,21 Oceanlake,1
Brett Hyland,Governor,,REP,Lincoln,21 Oceanlake,0
Bruce Cuff,Governor,,REP,Lincoln,21 Oceanlake,5
Sam Carpenter,Governor,,REP,Lincoln,21 Oceanlake,36
Write Ins,Governor,,REP,Lincoln,21 Oceanlake,1
Overvotes,Governor,,REP,Lincoln,21 Oceanlake,1
Undervotes,Governor,,REP,Lincoln,21 Oceanlake,9
Teri Grler,State House,9,REP,Lincoln,21 Oceanlake,
Write Ins,State House,9,REP,Lincoln,21 Oceanlake,
Overvotes,State House,9,REP,Lincoln,21 Oceanlake,
Undervotes,State House,9,REP,Lincoln,21 Oceanlake,
Thomas M Donohue,State House,10,REP,Lincoln,21 Oceanlake,102
Write Ins,State House,10,REP,Lincoln,21 Oceanlake,1
Overvotes,State House,10,REP,Lincoln,21 Oceanlake,0
Undervotes,State House,10,REP,Lincoln,21 Oceanlake,62
Peter Wright,U.S. House,5,DEM,Lincoln,22 Sunset West,39
Kurt Schrader,U.S. House,5,DEM,Lincoln,22 Sunset West,309
Write Ins,U.S. House,5,DEM,Lincoln,22 Sunset West,0
Overvotes,U.S. House,5,DEM,Lincoln,22 Sunset West,0
Undervotes,U.S. House,5,DEM,Lincoln,22 Sunset West,29
Ed Jones,Governor,,DEM,Lincoln,22 Sunset West,39
Kate Brown,Governor,,DEM,Lincoln,22 Sunset West,285
Candace Neville,Governor,,DEM,Lincoln,22 Sunset West,27
Write-Ins,Governor,,DEM,Lincoln,22 Sunset West,4
Overvotes,Governor,,DEM,Lincoln,22 Sunset West,0
Undervotes,Governor,,DEM,Lincoln,22 Sunset West,22
Mark Dally,State House,9,DEM,Lincoln,22 Sunset West,
Caddy McKeown,State House,9,DEM,Lincoln,22 Sunset West,
Write-Ins,State House,9,DEM,Lincoln,22 Sunset West,
Overvotes,State House,9,DEM,Lincoln,22 Sunset West,
Undervotes,State House,9,DEM,Lincoln,22 Sunset West,
David Gomberg,State House,10,DEM,Lincoln,22 Sunset West,301
Write Ins,State House,10,DEM,Lincoln,22 Sunset West,1
Overvotes,State House,10,DEM,Lincoln,22 Sunset West,0
Undervotes,State House,10,DEM,Lincoln,22 Sunset West,75
Robert L Reynolds,U.S. House,5,REP,Lincoln,22 Sunset West,26
Mark Callahan,U.S. House,5,REP,Lincoln,22 Sunset West,118
Joey Nations,U.S. House,5,REP,Lincoln,22 Sunset West,44
Write Ins,U.S. House,5,REP,Lincoln,22 Sunset West,3
Overvotes,U.S. House,5,REP,Lincoln,22 Sunset West,1
Undervotes,U.S. House,5,REP,Lincoln,22 Sunset West,59
Knute Buehler,Governor,,REP,Lincoln,22 Sunset West,109
Keenen W Bohach,Governor,,REP,Lincoln,22 Sunset West,1
Greg C Wooldridge,Governor,,REP,Lincoln,22 Sunset West,39
Jonathan I Edwards III,Governor,,REP,Lincoln,22 Sunset West,0
David W Stauffer,Governor,,REP,Lincoln,22 Sunset West,6
Jeff Smith,Governor,,REP,Lincoln,22 Sunset West,9
Jack W Tacy,Governor,,REP,Lincoln,22 Sunset West,0
Brett Hyland,Governor,,REP,Lincoln,22 Sunset West,0
Bruce Cuff,Governor,,REP,Lincoln,22 Sunset West,3
Sam Carpenter,Governor,,REP,Lincoln,22 Sunset West,61
Write Ins,Governor,,REP,Lincoln,22 Sunset West,3
Overvotes,Governor,,REP,Lincoln,22 Sunset West,0
Undervotes,Governor,,REP,Lincoln,22 Sunset West,20
Teri Grler,State House,9,REP,Lincoln,22 Sunset West,
Write Ins,State House,9,REP,Lincoln,22 Sunset West,
Overvotes,State House,9,REP,Lincoln,22 Sunset West,
Undervotes,State House,9,REP,Lincoln,22 Sunset West,
Thomas M Donohue,State House,10,REP,Lincoln,22 Sunset West,145
Write Ins,State House,10,REP,Lincoln,22 Sunset West,7
Overvotes,State House,10,REP,Lincoln,22 Sunset West,0
Undervotes,State House,10,REP,Lincoln,22 Sunset West,99
Peter Wright,U.S. House,5,DEM,Lincoln,23 Sunset East,27
Kurt Schrader,U.S. House,5,DEM,Lincoln,23 Sunset East,157
Write Ins,U.S. House,5,DEM,Lincoln,23 Sunset East,1
Overvotes,U.S. House,5,DEM,Lincoln,23 Sunset East,1
Undervotes,U.S. House,5,DEM,Lincoln,23 Sunset East,8
Ed Jones,Governor,,DEM,Lincoln,23 Sunset East,34
Kate Brown,Governor,,DEM,Lincoln,23 Sunset East,130
Candace Neville,Governor,,DEM,Lincoln,23 Sunset East,18
Write-Ins,Governor,,DEM,Lincoln,23 Sunset East,3
Overvotes,Governor,,DEM,Lincoln,23 Sunset East,0
Undervotes,Governor,,DEM,Lincoln,23 Sunset East,9
Mark Dally,State House,9,DEM,Lincoln,23 Sunset East,
Caddy McKeown,State House,9,DEM,Lincoln,23 Sunset East,
Write-Ins,State House,9,DEM,Lincoln,23 Sunset East,
Overvotes,State House,9,DEM,Lincoln,23 Sunset East,
Undervotes,State House,9,DEM,Lincoln,23 Sunset East,
David Gomberg,State House,10,DEM,Lincoln,23 Sunset East,159
Write Ins,State House,10,DEM,Lincoln,23 Sunset East,4
Overvotes,State House,10,DEM,Lincoln,23 Sunset East,0
Undervotes,State House,10,DEM,Lincoln,23 Sunset East,31
Robert L Reynolds,U.S. House,5,REP,Lincoln,23 Sunset East,28
Mark Callahan,U.S. House,5,REP,Lincoln,23 Sunset East,74
Joey Nations,U.S. House,5,REP,Lincoln,23 Sunset East,15
Write Ins,U.S. House,5,REP,Lincoln,23 Sunset East,1
Overvotes,U.S. House,5,REP,Lincoln,23 Sunset East,0
Undervotes,U.S. House,5,REP,Lincoln,23 Sunset East,20
Knute Buehler,Governor,,REP,Lincoln,23 Sunset East,50
Keenen W Bohach,Governor,,REP,Lincoln,23 Sunset East,0
Greg C Wooldridge,Governor,,REP,Lincoln,23 Sunset East,28
Jonathan I Edwards III,Governor,,REP,Lincoln,23 Sunset East,1
David W Stauffer,Governor,,REP,Lincoln,23 Sunset East,1
Jeff Smith,Governor,,REP,Lincoln,23 Sunset East,4
Jack W Tacy,Governor,,REP,Lincoln,23 Sunset East,0
Brett Hyland,Governor,,REP,Lincoln,23 Sunset East,1
Bruce Cuff,Governor,,REP,Lincoln,23 Sunset East,3
Sam Carpenter,Governor,,REP,Lincoln,23 Sunset East,40
Write Ins,Governor,,REP,Lincoln,23 Sunset East,0
Overvotes,Governor,,REP,Lincoln,23 Sunset East,0
Undervotes,Governor,,REP,Lincoln,23 Sunset East,10
Teri Grler,State House,9,REP,Lincoln,23 Sunset East,
Write Ins,State House,9,REP,Lincoln,23 Sunset East,
Overvotes,State House,9,REP,Lincoln,23 Sunset East,
Undervotes,State House,9,REP,Lincoln,23 Sunset East,
Thomas M Donohue,State House,10,REP,Lincoln,23 Sunset East,90
Write Ins,State House,10,REP,Lincoln,23 Sunset East,2
Overvotes,State House,10,REP,Lincoln,23 Sunset East,0
Undervotes,State House,10,REP,Lincoln,23 Sunset East,46
Peter Wright,U.S. House,5,DEM,Lincoln,24 Rose Lodge,26
Kurt Schrader,U.S. House,5,DEM,Lincoln,24 Rose Lodge,86
Write Ins,U.S. House,5,DEM,Lincoln,24 Rose Lodge,3
Overvotes,U.S. House,5,DEM,Lincoln,24 Rose Lodge,0
Undervotes,U.S. House,5,DEM,Lincoln,24 Rose Lodge,14
Ed Jones,Governor,,DEM,Lincoln,24 Rose Lodge,19
Kate Brown,Governor,,DEM,Lincoln,24 Rose Lodge,82
Candace Neville,Governor,,DEM,Lincoln,24 Rose Lodge,18
Write-Ins,Governor,,DEM,Lincoln,24 Rose Lodge,3
Overvotes,Governor,,DEM,Lincoln,24 Rose Lodge,0
Undervotes,Governor,,DEM,Lincoln,24 Rose Lodge,7
Mark Dally,State House,9,DEM,Lincoln,24 Rose Lodge,
Caddy McKeown,State House,9,DEM,Lincoln,24 Rose Lodge,
Write-Ins,State House,9,DEM,Lincoln,24 Rose Lodge,
Overvotes,State House,9,DEM,Lincoln,24 Rose Lodge,
Undervotes,State House,9,DEM,Lincoln,24 Rose Lodge,
David Gomberg,State House,10,DEM,Lincoln,24 Rose Lodge,102
Write Ins,State House,10,DEM,Lincoln,24 Rose Lodge,1
Overvotes,State House,10,DEM,Lincoln,24 Rose Lodge,0
Undervotes,State House,10,DEM,Lincoln,24 Rose Lodge,26
Robert L Reynolds,U.S. House,5,REP,Lincoln,24 Rose Lodge,13
Mark Callahan,U.S. House,5,REP,Lincoln,24 Rose Lodge,47
Joey Nations,U.S. House,5,REP,Lincoln,24 Rose Lodge,15
Write Ins,U.S. House,5,REP,Lincoln,24 Rose Lodge,2
Overvotes,U.S. House,5,REP,Lincoln,24 Rose Lodge,0
Undervotes,U.S. House,5,REP,Lincoln,24 Rose Lodge,14
Knute Buehler,Governor,,REP,Lincoln,24 Rose Lodge,22
Keenen W Bohach,Governor,,REP,Lincoln,24 Rose Lodge,2
Greg C Wooldridge,Governor,,REP,Lincoln,24 Rose Lodge,12
Jonathan I Edwards III,Governor,,REP,Lincoln,24 Rose Lodge,0
David W Stauffer,Governor,,REP,Lincoln,24 Rose Lodge,1
Jeff Smith,Governor,,REP,Lincoln,24 Rose Lodge,1
Jack W Tacy,Governor,,REP,Lincoln,24 Rose Lodge,1
Brett Hyland,Governor,,REP,Lincoln,24 Rose Lodge,1
Bruce Cuff,Governor,,REP,Lincoln,24 Rose Lodge,3
Sam Carpenter,Governor,,REP,Lincoln,24 Rose Lodge,39
Write Ins,Governor,,REP,Lincoln,24 Rose Lodge,3
Overvotes,Governor,,REP,Lincoln,24 Rose Lodge,0
Undervotes,Governor,,REP,Lincoln,24 Rose Lodge,6
Teri Grler,State House,9,REP,Lincoln,24 Rose Lodge,
Write Ins,State House,9,REP,Lincoln,24 Rose Lodge,
Overvotes,State House,9,REP,Lincoln,24 Rose Lodge,
Undervotes,State House,9,REP,Lincoln,24 Rose Lodge,
Thomas M Donohue,State House,10,REP,Lincoln,24 Rose Lodge,52
Write Ins,State House,10,REP,Lincoln,24 Rose Lodge,2
Overvotes,State House,10,REP,Lincoln,24 Rose Lodge,0
Undervotes,State House,10,REP,Lincoln,24 Rose Lodge,37
Peter Wright,U.S. House,5,DEM,Lincoln,25 Big Elk,1
Kurt Schrader,U.S. House,5,DEM,Lincoln,25 Big Elk,4
Write Ins,U.S. House,5,DEM,Lincoln,25 Big Elk,0
Overvotes,U.S. House,5,DEM,Lincoln,25 Big Elk,0
Undervotes,U.S. House,5,DEM,Lincoln,25 Big Elk,0
Ed Jones,Governor,,DEM,Lincoln,25 Big Elk,1
Kate Brown,Governor,,DEM,Lincoln,25 Big Elk,3
Candace Neville,Governor,,DEM,Lincoln,25 Big Elk,1
Write-Ins,Governor,,DEM,Lincoln,25 Big Elk,0
Overvotes,Governor,,DEM,Lincoln,25 Big Elk,0
Undervotes,Governor,,DEM,Lincoln,25 Big Elk,0
Mark Dally,State House,9,DEM,Lincoln,25 Big Elk,
Caddy McKeown,State House,9,DEM,Lincoln,25 Big Elk,
Write-Ins,State House,9,DEM,Lincoln,25 Big Elk,
Overvotes,State House,9,DEM,Lincoln,25 Big Elk,
Undervotes,State House,9,DEM,Lincoln,25 Big Elk,
David Gomberg,State House,10,DEM,Lincoln,25 Big Elk,2
Write Ins,State House,10,DEM,Lincoln,25 Big Elk,0
Overvotes,State House,10,DEM,Lincoln,25 Big Elk,0
Undervotes,State House,10,DEM,Lincoln,25 Big Elk,3
Robert L Reynolds,U.S. House,5,REP,Lincoln,25 Big Elk,4
Mark Callahan,U.S. House,5,REP,Lincoln,25 Big Elk,5
Joey Nations,U.S. House,5,REP,Lincoln,25 Big Elk,1
Write Ins,U.S. House,5,REP,Lincoln,25 Big Elk,0
Overvotes,U.S. House,5,REP,Lincoln,25 Big Elk,0
Undervotes,U.S. House,5,REP,Lincoln,25 Big Elk,4
Knute Buehler,Governor,,REP,Lincoln,25 Big Elk,3
Keenen W Bohach,Governor,,REP,Lincoln,25 Big Elk,0
Greg C Wooldridge,Governor,,REP,Lincoln,25 Big Elk,3
Jonathan I Edwards III,Governor,,REP,Lincoln,25 Big Elk,0
David W Stauffer,Governor,,REP,Lincoln,25 Big Elk,0
Jeff Smith,Governor,,REP,Lincoln,25 Big Elk,0
Jack W Tacy,Governor,,REP,Lincoln,25 Big Elk,0
Brett Hyland,Governor,,REP,Lincoln,25 Big Elk,0
Bruce Cuff,Governor,,REP,Lincoln,25 Big Elk,0
Sam Carpenter,Governor,,REP,Lincoln,25 Big Elk,8
Write Ins,Governor,,REP,Lincoln,25 Big Elk,0
Overvotes,Governor,,REP,Lincoln,25 Big Elk,0
Undervotes,Governor,,REP,Lincoln,25 Big Elk,0
Teri Grler,State House,9,REP,Lincoln,25 Big Elk,
Write Ins,State House,9,REP,Lincoln,25 Big Elk,
Overvotes,State House,9,REP,Lincoln,25 Big Elk,
Undervotes,State House,9,REP,Lincoln,25 Big Elk,
Thomas M Donohue,State House,10,REP,Lincoln,25 Big Elk,7
Write Ins,State House,10,REP,Lincoln,25 Big Elk,0
Overvotes,State House,10,REP,Lincoln,25 Big Elk,0
Undervotes,State House,10,REP,Lincoln,25 Big Elk,7
Peter Wright,U.S. House,5,DEM,Lincoln,26 Elk City,5
Kurt Schrader,U.S. House,5,DEM,Lincoln,26 Elk City,8
Write Ins,U.S. House,5,DEM,Lincoln,26 Elk City,1
Overvotes,U.S. House,5,DEM,Lincoln,26 Elk City,0
Undervotes,U.S. House,5,DEM,Lincoln,26 Elk City,6
Ed Jones,Governor,,DEM,Lincoln,26 Elk City,7
Kate Brown,Governor,,DEM,Lincoln,26 Elk City,4
Candace Neville,Governor,,DEM,Lincoln,26 Elk City,5
Write-Ins,Governor,,DEM,Lincoln,26 Elk City,0
Overvotes,Governor,,DEM,Lincoln,26 Elk City,0
Undervotes,Governor,,DEM,Lincoln,26 Elk City,4
Mark Dally,State House,9,DEM,Lincoln,26 Elk City,
Caddy McKeown,State House,9,DEM,Lincoln,26 Elk City,
Write-Ins,State House,9,DEM,Lincoln,26 Elk City,
Overvotes,State House,9,DEM,Lincoln,26 Elk City,
Undervotes,State House,9,DEM,Lincoln,26 Elk City,
David Gomberg,State House,10,DEM,Lincoln,26 Elk City,7
Write Ins,State House,10,DEM,Lincoln,26 Elk City,1
Overvotes,State House,10,DEM,Lincoln,26 Elk City,0
Undervotes,State House,10,DEM,Lincoln,26 Elk City,12
Robert L Reynolds,U.S. House,5,REP,Lincoln,26 Elk City,2
Mark Callahan,U.S. House,5,REP,Lincoln,26 Elk City,7
Joey Nations,U.S. House,5,REP,Lincoln,26 Elk City,2
Write Ins,U.S. House,5,REP,Lincoln,26 Elk City,0
Overvotes,U.S. House,5,REP,Lincoln,26 Elk City,0
Undervotes,U.S. House,5,REP,Lincoln,26 Elk City,4
Knute Buehler,Governor,,REP,Lincoln,26 Elk City,3
Keenen W Bohach,Governor,,REP,Lincoln,26 Elk City,0
Greg C Wooldridge,Governor,,REP,Lincoln,26 Elk City,2
Jonathan I Edwards III,Governor,,REP,Lincoln,26 Elk City,0
David W Stauffer,Governor,,REP,Lincoln,26 Elk City,0
Jeff Smith,Governor,,REP,Lincoln,26 Elk City,1
Jack W Tacy,Governor,,REP,Lincoln,26 Elk City,0
Brett Hyland,Governor,,REP,Lincoln,26 Elk City,0
Bruce Cuff,Governor,,REP,Lincoln,26 Elk City,0
Sam Carpenter,Governor,,REP,Lincoln,26 Elk City,7
Write Ins,Governor,,REP,Lincoln,26 Elk City,0
Overvotes,Governor,,REP,Lincoln,26 Elk City,0
Undervotes,Governor,,REP,Lincoln,26 Elk City,2
Teri Grler,State House,9,REP,Lincoln,26 Elk City,
Write Ins,State House,9,REP,Lincoln,26 Elk City,
Overvotes,State House,9,REP,Lincoln,26 Elk City,
Undervotes,State House,9,REP,Lincoln,26 Elk City,
Thomas M Donohue,State House,10,REP,Lincoln,26 Elk City,7
Write Ins,State House,10,REP,Lincoln,26 Elk City,0
Overvotes,State House,10,REP,Lincoln,26 Elk City,0
Undervotes,State House,10,REP,Lincoln,26 Elk City,8
Peter Wright,U.S. House,5,DEM,Lincoln,27 Fruitvale,29
Kurt Schrader,U.S. House,5,DEM,Lincoln,27 Fruitvale,121
Write Ins,U.S. House,5,DEM,Lincoln,27 Fruitvale,1
Overvotes,U.S. House,5,DEM,Lincoln,27 Fruitvale,0
Undervotes,U.S. House,5,DEM,Lincoln,27 Fruitvale,19
Ed Jones,Governor,,DEM,Lincoln,27 Fruitvale,29
Kate Brown,Governor,,DEM,Lincoln,27 Fruitvale,107
Candace Neville,Governor,,DEM,Lincoln,27 Fruitvale,20
Write-Ins,Governor,,DEM,Lincoln,27 Fruitvale,4
Overvotes,Governor,,DEM,Lincoln,27 Fruitvale,0
Undervotes,Governor,,DEM,Lincoln,27 Fruitvale,10
Mark Dally,State House,9,DEM,Lincoln,27 Fruitvale,
Caddy McKeown,State House,9,DEM,Lincoln,27 Fruitvale,
Write-Ins,State House,9,DEM,Lincoln,27 Fruitvale,
Overvotes,State House,9,DEM,Lincoln,27 Fruitvale,
Undervotes,State House,9,DEM,Lincoln,27 Fruitvale,
David Gomberg,State House,10,DEM,Lincoln,27 Fruitvale,119
Write Ins,State House,10,DEM,Lincoln,27 Fruitvale,0
Overvotes,State House,10,DEM,Lincoln,27 Fruitvale,0
Undervotes,State House,10,DEM,Lincoln,27 Fruitvale,51
Robert L Reynolds,U.S. House,5,REP,Lincoln,27 Fruitvale,19
Mark Callahan,U.S. House,5,REP,Lincoln,27 Fruitvale,82
Joey Nations,U.S. House,5,REP,Lincoln,27 Fruitvale,18
Write Ins,U.S. House,5,REP,Lincoln,27 Fruitvale,1
Overvotes,U.S. House,5,REP,Lincoln,27 Fruitvale,0
Undervotes,U.S. House,5,REP,Lincoln,27 Fruitvale,37
Knute Buehler,Governor,,REP,Lincoln,27 Fruitvale,60
Keenen W Bohach,Governor,,REP,Lincoln,27 Fruitvale,0
Greg C Wooldridge,Governor,,REP,Lincoln,27 Fruitvale,24
Jonathan I Edwards III,Governor,,REP,Lincoln,27 Fruitvale,0
David W Stauffer,Governor,,REP,Lincoln,27 Fruitvale,2
Jeff Smith,Governor,,REP,Lincoln,27 Fruitvale,2
Jack W Tacy,Governor,,REP,Lincoln,27 Fruitvale,0
Brett Hyland,Governor,,REP,Lincoln,27 Fruitvale,1
Bruce Cuff,Governor,,REP,Lincoln,27 Fruitvale,7
Sam Carpenter,Governor,,REP,Lincoln,27 Fruitvale,51
Write Ins,Governor,,REP,Lincoln,27 Fruitvale,0
Overvotes,Governor,,REP,Lincoln,27 Fruitvale,0
Undervotes,Governor,,REP,Lincoln,27 Fruitvale,10
Teri Grler,State House,9,REP,Lincoln,27 Fruitvale,
Write Ins,State House,9,REP,Lincoln,27 Fruitvale,
Overvotes,State House,9,REP,Lincoln,27 Fruitvale,
Undervotes,State House,9,REP,Lincoln,27 Fruitvale,
Thomas M Donohue,State House,10,REP,Lincoln,27 Fruitvale,88
Write Ins,State House,10,REP,Lincoln,27 Fruitvale,1
Overvotes,State House,10,REP,Lincoln,27 Fruitvale,0
Undervotes,State House,10,REP,Lincoln,27 Fruitvale,68
Peter Wright,U.S. House,5,DEM,Lincoln,28 Eddyville,8
Kurt Schrader,U.S. House,5,DEM,Lincoln,28 Eddyville,55
Write Ins,U.S. House,5,DEM,Lincoln,28 Eddyville,2
Overvotes,U.S. House,5,DEM,Lincoln,28 Eddyville,0
Undervotes,U.S. House,5,DEM,Lincoln,28 Eddyville,9
Ed Jones,Governor,,DEM,Lincoln,28 Eddyville,5
Kate Brown,Governor,,DEM,Lincoln,28 Eddyville,53
Candace Neville,Governor,,DEM,Lincoln,28 Eddyville,11
Write-Ins,Governor,,DEM,Lincoln,28 Eddyville,1
Overvotes,Governor,,DEM,Lincoln,28 Eddyville,0
Undervotes,Governor,,DEM,Lincoln,28 Eddyville,4
Mark Dally,State House,9,DEM,Lincoln,28 Eddyville,
Caddy McKeown,State House,9,DEM,Lincoln,28 Eddyville,
Write-Ins,State House,9,DEM,Lincoln,28 Eddyville,
Overvotes,State House,9,DEM,Lincoln,28 Eddyville,
Undervotes,State House,9,DEM,Lincoln,28 Eddyville,
David Gomberg,State House,10,DEM,Lincoln,28 Eddyville,56
Write Ins,State House,10,DEM,Lincoln,28 Eddyville,0
Overvotes,State House,10,DEM,Lincoln,28 Eddyville,0
Undervotes,State House,10,DEM,Lincoln,28 Eddyville,18
Robert L Reynolds,U.S. House,5,REP,Lincoln,28 Eddyville,11
Mark Callahan,U.S. House,5,REP,Lincoln,28 Eddyville,29
Joey Nations,U.S. House,5,REP,Lincoln,28 Eddyville,11
Write Ins,U.S. House,5,REP,Lincoln,28 Eddyville,0
Overvotes,U.S. House,5,REP,Lincoln,28 Eddyville,0
Undervotes,U.S. House,5,REP,Lincoln,28 Eddyville,9
Knute Buehler,Governor,,REP,Lincoln,28 Eddyville,20
Keenen W Bohach,Governor,,REP,Lincoln,28 Eddyville,0
Greg C Wooldridge,Governor,,REP,Lincoln,28 Eddyville,11
Jonathan I Edwards III,Governor,,REP,Lincoln,28 Eddyville,0
David W Stauffer,Governor,,REP,Lincoln,28 Eddyville,1
Jeff Smith,Governor,,REP,Lincoln,28 Eddyville,0
Jack W Tacy,Governor,,REP,Lincoln,28 Eddyville,0
Brett Hyland,Governor,,REP,Lincoln,28 Eddyville,0
Bruce Cuff,Governor,,REP,Lincoln,28 Eddyville,4
Sam Carpenter,Governor,,REP,Lincoln,28 Eddyville,22
Write Ins,Governor,,REP,Lincoln,28 Eddyville,0
Overvotes,Governor,,REP,Lincoln,28 Eddyville,0
Undervotes,Governor,,REP,Lincoln,28 Eddyville,2
Teri Grler,State House,9,REP,Lincoln,28 Eddyville,
Write Ins,State House,9,REP,Lincoln,28 Eddyville,
Overvotes,State House,9,REP,Lincoln,28 Eddyville,
Undervotes,State House,9,REP,Lincoln,28 Eddyville,
Thomas M Donohue,State House,10,REP,Lincoln,28 Eddyville,36
Write Ins,State House,10,REP,Lincoln,28 Eddyville,1
Overvotes,State House,10,REP,Lincoln,28 Eddyville,0
Undervotes,State House,10,REP,Lincoln,28 Eddyville,23
Peter Wright,U.S. House,5,DEM,Lincoln,29 Siletz,40
Kurt Schrader,U.S. House,5,DEM,Lincoln,29 Siletz,225
Write Ins,U.S. House,5,DEM,Lincoln,29 Siletz,3
Overvotes,U.S. House,5,DEM,Lincoln,29 Siletz,0
Undervotes,U.S. House,5,DEM,Lincoln,29 Siletz,17
Ed Jones,Governor,,DEM,Lincoln,29 Siletz,42
Kate Brown,Governor,,DEM,Lincoln,29 Siletz,193
Candace Neville,Governor,,DEM,Lincoln,29 Siletz,28
Write-Ins,Governor,,DEM,Lincoln,29 Siletz,9
Overvotes,Governor,,DEM,Lincoln,29 Siletz,0
Undervotes,Governor,,DEM,Lincoln,29 Siletz,13
Mark Dally,State House,9,DEM,Lincoln,29 Siletz,
Caddy McKeown,State House,9,DEM,Lincoln,29 Siletz,
Write-Ins,State House,9,DEM,Lincoln,29 Siletz,
Overvotes,State House,9,DEM,Lincoln,29 Siletz,
Undervotes,State House,9,DEM,Lincoln,29 Siletz,
David Gomberg,State House,10,DEM,Lincoln,29 Siletz,213
Write Ins,State House,10,DEM,Lincoln,29 Siletz,3
Overvotes,State House,10,DEM,Lincoln,29 Siletz,0
Undervotes,State House,10,DEM,Lincoln,29 Siletz,69
Robert L Reynolds,U.S. House,5,REP,Lincoln,29 Siletz,19
Mark Callahan,U.S. House,5,REP,Lincoln,29 Siletz,104
Joey Nations,U.S. House,5,REP,Lincoln,29 Siletz,33
Write Ins,U.S. House,5,REP,Lincoln,29 Siletz,0
Overvotes,U.S. House,5,REP,Lincoln,29 Siletz,0
Undervotes,U.S. House,5,REP,Lincoln,29 Siletz,43
Knute Buehler,Governor,,REP,Lincoln,29 Siletz,77
Keenen W Bohach,Governor,,REP,Lincoln,29 Siletz,1
Greg C Wooldridge,Governor,,REP,Lincoln,29 Siletz,33
Jonathan I Edwards III,Governor,,REP,Lincoln,29 Siletz,3
David W Stauffer,Governor,,REP,Lincoln,29 Siletz,0
Jeff Smith,Governor,,REP,Lincoln,29 Siletz,4
Jack W Tacy,Governor,,REP,Lincoln,29 Siletz,0
Brett Hyland,Governor,,REP,Lincoln,29 Siletz,0
Bruce Cuff,Governor,,REP,Lincoln,29 Siletz,7
Sam Carpenter,Governor,,REP,Lincoln,29 Siletz,63
Write Ins,Governor,,REP,Lincoln,29 Siletz,1
Overvotes,Governor,,REP,Lincoln,29 Siletz,0
Undervotes,Governor,,REP,Lincoln,29 Siletz,10
Teri Grler,State House,9,REP,Lincoln,29 Siletz,
Write Ins,State House,9,REP,Lincoln,29 Siletz,
Overvotes,State House,9,REP,Lincoln,29 Siletz,
Undervotes,State House,9,REP,Lincoln,29 Siletz,
Thomas M Donohue,State House,10,REP,Lincoln,29 Siletz,105
Write Ins,State House,10,REP,Lincoln,29 Siletz,2
Overvotes,State House,10,REP,Lincoln,29 Siletz,0
Undervotes,State House,10,REP,Lincoln,29 Siletz,92
Peter Wright,U.S. House,5,DEM,Lincoln,30 Rock Creek,5
Kurt Schrader,U.S. House,5,DEM,Lincoln,30 Rock Creek,58
Write Ins,U.S. House,5,DEM,Lincoln,30 Rock Creek,0
Overvotes,U.S. House,5,DEM,Lincoln,30 Rock Creek,0
Undervotes,U.S. House,5,DEM,Lincoln,30 Rock Creek,3
Ed Jones,Governor,,DEM,Lincoln,30 Rock Creek,8
Kate Brown,Governor,,DEM,Lincoln,30 Rock Creek,51
Candace Neville,Governor,,DEM,Lincoln,30 Rock Creek,4
Write-Ins,Governor,,DEM,Lincoln,30 Rock Creek,1
Overvotes,Governor,,DEM,Lincoln,30 Rock Creek,0
Undervotes,Governor,,DEM,Lincoln,30 Rock Creek,2
Mark Dally,State House,9,DEM,Lincoln,30 Rock Creek,
Caddy McKeown,State House,9,DEM,Lincoln,30 Rock Creek,
Write-Ins,State House,9,DEM,Lincoln,30 Rock Creek,
Overvotes,State House,9,DEM,Lincoln,30 Rock Creek,
Undervotes,State House,9,DEM,Lincoln,30 Rock Creek,
David Gomberg,State House,10,DEM,Lincoln,30 Rock Creek,38
Write Ins,State House,10,DEM,Lincoln,30 Rock Creek,0
Overvotes,State House,10,DEM,Lincoln,30 Rock Creek,0
Undervotes,State House,10,DEM,Lincoln,30 Rock Creek,28
Robert L Reynolds,U.S. House,5,REP,Lincoln,30 Rock Creek,7
Mark Callahan,U.S. House,5,REP,Lincoln,30 Rock Creek,19
Joey Nations,U.S. House,5,REP,Lincoln,30 Rock Creek,8
Write Ins,U.S. House,5,REP,Lincoln,30 Rock Creek,0
Overvotes,U.S. House,5,REP,Lincoln,30 Rock Creek,0
Undervotes,U.S. House,5,REP,Lincoln,30 Rock Creek,2
Knute Buehler,Governor,,REP,Lincoln,30 Rock Creek,7
Keenen W Bohach,Governor,,REP,Lincoln,30 Rock Creek,0
Greg C Wooldridge,Governor,,REP,Lincoln,30 Rock Creek,13
Jonathan I Edwards III,Governor,,REP,Lincoln,30 Rock Creek,0
David W Stauffer,Governor,,REP,Lincoln,30 Rock Creek,0
Jeff Smith,Governor,,REP,Lincoln,30 Rock Creek,0
Jack W Tacy,Governor,,REP,Lincoln,30 Rock Creek,0
Brett Hyland,Governor,,REP,Lincoln,30 Rock Creek,1
Bruce Cuff,Governor,,REP,Lincoln,30 Rock Creek,2
Sam Carpenter,Governor,,REP,Lincoln,30 Rock Creek,13
Write Ins,Governor,,REP,Lincoln,30 Rock Creek,0
Overvotes,Governor,,REP,Lincoln,30 Rock Creek,0
Undervotes,Governor,,REP,Lincoln,30 Rock Creek,0
Teri Grler,State House,9,REP,Lincoln,30 Rock Creek,
Write Ins,State House,9,REP,Lincoln,30 Rock Creek,
Overvotes,State House,9,REP,Lincoln,30 Rock Creek,
Undervotes,State House,9,REP,Lincoln,30 Rock Creek,
Thomas M Donohue,State House,10,REP,Lincoln,30 Rock Creek,18
Write Ins,State House,10,REP,Lincoln,30 Rock Creek,0
Overvotes,State House,10,REP,Lincoln,30 Rock Creek,0
Undervotes,State House,10,REP,Lincoln,30 Rock Creek,18
Peter Wright,U.S. House,5,DEM,Lincoln,31 East Toledo,46
Kurt Schrader,U.S. House,5,DEM,Lincoln,31 East Toledo,175
Write Ins,U.S. House,5,DEM,Lincoln,31 East Toledo,2
Overvotes,U.S. House,5,DEM,Lincoln,31 East Toledo,0
Undervotes,U.S. House,5,DEM,Lincoln,31 East Toledo,23
Ed Jones,Governor,,DEM,Lincoln,31 East Toledo,48
Kate Brown,Governor,,DEM,Lincoln,31 East Toledo,137
Candace Neville,Governor,,DEM,Lincoln,31 East Toledo,30
Write-Ins,Governor,,DEM,Lincoln,31 East Toledo,9
Overvotes,Governor,,DEM,Lincoln,31 East Toledo,0
Undervotes,Governor,,DEM,Lincoln,31 East Toledo,22
Mark Dally,State House,9,DEM,Lincoln,31 East Toledo,
Caddy McKeown,State House,9,DEM,Lincoln,31 East Toledo,
Write-Ins,State House,9,DEM,Lincoln,31 East Toledo,
Overvotes,State House,9,DEM,Lincoln,31 East Toledo,
Undervotes,State House,9,DEM,Lincoln,31 East Toledo,
David Gomberg,State House,10,DEM,Lincoln,31 East Toledo,166
Write Ins,State House,10,DEM,Lincoln,31 East Toledo,6
Overvotes,State House,10,DEM,Lincoln,31 East Toledo,0
Undervotes,State House,10,DEM,Lincoln,31 East Toledo,74
Robert L Reynolds,U.S. House,5,REP,Lincoln,31 East Toledo,28
Mark Callahan,U.S. House,5,REP,Lincoln,31 East Toledo,85
Joey Nations,U.S. House,5,REP,Lincoln,31 East Toledo,39
Write Ins,U.S. House,5,REP,Lincoln,31 East Toledo,2
Overvotes,U.S. House,5,REP,Lincoln,31 East Toledo,0
Undervotes,U.S. House,5,REP,Lincoln,31 East Toledo,36
Knute Buehler,Governor,,REP,Lincoln,31 East Toledo,65
Keenen W Bohach,Governor,,REP,Lincoln,31 East Toledo,1
Greg C Wooldridge,Governor,,REP,Lincoln,31 East Toledo,45
Jonathan I Edwards III,Governor,,REP,Lincoln,31 East Toledo,1
David W Stauffer,Governor,,REP,Lincoln,31 East Toledo,1
Jeff Smith,Governor,,REP,Lincoln,31 East Toledo,10
Jack W Tacy,Governor,,REP,Lincoln,31 East Toledo,0
Brett Hyland,Governor,,REP,Lincoln,31 East Toledo,0
Bruce Cuff,Governor,,REP,Lincoln,31 East Toledo,4
Sam Carpenter,Governor,,REP,Lincoln,31 East Toledo,51
Write Ins,Governor,,REP,Lincoln,31 East Toledo,3
Overvotes,Governor,,REP,Lincoln,31 East Toledo,0
Undervotes,Governor,,REP,Lincoln,31 East Toledo,9
Teri Grler,State House,9,REP,Lincoln,31 East Toledo,
Write Ins,State House,9,REP,Lincoln,31 East Toledo,
Overvotes,State House,9,REP,Lincoln,31 East Toledo,
Undervotes,State House,9,REP,Lincoln,31 East Toledo,
Thomas M Donohue,State House,10,REP,Lincoln,31 East Toledo,114
Write Ins,State House,10,REP,Lincoln,31 East Toledo,1
Overvotes,State House,10,REP,Lincoln,31 East Toledo,0
Undervotes,State House,10,REP,Lincoln,31 East Toledo,75
Peter Wright,U.S. House,5,DEM,Lincoln,32 South Toledo,43
Kurt Schrader,U.S. House,5,DEM,Lincoln,32 South Toledo,140
Write Ins,U.S. House,5,DEM,Lincoln,32 South Toledo,3
Overvotes,U.S. House,5,DEM,Lincoln,32 South Toledo,0
Undervotes,U.S. House,5,DEM,Lincoln,32 South Toledo,20
Ed Jones,Governor,,DEM,Lincoln,32 South Toledo,31
Kate Brown,Governor,,DEM,Lincoln,32 South Toledo,132
Candace Neville,Governor,,DEM,Lincoln,32 South Toledo,27
Write-Ins,Governor,,DEM,Lincoln,32 South Toledo,3
Overvotes,Governor,,DEM,Lincoln,32 South Toledo,0
Undervotes,Governor,,DEM,Lincoln,32 South Toledo,13
Mark Dally,State House,9,DEM,Lincoln,32 South Toledo,
Caddy McKeown,State House,9,DEM,Lincoln,32 South Toledo,
Write-Ins,State House,9,DEM,Lincoln,32 South Toledo,
Overvotes,State House,9,DEM,Lincoln,32 South Toledo,
Undervotes,State House,9,DEM,Lincoln,32 South Toledo,
David Gomberg,State House,10,DEM,Lincoln,32 South Toledo,165
Write Ins,State House,10,DEM,Lincoln,32 South Toledo,5
Overvotes,State House,10,DEM,Lincoln,32 South Toledo,0
Undervotes,State House,10,DEM,Lincoln,32 South Toledo,36
Robert L Reynolds,U.S. House,5,REP,Lincoln,32 South Toledo,22
Mark Callahan,U.S. House,5,REP,Lincoln,32 South Toledo,61
Joey Nations,U.S. House,5,REP,Lincoln,32 South Toledo,30
Write Ins,U.S. House,5,REP,Lincoln,32 South Toledo,2
Overvotes,U.S. House,5,REP,Lincoln,32 South Toledo,0
Undervotes,U.S. House,5,REP,Lincoln,32 South Toledo,32
Knute Buehler,Governor,,REP,Lincoln,32 South Toledo,52
Keenen W Bohach,Governor,,REP,Lincoln,32 South Toledo,2
Greg C Wooldridge,Governor,,REP,Lincoln,32 South Toledo,28
Jonathan I Edwards III,Governor,,REP,Lincoln,32 South Toledo,1
David W Stauffer,Governor,,REP,Lincoln,32 South Toledo,1
Jeff Smith,Governor,,REP,Lincoln,32 South Toledo,2
Jack W Tacy,Governor,,REP,Lincoln,32 South Toledo,0
Brett Hyland,Governor,,REP,Lincoln,32 South Toledo,0
Bruce Cuff,Governor,,REP,Lincoln,32 South Toledo,4
Sam Carpenter,Governor,,REP,Lincoln,32 South Toledo,51
Write Ins,Governor,,REP,Lincoln,32 South Toledo,0
Overvotes,Governor,,REP,Lincoln,32 South Toledo,0
Undervotes,Governor,,REP,Lincoln,32 South Toledo,6
Teri Grler,State House,9,REP,Lincoln,32 South Toledo,
Write Ins,State House,9,REP,Lincoln,32 South Toledo,
Overvotes,State House,9,REP,Lincoln,32 South Toledo,
Undervotes,State House,9,REP,Lincoln,32 South Toledo,
Thomas M Donohue,State House,10,REP,Lincoln,32 South Toledo,96
Write Ins,State House,10,REP,Lincoln,32 South Toledo,0
Overvotes,State House,10,REP,Lincoln,32 South Toledo,0
Undervotes,State House,10,REP,Lincoln,32 South Toledo,51
